subject_id,window_id,start_time,end_time,trial_type,label,theta_power,alpha_power,beta_power,theta_relative,alpha_relative,beta_relative,theta_alpha_ratio,theta_beta_ratio,beta_alpha_ratio,mean,std,variance,rms,skewness,kurtosis,spectral_entropy,sample_entropy
sub-001,0,248.0,252.0,1-back,LOW,28.354845642033446,22.194468521298468,24.312028773553223,0.3787648541910227,0.29647435713263126,0.324760788676346,1.2775636242347186,1.1662887497434202,1.0954093696914924,-0.15851908063484982,14.76380174553603,239.38058933610023,14.810321574141486,-0.04264581915838437,0.15276316811349255,4.594721081518139,0.73638961048251
sub-001,1,250.0,254.0,1-back,LOW,26.795832440803125,21.616093677918432,23.81072950754889,0.37101699194589494,0.29929796253650554,0.3296850455175996,1.2396241818740807,1.1253679746480614,1.1015278644851707,0.22439470944643752,15.126398760492197,246.30715204333634,15.358746842974412,-0.03162481427723431,0.04527522393385762,4.8987969666874065,0.6967265439705949
sub-001,2,260.0,264.0,1-back,LOW,21.888722517434683,35.14185115248097,24.748328370894612,0.26765732935019737,0.4297178156652686,0.3026248549845339,0.6228676577810093,0.8844525654175908,0.7042408854192479,-0.08183263270668305,13.266994144954538,187.84465859756753,13.3058628655098,-0.11437597396256233,0.3002843094219484,5.032672833958659,0.7008994922342271
sub-001,3,262.0,266.0,1-back,LOW,32.15858399336841,29.76417884341802,22.9334531052875,0.37897735170421787,0.3507601477743973,0.27026250052138484,1.0804458662389702,1.4022565134752418,0.7705051507026189,0.04789478693759436,15.055613122352417,280.46976125087394,15.125433464620468,-0.0499809668067118,0.35431800685270914,4.742396792178392,0.7198693350440085
sub-001,4,268.0,272.0,1-back,LOW,26.693579349444008,30.66908627922927,33.98387723759042,0.29222320311043254,0.3357443567856802,0.3720324401038873,0.8703741319976107,0.7854777476631645,1.10808248175969,0.07159862707506691,15.75265971443064,287.5941768343681,15.813846470409652,-0.034315525215231145,0.28713066451586605,4.794819353480163,0.7438330754480048
sub-001,5,274.0,278.0,1-back,LOW,25.896780869068888,16.453112693530237,21.615353210534998,0.404857046216317,0.2572195609888691,0.33792339279481376,1.5739745634424622,1.1980734534769104,1.313754644070157,0.11702017181268318,15.231876126097793,273.7033628964321,15.325032336721746,-0.041059351301714,0.1369299818075331,4.690139772182333,0.6537368005294791
sub-001,6,280.0,284.0,1-back,LOW,54.24377940329761,56.57591849059283,37.14057508793904,0.3666104306928328,0.38237235813657044,0.25101721117059683,0.958778590794191,1.4604991784554415,0.6564732147320701,-0.062218663007534945,19.25029690833552,412.99721279298905,19.333828154702697,0.048795120769908815,0.7925396908279252,4.592136348347337,0.6878183304363572
sub-001,7,282.0,286.0,1-back,LOW,27.387074616714987,43.99646803296451,31.823504404553134,0.26536050975592573,0.42629325505113524,0.30834623519293897,0.6224834819966714,0.8605926697625605,0.7233195260289818,-0.1851740746513164,17.444691609717243,329.01265031106294,17.573523367373326,0.08975675053379846,1.3531346987744508,4.982817574560278,0.5943561314684359
sub-001,8,284.0,288.0,1-back,LOW,25.940420589349507,18.007419168595852,22.502066306897753,0.39037557952356383,0.27099239464723796,0.3386320258291983,1.4405407208262504,1.1528017132096782,1.2495997397639507,-0.06597523055020325,13.134765463828465,185.70228570845234,13.153940580216341,0.034443205140748216,0.04442920113805132,4.8197694915655065,0.6837642770927836
sub-001,9,286.0,290.0,1-back,LOW,21.081954996737977,17.317486213594698,21.881001085094574,0.3497312593264965,0.2872820031532577,0.3629867375202458,1.2173796321655546,0.9634821969411211,1.2635206296810788,0.12490118785752895,12.449366453332347,168.18778481718996,12.475264898301745,-0.04783911143038384,0.11875345305518226,4.997935676213707,0.7723655004290279
sub-001,10,288.0,292.0,1-back,LOW,40.44268395287238,25.872698526032465,28.30130060493234,0.4274371351301467,0.2734475325361743,0.29911533233367893,1.5631413133106296,1.4290044304827476,1.0938673666550969,0.09442246051498845,15.576366174967863,260.47923259344543,15.609846933853122,-0.14685306900547115,2.0734063574733215,4.592386559952296,0.6982893044721653
sub-001,11,290.0,294.0,1-back,LOW,36.55174978324016,28.513425214374994,30.53053911471414,0.3823576205549362,0.298270957847236,0.3193714215978279,1.2819136778001914,1.1972192710355418,1.0707426023065874,0.10900717240401785,15.38256089733638,254.70184677319727,15.416549611619228,-0.12710756350535357,2.0115879979131535,4.636341370179079,0.6626199329722091
sub-001,12,292.0,296.0,1-back,LOW,16.79384357619347,34.366519839467934,26.154005292765504,0.21721503850762244,0.44450365971522365,0.3382813017771538,0.48866872917713144,0.6421136414176241,0.7610315334498654,0.20439835815894866,13.448489239693226,194.8746912329582,13.526154585256593,-0.03442992459958414,0.03365748183611649,4.955777330215954,0.7798348530649253
sub-001,13,294.0,298.0,1-back,LOW,25.726468861596082,58.88808952100799,30.83614289094928,0.22283510258321249,0.5100713020484499,0.2670935953683376,0.4368704957293327,0.8342959413755688,0.5236397231047657,0.14594704172680348,14.676966306103836,226.90117221421946,14.705548894103476,0.13612547656755283,0.42753979019972865,4.862406035587683,0.6749415099725828
sub-001,14,296.0,300.0,1-back,LOW,20.94192506256746,30.573808485016105,24.03463050302912,0.27719158373000097,0.4046811536809287,0.3181272625890703,0.6849629176172433,0.8713229462765453,0.7861183049801674,-0.06422006973179903,13.742345283283475,197.44433839252324,13.831262368726794,0.1690883439041886,0.7276710863509849,4.94560730913214,0.6782442809391759
sub-001,15,306.0,310.0,1-back,LOW,34.60701719998656,127.17647936751511,39.2625201392267,0.17213480658245925,0.6325739820701403,0.1952912113474005,0.2721180628060874,0.8814262833172319,0.30872469763662597,0.04913935615099106,17.42410161122778,321.70132942407486,17.497601226122313,0.11516131112265642,0.19572037468864473,4.665292533220046,0.7023136604581962
sub-001,16,308.0,312.0,1-back,LOW,37.71629959252741,116.0783461130973,36.088447840164655,0.198629055848157,0.6113148039959944,0.1900561401558486,0.3249210628464651,1.0451072808554276,0.3108973296794133,-0.24621416380619401,20.5610187350949,450.63310989179223,20.679606761505312,0.055886155494282594,0.9517285009566162,4.632311693683675,0.6965061520505438
sub-001,17,310.0,314.0,1-back,LOW,50.7798240305114,83.00098228702544,53.781990262871204,0.27073505490595584,0.4425236976643338,0.2867412474297103,0.6117978683060623,0.9441789673887846,0.6479681177373042,-0.02816245357922559,20.859410514197727,477.5300027483018,20.884453163319165,-0.03445604060663612,1.4516881607440701,4.826425200334319,0.676655475649809
sub-001,18,318.0,322.0,1-back,LOW,31.377105365680702,42.899589404055845,28.728887823489583,0.3046155807844936,0.41647829490434835,0.278906124311158,0.7314080577823485,1.0921796053666184,0.6696774543201915,-0.08244586998058312,14.988891163215074,238.07466224439568,15.042298477922683,0.005428920234716395,0.19724415131059878,5.05759168740789,0.6907254025468758
sub-001,19,350.0,354.0,1-back,LOW,21.50853906853946,34.06031863379013,27.34589462006116,0.25940545519462616,0.41078719624411514,0.32980734856125865,0.631483789091789,0.7865363107470117,0.8028666705699045,0.7875393205958149,14.713533415288229,245.6485668571329,14.990450736654108,0.1027726585520921,0.009381507575021805,4.924920845992627,0.8013375501636901
sub-001,20,392.0,396.0,1-back,LOW,31.475376924130376,56.34844797644487,39.0784341838633,0.24802849965962553,0.444030298459475,0.3079412018808995,0.5585846292925035,0.805441097666281,0.6935139402632547,-0.16957821462637573,17.13841443667683,321.40560491781974,17.25544686028205,-0.06765236546498381,1.7136275881052214,4.985871936755998,0.7206061089556297
sub-001,21,412.0,416.0,1-back,LOW,22.283955167463784,23.285769278608843,21.448372852850415,0.33250653279620757,0.3474549445166513,0.32003852268714117,0.9569774097149815,1.038957841713495,0.9210935913787341,0.0033472005881234686,14.102418521916228,235.78606583725855,14.263328223337618,0.04104507606746744,0.09884783790951748,4.860176774804333,0.7568155586866188
sub-001,22,508.0,512.0,2-back,MODERATE,29.744454608508484,19.301948821194998,19.803003306807955,0.4320219449724719,0.2803502562493252,0.2876277987782028,1.5410078476556122,1.5020173530084104,1.0259587511216879,0.018998076980095896,15.161226465662008,250.76134989889005,15.47036767100802,-0.06308747722003255,1.9797792337123676,4.573885433331697,0.6873388647134433
sub-001,23,518.0,522.0,2-back,MODERATE,28.761610776098607,60.513263459326794,34.92579781699709,0.23157371293416945,0.48722170709177337,0.2812045799740572,0.4752943261014232,0.8235061923797027,0.5771593832560693,0.10347076343109297,18.153167235012216,358.0440139816694,18.27847298430796,-0.10712491313910834,0.9539071668570123,4.631316153309324,0.6418551489498399
sub-001,24,520.0,524.0,2-back,MODERATE,44.04679381096256,61.90844631089943,29.64852973793064,0.32481983249067997,0.4565392715476096,0.21864089596171038,0.7114827852368152,1.4856316384084167,0.47890928467236954,0.11214883371846683,18.19422667910726,353.9638780374381,18.235169672503556,-0.1651237435247727,1.4494982874083069,4.483179426202682,0.6791780036582502
sub-001,25,526.0,530.0,2-back,MODERATE,25.597734396504062,19.776540971431732,19.296186649927517,0.3958180225994588,0.3058048505354584,0.2983771268650827,1.2943484117612556,1.32656958915767,0.9757109030240367,0.2544828064407123,14.385905313859151,244.3457398057929,14.497523453221783,0.048816702295702605,0.17700925655381922,4.6718962597400076,0.6738444516129307
sub-001,26,554.0,558.0,2-back,MODERATE,26.629925241348957,58.9783200830806,40.51747248444412,0.21113794794573917,0.4676153373608878,0.321246714693373,0.4515205791524133,0.6572454698790253,0.6869892602462845,0.04114691781807553,15.914756426909452,274.30158143288037,15.977192348087257,-0.01673264298370859,0.46978285076496745,4.961230419336806,0.7110103266659694
sub-001,27,588.0,592.0,2-back,MODERATE,36.382157846050916,18.605647616602162,22.118601999785877,0.4718435087742073,0.2412983334188612,0.2868581578069315,1.9554362522477555,1.6448669697299638,1.1888111854837582,0.12762230987860487,13.260387067014483,202.95433789891737,13.33695518274039,-0.021091853631846447,-0.134719186148158,4.9746940967723985,0.6793947084390008
sub-001,28,626.0,630.0,3-back,HIGH,24.437388596807477,20.183528725434698,21.507334779534663,0.36954535799912447,0.305217937627787,0.3252367043730885,1.2107589772452518,1.1362350959478675,1.0655884346145945,-0.03522668439512636,16.00158387365491,282.13559080738185,16.0152865299444,-0.022727952528590587,1.8263337294383537,4.562757236644068,0.6045774060033393
sub-001,29,632.0,636.0,3-back,HIGH,43.026398886125605,44.5852588687777,37.824854254471404,0.3430133554966034,0.35544083739705346,0.30154580710634316,0.9650364263390262,1.1375165809406738,0.8483713050942833,-0.015575087139737268,17.99958519247092,351.7318885095719,18.119890031825445,-0.04630757124115082,1.6121899524096548,4.703635692867738,0.6268695038257043
sub-001,30,672.0,676.0,3-back,HIGH,32.164530903308744,22.841103918917387,29.150429353917065,0.38220098834454336,0.2714136425285969,0.34638536912685985,1.4081863563813803,1.103398187134649,1.2762268171186852,0.9262021197486155,14.988051993261237,237.6762133069579,15.350470909284555,0.014105361228392413,0.6361324500366132,4.689544459103301,0.7362172446299886
sub-001,31,674.0,678.0,3-back,HIGH,24.74415126045261,17.256122559108366,38.70477950141717,0.30659977587823134,0.21381712605377684,0.47958309806799176,1.4339346035411535,0.6393047985080655,2.2429592377337095,0.6959046733983826,13.99713544665839,206.03268390265237,14.277540115749773,0.051903920267840374,0.16805011312240836,4.887992697745553,0.7135240110959348
sub-001,32,698.0,702.0,3-back,HIGH,33.05012918832073,20.405026978581347,24.36918702464084,0.4246759796864209,0.26219337217353783,0.3131306481400412,1.6197052433703045,1.3562261701591514,1.1942736978598743,-0.03759082868639177,14.775025705271625,251.66106735797865,14.817146381530568,-0.03962234265251876,0.2476139101721017,4.696798929079541,0.6928012250156497
sub-001,33,722.0,726.0,3-back,HIGH,44.25501380253163,57.01386762264688,30.83317887006789,0.3350062346009006,0.4315895414138252,0.23340422398527425,0.7762149043358845,1.4353049352784488,0.5408013901835425,0.02754729633843392,15.71616746171135,258.8635526699281,15.759466236056952,-0.1508127011606003,1.8490116135400707,4.934819218290815,0.637041895533357
sub-001,34,724.0,728.0,3-back,HIGH,43.40379685028937,69.05518764523711,32.97617983829339,0.2984408691605276,0.4748176822404074,0.226741448599065,0.6285378163516296,1.316216646777471,0.47753370836822034,0.044981029443292235,16.522639433289015,286.891766152052,16.575416532709596,-0.09784569630992065,1.460299206491515,4.955766726832211,0.6510001565994911
sub-001,35,742.0,746.0,3-back,HIGH,36.01660011385204,31.464881556075046,27.40913076707402,0.3795591490966912,0.3315910894448586,0.2888497614584502,1.1446602794186644,1.314036567592212,0.871102302362935,0.0026418114320208488,14.669004041459617,226.3971479422941,14.70686639091638,0.016501488293466236,0.03046649543484876,4.913075217222424,0.6660590500888465
sub-001,36,780.0,784.0,4-back,HIGH,28.407036213390807,28.616459371408276,33.74619505537087,0.3129572879784535,0.31526448057259454,0.3717782314489519,0.9926817236437464,0.8417848639463041,1.1792582239956595,0.012980539823908566,18.882599298216785,394.6344165294045,18.98141399729345,-0.04287830328091682,1.080966195479883,4.166294637449745,0.662591260546061
sub-001,37,836.0,840.0,4-back,HIGH,20.04125465019629,13.898606938641256,23.973705984598062,0.34605456872922846,0.23998878882772218,0.41395664244304936,1.4419613950285255,0.835968150400769,1.7248999191383536,0.14403409246536483,17.6200703659333,342.27530253047956,17.683293464521665,-0.16967913006522642,0.35508038350366816,4.189098203042039,0.6136072704510493
sub-001,38,868.0,872.0,4-back,HIGH,30.781012918365185,25.555846403588475,27.700950821259575,0.36627576165906334,0.3040993852652445,0.32962485307569217,1.2044607105653526,1.1111897608489945,1.0839379132193363,-0.1762322516057055,15.917469724377606,306.22517441433587,16.066224309020626,-0.059222213182464845,-0.05241489750571678,4.711182337029109,0.6772905853295019
sub-001,39,938.0,942.0,4-back,HIGH,32.19911202046682,32.21668191402832,38.46074086815887,0.31298791393230463,0.3131587001431272,0.37385338592456807,0.9994546336705814,0.8371942737880026,1.1938144645309254,0.029619228616143214,16.408865792395538,308.3957203854542,16.4821290716154,0.10887361782251541,0.49641753011334255,4.871923231623118,0.7971726994714607
sub-001,40,944.0,948.0,4-back,HIGH,26.842281303185395,19.47567761089336,42.70046101260415,0.301536258734913,0.21878255789008455,0.4796811833750024,1.3782463357357928,0.6286180679703247,2.1925019434867026,0.36828881375243855,17.83556100852705,361.9405171214589,18.082113558095823,0.07572959503041782,0.12037209008757986,4.893065253262786,0.7975123207994882
sub-002,0,240.0,244.0,1-back,LOW,41.426399056707126,32.8019298766618,24.857075641543236,0.4180878024814166,0.33104703984795614,0.25086515767062734,1.2629256635958341,1.6665837789652072,0.7577930851937087,-0.8585880181120286,16.100235320926227,294.70371931943873,16.206389235304027,-0.19021142679688385,0.40757937639847325,4.819703832282602,0.6242883917543655
sub-002,1,250.0,254.0,1-back,LOW,58.2639079451857,89.7868824204092,46.41566585503024,0.29960903837875474,0.46170884257048744,0.23868211905075787,0.6489133643417593,1.2552638612825462,0.5169537531963536,-0.24001894508564728,19.319789877058795,402.3066513216344,19.36312609964707,-0.26755037960228323,1.874617912846332,4.689240247507117,0.7513695176300855
sub-002,2,252.0,256.0,1-back,LOW,59.4864795370363,66.01897375403549,39.63902326948964,0.3602087140663257,0.39976495205290835,0.24002633388076594,0.9010512607884961,1.500704977834894,0.600418652631156,-0.41233964139987017,19.90500366853525,427.72755247092306,19.959804687954037,-0.24484851433268323,1.6215414047331567,4.563758210428357,0.587131706086004
sub-002,3,254.0,258.0,1-back,LOW,37.52082740596758,43.47080059120378,34.304450855744435,0.3254302121916325,0.37703624462944535,0.29753354317892217,0.8631271312164385,1.0937597445809148,0.7891377749938625,0.06872396074436818,15.329827031972242,258.06081786717334,15.367284189721776,0.033476640247182894,0.0316172253657775,5.097179129256839,0.7569842760703157
sub-002,4,260.0,264.0,1-back,LOW,30.613282513292376,36.24188754169565,32.089088656940724,0.30939928108836934,0.36628590696921676,0.32431481194241396,0.8446933807758312,0.9540090976273601,0.8854143874273325,0.44659523837214077,15.761434305498375,306.39905427163757,15.817865155351653,-0.025591705939654718,-0.17151262983917737,4.962386664917793,0.7295350367747027
sub-002,5,274.0,278.0,1-back,LOW,39.88551336097282,40.39537970035965,34.328311873982614,0.3480131755864114,0.3524619137106711,0.2995249107029174,0.9873781025659654,1.1618839139946757,0.8498078772527785,-0.383721636619702,20.034842059822974,462.1937607118278,20.088736012267944,-0.23224922219679556,0.9690622156478094,4.612986951089419,0.6236064250876898
sub-002,6,276.0,280.0,1-back,LOW,46.64765044222225,26.440805878020605,30.388223265956288,0.45080351078876063,0.2555242976848192,0.2936721915264202,1.7642295267936197,1.535056855215398,1.1492926276962323,0.28225361322574777,18.171430909103474,381.85150973464306,18.212716480885955,-0.2533338507980082,1.6162678783010613,4.543871165841988,0.6448922069564186
sub-002,7,278.0,282.0,1-back,LOW,41.44261851507319,22.597291755194963,29.368500925579717,0.44367116391885886,0.24191923902672527,0.31440959705441585,1.8339639530275047,1.4111247496114798,1.2996469330811777,0.6642945830542766,16.22358160355791,300.1267636782608,16.311002318639236,0.05846156677650181,0.035676258720482905,4.807000629012392,0.7535252507390118
sub-002,8,300.0,304.0,1-back,LOW,32.37969546687756,20.23461531835423,31.77047205878495,0.3837148639314585,0.23978986064060193,0.37649527542793954,1.6002130486516775,1.019175774504243,1.5701050679212507,0.33216964596838816,13.661179502461813,199.6197856796879,13.732016526219748,-0.09250629376399506,0.009569184008437127,4.954214568914164,0.7095078114747857
sub-002,9,322.0,326.0,1-back,LOW,41.3336706192251,47.021627837576226,27.949760255308085,0.3553901358799756,0.4042956373374019,0.2403142267826225,0.8790352975869176,1.4788559988229313,0.5944022259682956,-0.4345427198811746,16.82215337825405,326.9075131427109,16.86281138197616,-0.08984928796129589,0.32063142415301565,4.840950879339759,0.691325306456098
sub-002,10,328.0,332.0,1-back,LOW,27.353410232602307,50.85477737677512,39.766083815515046,0.23185911557009847,0.43106667888304334,0.33707420554685824,0.5378729716963493,0.6878577825139061,0.7819537488266703,0.09980561157105222,16.289682649957992,294.1638196419676,16.31764373836778,0.04975600693825344,0.24314703424986459,5.010466024792666,0.654783947295324
sub-002,11,330.0,334.0,1-back,LOW,39.456188726526946,63.96437952815805,38.66407642751089,0.2776949529963603,0.45018502647649716,0.2721200205271425,0.616846266900123,1.0204870353104423,0.6044626198631444,0.7186979015050042,17.098113160545154,324.74833892720545,17.234600243123253,-0.05237003127529493,0.1933578917886019,4.986975265884988,0.7434963908124963
sub-002,12,336.0,340.0,1-back,LOW,36.15405141972488,48.06352454458256,25.88950399822563,0.32835355757347556,0.4365162036895128,0.2351302387370116,0.7522139036264237,1.3964752442612551,0.5386517997491248,-0.18723649475144574,17.07498590987776,336.5719028984769,17.10129129937725,-0.07227565501250445,0.24278578372470005,4.582356637884128,0.7073158044296368
sub-002,13,338.0,342.0,1-back,LOW,30.823880215149835,43.61731577704887,28.179036893451038,0.30036844926572176,0.4250362189847286,0.27459533174954964,0.706689067541592,1.0938585421389428,0.646051605685434,0.00832923067530158,16.246506390076682,307.4855111148442,16.26533454263206,0.00604648122913705,0.1886069842844208,4.785240479402293,0.767204230314583
sub-002,14,340.0,344.0,1-back,LOW,38.28790485557516,52.78398475949178,35.62151753981593,0.30220913396675914,0.4166277152445927,0.28116315078864823,0.7253697315583987,1.074853276893071,0.6748546496086649,0.24717721020846325,17.779655801101423,336.7682727704113,17.86845054484603,-0.01648561210432629,0.22360192663076614,4.647716602466737,0.7535107088606348
sub-002,15,358.0,362.0,1-back,LOW,27.171956238220183,30.88580223942556,38.570445396454126,0.28120108983525594,0.31963547909539647,0.39916343106934754,0.8797555597741712,0.7044760815937626,1.2488082743474658,0.31597834813178005,18.000918481197598,373.49562182253527,18.027609771719252,-0.10852475182584698,3.1940899810397867,4.954493537168126,0.7103639005203537
sub-002,16,360.0,364.0,1-back,LOW,40.59241019084007,45.095318117578266,34.57992978874965,0.3375172580316164,0.37495797981818485,0.2875247621501988,0.9001468863131725,1.1738719667396935,0.7668186240218652,0.05669314183413963,18.624388000930885,388.39744594150505,18.657914673483763,-0.09717859937077321,2.318907591236537,4.47814442493458,0.6455889525411038
sub-002,17,366.0,370.0,1-back,LOW,28.577164083762867,40.34655946205235,41.949777947716186,0.2577456623883221,0.36389722448159767,0.3783571131300803,0.7082924656968806,0.6812232503204145,1.039736188340216,-0.025303438276280094,16.745240723624562,299.3497088267225,16.95107493585358,0.07084126424143371,0.2393636856769602,5.02220738426674,0.741250870687516
sub-002,18,402.0,406.0,1-back,LOW,42.37181877437713,44.703507491115275,34.869673345584346,0.34746663585645154,0.3665874585566416,0.28594590558690686,0.9478410342364845,1.2151481418951349,0.7800209715650303,-0.22343777911815899,21.703077991029158,507.3694605453585,21.75280937219341,-0.19939421671372856,1.9161223083998336,4.060694294276985,0.697273674895569
sub-002,19,572.0,576.0,2-back,MODERATE,41.68599296596371,34.04585285619341,41.824009792686766,0.3546058403295734,0.2896142661556572,0.3557798935147694,1.2244073644458713,0.9967000575170297,1.2284612158005728,-0.3710001155147602,18.476063046145715,388.46482999691233,18.608522564902692,-0.025118863402280135,1.1996418636380708,4.747648543971881,0.7370459129679716
sub-004,0,326.0,330.0,1-back,LOW,58.78856148738513,124.2733808131271,97.72557583236846,0.2093702806958957,0.44258869354126923,0.34804102576283513,0.47305835813533487,0.6015678187276877,0.7863757724538031,-2.218827133722363e-09,24.53971301518736,631.3433588778116,24.75472082599344,0.17299567738719013,0.23278301098317197,4.984187578063982,0.6904732376160726
sub-004,1,428.0,432.0,1-back,LOW,58.01025751279344,205.58953848179738,125.01092195341785,0.14927601024260606,0.52903723182772,0.32168675792967394,0.2821654153279282,0.4640415141839326,0.6080607159127708,-1.3112128926488703e-09,25.31699165675143,692.4649580987516,25.41531169499152,0.07671820330460456,0.0055010673559116215,4.914382451917519,0.739832513551631
sub-004,2,886.0,890.0,4-back,HIGH,77.36330442099943,224.77585336715578,106.3550737837495,0.1893865284787544,0.5502546572131701,0.26035881430807545,0.34417978293527746,0.7274058647949538,0.4731605828230395,-4.205499755456132e-09,28.46373403101588,858.5348035630225,28.58682513107964,0.01605354213358128,-0.05830451824487767,4.991875650055938,0.7033856482255091
sub-004,3,934.0,938.0,4-back,HIGH,45.582339316680894,103.88642644190506,132.43950937918098,0.1616920939777489,0.36851144717598794,0.46979645884626325,0.43877088545510096,0.3441747823617827,1.2748490242201493,3.8716061935342865e-10,24.258124458386693,608.9296604326273,24.486603613080007,-0.005724555447290844,0.7797741131122904,5.3390084845226635,0.6758333845973795
sub-005,0,326.0,330.0,1-back,LOW,68.04521678476955,66.17927532516099,180.91862895572515,0.2159184581109523,0.20999752462111795,0.5740840172679298,1.028195253732238,0.3761095094382002,2.7337656398745867,-3.4281102868685832e-09,24.038736275161522,621.22290339336,24.119772597736443,0.0494223075456583,0.12256965177032332,5.426931094002993,0.7678348067219254
sub-005,1,328.0,332.0,1-back,LOW,68.64015210324862,69.61866502577057,154.77036072519718,0.23424340403875235,0.2375827060484954,0.5281738899127523,0.9859446755814733,0.4434967508095609,2.22311589381822,3.435639212450977e-09,24.435822024633055,651.614511571432,24.452166874688658,0.10116213682973534,0.09097697351640795,5.243971853692986,0.885910145918287
sub-005,2,334.0,338.0,1-back,LOW,66.40567800929747,65.15384019742392,166.20523013450384,0.22301390066899224,0.21880978376513696,0.5581763155658708,1.0192135691170365,0.3995402428404797,2.5509659849808104,-7.732918489755073e-09,23.463211891883507,586.6537419359328,23.48537733327249,0.031876619471871724,0.006173061058960235,5.437087328195197,0.7432683796791564
sub-005,3,342.0,346.0,1-back,LOW,75.59304250065283,82.2144425100519,206.12729238443137,0.20771041185376726,0.22590433126095266,0.5663852568852801,0.9194618389756823,0.366729905711226,2.507190781707598,-2.9183386672150315e-09,25.4777437119019,689.5704334508531,25.488488444806762,0.02128630619350409,0.13809264448067166,5.366766566035062,0.728040664772941
sub-005,4,344.0,348.0,1-back,LOW,61.56044639050763,76.81243111665894,215.32447055220615,0.17404836855088296,0.21716993790907638,0.6087816935400407,0.8014385887228677,0.2858961929994951,2.8032502997487727,6.027471329068434e-10,24.187902750251368,631.4224000064453,24.2179950185964,0.003046876076181774,0.146320823039723,5.534738499198063,0.7901805144724198
sub-005,5,346.0,350.0,1-back,LOW,65.5548775827759,58.71008203536329,155.55750103179716,0.23427310813618496,0.2098118996559422,0.5559149922078728,1.1165863734152122,0.4214189425000854,2.6495875263485242,-1.3467610769281106e-09,23.562308781786726,599.6647784109509,23.614200702291395,-0.016915231855418333,0.10230076794242851,5.432010888285322,0.8570187735960669
sub-005,6,354.0,358.0,1-back,LOW,84.02731351429244,88.02665864384905,205.30269275021936,0.22267345810547176,0.2332717739733731,0.5440547679211551,0.9545666597918054,0.4092850044423134,2.332278606426067,-1.8006288974479084e-09,25.069614547946045,671.6636389486215,25.131509787114183,0.04549553494602796,0.020485893060887165,5.469938752011162,0.7619657406565031
sub-005,7,356.0,360.0,1-back,LOW,70.40317761996447,70.44614045500107,166.58355758257255,0.22900341243396952,0.22914315947613187,0.5418534280898986,0.9993901321667998,0.4226298119792936,2.3646938853801545,-2.692855494146329e-09,23.15518008184247,572.9282083060149,23.16817199248332,-0.009353796596180792,-0.061350832513811474,5.483390746661431,0.8514891889998072
sub-005,8,362.0,366.0,1-back,LOW,91.23026128951017,63.62613197447416,161.82181541719154,0.2880850617080465,0.2009173041601086,0.510997634131845,1.433848930595221,0.5637698542332512,2.5433231660556075,6.166236877827726e-10,25.923437520835986,726.5200503505964,25.98519946996606,0.0729620672690794,0.5801906738364648,5.273923585302907,0.7069342145500448
sub-005,9,364.0,368.0,1-back,LOW,74.0931869406128,64.65529390479958,150.14245244483723,0.2564746013201153,0.22380520277471014,0.5197201959051745,1.1459724713294144,0.49348592442790185,2.3221989009269923,6.136827171249778e-10,25.19533780675713,678.0988063645877,25.21053946444101,0.06686650233896146,0.46237574499911516,5.256880373282635,0.7278252517374884
sub-005,10,366.0,370.0,1-back,LOW,59.416558141986904,96.76439676650682,197.29603942235607,0.16809172617998952,0.2737501968117807,0.5581580770082298,0.6140332614831412,0.30115433799860797,2.03893214875749,-3.405601566834542e-09,25.5538393114165,689.4598673245814,25.58042033466412,-0.05660583984361528,0.3546333732493483,5.349828935608313,0.8167443780147641
sub-005,11,368.0,372.0,1-back,LOW,73.21310952306393,111.19968277659616,208.12157138452463,0.1865138859077517,0.28328649174282833,0.53019962234942,0.6583931509062979,0.35178049558253466,1.8716022041416047,-4.029078100393535e-09,26.370468965749218,728.5102960305147,26.403782573980934,-0.0009584109337174756,0.3307577584460035,5.228798223088505,0.8260843421439633
sub-005,12,394.0,398.0,1-back,LOW,72.35664591651302,71.71227369364554,176.04591162929202,0.22603340693824078,0.22402046608082243,0.5499461269809367,1.0089855221383752,0.4110100896229714,2.454892343552782,1.5773588575646912e-11,24.66410143885037,652.5310497491788,24.67846955476972,0.17292567680771592,0.23629089021807148,5.309860180122895,0.8152013751365278
sub-005,13,396.0,400.0,1-back,LOW,68.66569193973933,67.60908725732827,175.03486207035087,0.22057039949095164,0.21717633601733302,0.5622532644917154,1.0156281459382746,0.39229723226302704,2.5889250864184463,3.714129267298311e-09,23.825956992762926,603.7476707307527,23.848356098287375,0.11524827404569332,-0.003150807768925781,5.268833973024496,0.7722134350257055
sub-005,14,398.0,402.0,1-back,LOW,63.14165022224762,71.38522566467694,169.30621492507274,0.20781689727574065,0.23494881835911663,0.5572342843651428,0.8845198657611244,0.3729434873385555,2.3717262689672967,3.844171263475547e-09,24.998124344722058,663.0119460593684,25.015816137466196,0.09966015758991952,0.23533717205504878,5.083785182445897,0.7899451632648964
sub-005,15,416.0,420.0,1-back,LOW,84.59970575629848,118.13114425950262,199.708338378219,0.21021736499843202,0.2935378752027568,0.4962447597988111,0.7161507347330479,0.42361629185496874,1.690564665483245,-3.7225062856755267e-09,25.672528424475992,695.3852551878197,25.693480999006244,0.06575384336146291,0.06905475945813219,5.414724532587853,0.6919551774557192
sub-005,16,418.0,422.0,1-back,LOW,89.50173191388473,116.41969625783885,193.23212399947877,0.22422882478945402,0.29166644171039435,0.4841047335001516,0.7687851350828304,0.46318246708361055,1.6597889378745732,4.6721219875379165e-09,26.466077219291755,749.2681310735949,26.479118997305488,0.08860707251355736,0.018271606345569635,5.2840824793899905,0.7277346544530683
sub-005,17,420.0,424.0,1-back,LOW,80.00800539943162,93.24525225909333,159.0133561899893,0.24079459706387643,0.28063382949935906,0.47857157343676443,0.858038382234407,0.5031527370810159,1.7053238887504025,5.559760587587074e-09,25.07563380996693,670.4272714276842,25.08888409868739,0.08631004388727102,0.0859026970707914,5.191032250178322,0.7472683075946627
sub-005,18,422.0,426.0,1-back,LOW,72.42056845355815,72.78176276788594,156.26020872814712,0.2402307380070104,0.2414288779629339,0.5183403840300558,0.9950372964243844,0.4634613574563404,2.146969278917974,1.3602995922661576e-09,23.824996239726172,601.4648749856141,23.845457115890405,0.05972664325306393,0.00899406688472477,5.286909267421645,0.7318871053842325
sub-005,19,430.0,434.0,1-back,LOW,80.80546783886294,79.32876546307962,187.6867681961584,0.23231911670320496,0.22807353529948576,0.5396073479973094,1.0186149673093121,0.4305336418516736,2.365935825429045,1.0960245319511697e-08,26.095060949413714,725.9764431335967,26.1166565495449,0.045870803841187024,0.29684605908221035,5.24455399711228,0.8301874151844129
sub-005,20,444.0,448.0,1-back,LOW,73.68092067744617,90.63202438962507,228.593700478278,0.1875278046650955,0.23067063236822838,0.5818015629666762,0.8129678353061333,0.3223226209789961,2.5222177482824253,-7.486242316115534e-09,25.738068323951925,696.3532197092893,25.756394956030316,0.0011789264838284084,-0.09825113941679545,5.4112562876618275,0.775826865284021
sub-005,21,446.0,450.0,1-back,LOW,68.4026196329779,111.34628453082348,191.62415369333027,0.18418842774343797,0.2998232698228172,0.5159883024337448,0.6143233240444796,0.35696240956371017,1.7209748354044434,-8.601891503184035e-09,24.986249252974225,651.2632739516406,25.01059181773266,0.055606369528715206,0.06473847741199901,5.423993923870131,0.7801377464404757
sub-005,22,448.0,452.0,1-back,LOW,70.99952158378281,80.91544542721014,166.11775312321365,0.2232459652384878,0.25442490757889513,0.522329127182617,0.8774532625869619,0.42740477913351443,2.052979530003944,-3.365270495018984e-09,24.883679533999917,666.1706045081752,24.90847923958384,0.0903079431633544,0.10041286831045323,5.325270666482236,0.7827054201985347
sub-005,23,450.0,454.0,1-back,LOW,78.21927582216688,118.98031184458459,198.7783176089778,0.19753444517996743,0.3004720977089256,0.501993457111107,0.6574136057429324,0.3935000394561852,1.6706824391973993,4.47556373102471e-09,25.961138641824764,717.0573445618473,25.979492485667425,0.07448286656098124,0.13046603779856386,5.469415330102154,0.7132642909199267
sub-005,24,456.0,460.0,1-back,LOW,83.9974048377538,89.76320129534393,174.2625030100869,0.24135582560753274,0.2579231060728594,0.5007210683196079,0.9357665906029891,0.48201651753442193,1.9413579339346267,-1.1323486709694695e-09,26.822484398229474,766.5113856182546,26.86655527039751,0.04012836190932419,0.10672687402676512,5.182738046536971,0.768605898077996
sub-005,25,462.0,466.0,1-back,LOW,77.72432244804013,69.93968341057278,179.46922557762895,0.23759225593437933,0.21379571590299898,0.5486120281626217,1.1113050368239232,0.43307883119170576,2.566057162770894,2.0545955580150564e-09,27.14675109353257,783.4537582292545,27.161064601362717,0.1072577225226155,0.17990192862966647,5.103302518547509,0.7170193660941588
sub-005,26,476.0,480.0,1-back,LOW,92.50260112037215,166.53829441555695,209.88065621929218,0.19726668730435926,0.3551517173654892,0.44758159533015157,0.5554434278614249,0.4407390504045381,1.2602546276568956,5.779435035809624e-09,29.834722773583536,926.4087644028133,29.860596166800526,0.04468964599177166,0.5814042659973776,5.387864221854617,0.6938667200877543
sub-005,27,478.0,482.0,1-back,LOW,84.68801737863026,130.88919669102955,239.07618073942066,0.18626940510186385,0.2878878683969642,0.5258427265011719,0.6470206825284484,0.3542302588099956,1.8265539615448314,7.797204192247351e-09,29.199891857744056,901.9770131583621,29.22561620753024,0.1788664606909718,0.3419309232726849,5.4049463044574395,0.7040512488579445
sub-005,28,480.0,484.0,1-back,LOW,81.16690012524779,160.14288999099716,245.5311572313938,0.16672159679142376,0.3289429347787458,0.5043354684298305,0.506840485580164,0.33057678316872174,1.5332004889208442,1.083691779587968e-09,28.07028401052032,835.2994277368371,28.080435410575948,0.20076559810588246,0.5204822296560514,5.312805245471445,0.7645738615868348
sub-005,29,482.0,486.0,1-back,LOW,82.88453571227522,157.5619798437282,235.6693189863423,0.17408481234812506,0.3309320304273868,0.4949831572244881,0.5260440100745184,0.35169845641671593,1.4957245346883927,-2.7195209534606367e-09,27.87157141594231,815.0981050668343,27.913635045731805,0.13182241858653576,0.3903834128744425,5.388512059112962,0.6692437235392303
sub-005,30,484.0,488.0,1-back,LOW,75.04146605496972,112.44544867992514,213.93250600964853,0.18694029779571839,0.28011960276202863,0.532940099442253,0.6673588565471824,0.3507716870833331,1.9025448208100029,-2.7609402717282114e-09,27.557127346401916,801.5252380941263,27.573747254471186,0.14122630894330698,0.07994339992252857,5.163516010446327,0.76475770705064
sub-005,31,496.0,500.0,2-back,MODERATE,56.82883490685896,58.57649494207117,142.56992705367006,0.22028792834312388,0.22706245414918616,0.55264961750769,0.9701644825805888,0.39860324039771655,2.433910174971439,-1.0735018955636788e-09,22.76111863270361,556.5867467972082,22.78688349981868,0.06489368449244297,0.3352971090524201,5.3316563216226145,0.8198193469723533
sub-005,32,498.0,502.0,2-back,MODERATE,75.09422810025957,54.605689806043394,146.31711397026626,0.2720637476235184,0.19783449388899402,0.5301017584874876,1.375208854003867,0.5132292871462719,2.6795213921841685,5.081071715420499e-09,22.311005085245235,535.7811774357615,22.335053797236935,0.03898374328614411,0.2607509314808742,5.296288451558922,0.8592475856587205
sub-005,33,500.0,504.0,2-back,MODERATE,67.215137716007,48.79300188563793,135.71479977824038,0.26702031162352635,0.19383613589543552,0.5391435524810382,1.3775569265762182,0.4952675598080486,2.7814398486145944,4.8726467349295624e-09,21.853046369892088,517.4504043102728,21.865205482089806,0.00632241191268585,0.23103270720997418,5.2563664003160735,0.7601697465690355
sub-005,34,508.0,512.0,2-back,MODERATE,72.70775492367972,90.61789934797312,173.14282790142644,0.2160908339886613,0.26932061738061785,0.5145885486307209,0.8023553342864596,0.4199293485322629,1.910691255781126,2.439045737308956e-09,24.354385638142436,631.6138471957426,24.367908268379825,0.14036394036031843,0.20447015808850202,5.289348526052369,0.8074066674878303
sub-005,35,514.0,518.0,2-back,MODERATE,55.46450816022702,69.14870127761912,193.82437948428446,0.17417701329785562,0.21714993356053974,0.6086730531416047,0.8021048426860162,0.28615857462205446,2.803008240257699,-2.6198545672054994e-09,23.019789434252772,573.1080146247273,23.031914842716855,-0.0063507608297553135,0.08197957110442768,5.443364321463241,0.7043047423069524
sub-005,36,516.0,520.0,2-back,MODERATE,57.507619391942264,64.29221757447358,166.9601150969871,0.19915372260248657,0.222649356723667,0.5781969206738465,0.8944724814527931,0.34443926538105285,2.5968946381976488,-6.7491913870542036e-09,22.988864170827267,574.5065778795471,23.01565944994215,-0.046560523902688444,0.191727589648625,5.431736382396862,0.7454543249074279
sub-005,37,518.0,522.0,2-back,MODERATE,59.427958482692226,57.906390843513414,177.46865959954891,0.20158531861409534,0.19642401566565082,0.6019906657202538,1.0262763335275151,0.3348645254705202,3.0647508334467144,1.0373763018191683e-09,23.0627096151298,575.7755651008534,23.084901259179713,0.028364962472421713,0.0823549246877596,5.404175101603297,0.8376452904383781
sub-005,38,536.0,540.0,2-back,MODERATE,67.59147459292234,66.72806121617039,202.09860581384405,0.2009150703551535,0.19834858160223814,0.6007363480426083,1.0129392846280196,0.3344480003745391,3.028689911417192,7.307108064823428e-09,26.116877844616425,739.8332365889049,26.152904734119463,0.01260542563749466,0.09519906563256861,5.416734219217953,0.799855341117679
sub-005,39,554.0,558.0,2-back,MODERATE,62.23002598497629,59.430803788021635,165.12753121178557,0.2169893707376713,0.20722878565903494,0.5757818436032938,1.0471005273113745,0.3768603910462556,2.7784838953342117,-4.561544516381694e-09,23.957380778064955,630.4714743038767,23.986574656258465,0.16586194469319523,0.24011970290216428,5.379130451087956,0.8208029424961915
sub-005,40,556.0,560.0,2-back,MODERATE,74.55951581562776,68.34452584305359,186.07542039454623,0.2266388161445906,0.20774708979247986,0.5656140940629296,1.0909361780758606,0.40069513564733594,2.722608988784997,8.349479236657268e-10,24.19399771202351,637.3216422084242,24.22771520838066,0.055061897246578596,0.10366662473576292,5.390101009326665,0.7956440077643181
sub-005,41,562.0,566.0,2-back,MODERATE,58.52759139717779,71.12919631645744,183.79442619312132,0.18671993854389154,0.2269227017178389,0.5863573597382695,0.8228349879954433,0.3184405131833548,2.583951959409333,-1.0106884043132052e-09,23.587881509176245,597.7003419040135,23.59740778968189,0.03376424102080076,0.028474392118701432,5.523360149219336,0.8406859713202927
sub-005,42,564.0,568.0,2-back,MODERATE,65.5632163490188,70.20788499038935,202.86281036185642,0.1936108998051478,0.2073267991314621,0.5990623010633902,0.9338440597946178,0.32318992442266997,2.889459074142826,1.4053608803004336e-09,23.43965479951767,592.6510393106986,23.45147096983089,0.036307320700300315,-0.0875942646849954,5.536878664517524,0.8424934358774039
sub-005,43,566.0,570.0,2-back,MODERATE,55.44485548938911,76.34790692579742,185.24420305685797,0.17488451356716667,0.24081705050425606,0.5842984359285773,0.7262131697110702,0.29930683160093885,2.4263167192899857,4.461579351580793e-09,24.14565517444797,624.5624975930134,24.158529346804748,0.04233079157959855,0.016860321896749506,5.331414238279294,0.8329552202616718
sub-005,44,568.0,572.0,2-back,MODERATE,90.01912115534442,83.11401845897146,182.53110594371293,0.2531014075201924,0.2336867410683003,0.5132118514115073,1.083079880198328,0.4931714005124343,2.196153059713,3.5264089192603357e-09,25.101917726298407,667.1095749936419,25.11280321703676,0.1355605744395107,0.05475066962940974,5.229412423063006,0.8124699831294727
sub-005,45,570.0,574.0,2-back,MODERATE,78.27939457318973,82.69777545391212,196.12638007766168,0.21920643060038159,0.23157925881624827,0.5492143105833701,0.9465719500135192,0.39912731037096,2.3716040607037114,2.7321867925983747e-09,25.075036461318025,662.1628070980873,25.1106898057041,0.14429887415536485,0.06166432248493956,5.312455029089554,0.780974737625659
sub-005,46,580.0,584.0,2-back,MODERATE,73.70142919689273,87.54743116128397,205.35346499660625,0.2010391754213983,0.23880762642888068,0.5601531981497211,0.8418457083122921,0.3589003438442626,2.3456252487670883,3.2291943738876603e-09,25.192972847075236,670.5609964317699,25.210942926705233,0.09362471271693527,0.09391949519668859,5.340449414122782,0.7489916474572494
sub-005,47,582.0,586.0,2-back,MODERATE,54.42498226133031,72.3222351006566,154.80230839127432,0.19330518179961773,0.2568721609711995,0.5498226572291829,0.7525345723287277,0.3515773299954102,2.140452492595447,-4.478112792863511e-09,23.55380989476643,598.953429198199,23.567641184173276,0.0817779093154437,0.15112566994485144,5.294608992019223,0.763323849091475
sub-005,48,584.0,588.0,2-back,MODERATE,52.544785916818405,51.39004238756054,148.0927389067527,0.2084882479256721,0.20390643355498267,0.5876053185193452,1.022470180517644,0.3548100082739606,2.8817399641335957,-1.0189610167328573e-08,22.264309160269132,541.8764932357016,22.27817541785049,0.028603771625686034,0.005891885957270468,5.345993358690208,0.7716672996770508
sub-005,49,586.0,590.0,2-back,MODERATE,73.81747569737911,75.50998051815793,155.85967972234963,0.24187610487095645,0.24742189832511857,0.510701996803925,0.977585680605866,0.4736149582039337,2.0640937615507653,-5.173094972855732e-09,22.442511643162053,538.2073677087183,22.45567202859325,0.01651842684029595,0.04420759031952633,5.519257035881411,0.7776960808371186
sub-005,50,588.0,592.0,2-back,MODERATE,74.75980255526831,76.80074069774128,162.47624541886276,0.2380606516562701,0.24455969322112792,0.517379655122602,0.9734255409006363,0.46012758580516183,2.115555708743851,1.3765143411080173e-09,22.709981201530024,546.1866660327727,22.720243564536542,0.020094978320711533,0.0981067169270781,5.51768546958016,0.774278454211329
sub-005,51,590.0,594.0,2-back,MODERATE,62.99634484889267,66.11969796257725,162.2212591329757,0.2162316477445284,0.2269523933985819,0.5568159588568898,0.9527621388190195,0.3883359381229647,2.453448278375235,-6.481564098302858e-09,23.476104006957588,585.8035877070879,23.501429744749508,0.04676778340604121,0.19998315925605215,5.38778986186282,0.8217891410339341
sub-005,52,592.0,596.0,2-back,MODERATE,72.38422912043411,86.75716218949516,186.53965930473788,0.20939599955428645,0.2509745964820152,0.5396294039636984,0.8343314522244555,0.3880366748294776,2.1501355576534142,-3.7480686741388e-09,24.437106023758098,636.5423584943834,24.453203461730276,0.031284594252165475,0.16858597034940578,5.402426392015735,0.7750682750544104
sub-005,53,594.0,598.0,2-back,MODERATE,76.39722191401798,70.97437294800763,194.4906019418315,0.2234737348214338,0.20761105969470225,0.568915205483864,1.076405732671747,0.3928067533919554,2.740293346223796,7.55313894470302e-09,24.22621253466295,627.6488680236524,24.2673094446354,0.039139057170373324,0.15475270695506485,5.4521857240894915,0.7631797137729351
sub-005,54,596.0,600.0,2-back,MODERATE,72.59734844565706,90.63259166566199,217.8530503112007,0.19050272583713562,0.23782901347859828,0.5716682606842661,0.8010070892981211,0.33323999063567183,2.4036943698448687,4.8075607646904776e-09,24.75815047828084,654.5320369501051,24.7834891882293,0.15400988516386005,0.2758807592290351,5.501370172454135,0.8160853984182896
sub-005,55,598.0,602.0,2-back,MODERATE,63.88160905208913,114.8242766506786,193.88880557818547,0.1714506689090734,0.30817475218425994,0.5203745789066666,0.5563423599560868,0.3294754891165129,1.6885697975528209,2.8009625116363535e-09,25.273640239184438,676.3078939279281,25.291333207054496,0.09676884164091926,0.120513268604944,5.2788947362079,0.8619345427337951
sub-005,56,616.0,620.0,2-back,MODERATE,64.77624837037646,54.771295604382566,171.15684900345056,0.22282514449388427,0.1884089024017194,0.5887659531043964,1.1826678126853247,0.37846132800137355,3.1249370151790843,1.9476062633983524e-09,24.149465515421934,642.039741300328,24.167334531315046,0.08743156100493199,0.07965457653416057,5.1937117210285955,0.8385985818891252
sub-005,57,622.0,626.0,2-back,MODERATE,74.05342558178091,44.124820783922985,168.98507549504453,0.2578791229392833,0.15365757889275306,0.5884632981679637,1.6782714188102155,0.4382246501049883,3.8297056507618668,8.32771465821368e-10,23.745191816514303,617.8950121244881,23.779447603144447,0.03023595915861728,0.2725507596990952,5.397554659168449,0.7945854415960454
sub-005,58,624.0,628.0,2-back,MODERATE,73.6319097743724,58.83976020420117,184.19942824134716,0.23251856638725127,0.18580716881001347,0.5816742648027353,1.251397176311318,0.3997401646540197,3.1305264943652045,-3.05986519163295e-09,23.69282927976483,614.0909854144727,23.744050586497952,0.023063209557852297,0.18866606037015807,5.268032415653846,0.8471596478259602
sub-005,59,694.0,698.0,3-back,HIGH,56.45900599392142,60.35232937505393,167.9417740886271,0.19827353633280598,0.21194616448618595,0.589780299181008,0.9354900892567409,0.33618202677867737,2.782689182466655,6.649751126934427e-09,22.726932494309306,564.255788286385,22.755829775706513,-0.02235147928294674,0.24137546956485564,5.504462265672206,0.7842228068383517
sub-005,60,702.0,706.0,3-back,HIGH,53.58929719248989,63.30616201028093,187.37049611213303,0.17612649807313135,0.20806193037522527,0.6158115715516433,0.8465099682363777,0.28600712654578786,2.959751312703241,-1.3299289155324196e-10,23.294522893110535,589.3734804034541,23.313298018808737,0.1129098293168359,0.12008857443947556,5.481282689560752,0.8342951975815959
sub-005,61,704.0,708.0,3-back,HIGH,55.69733382182713,77.57607686299164,184.889981220675,0.175058901303049,0.2438246474504351,0.5811164512465159,0.7179704887654359,0.3012458190222309,2.3833376048032457,-1.4289062506322419e-09,21.693153538296663,507.14662422825216,21.713498419712092,0.0514738836070113,0.04573003213105255,5.621499985597611,0.856376465735479
sub-005,62,772.0,776.0,3-back,HIGH,91.33207069572575,79.0558394848617,216.78024954364537,0.23589768012116125,0.2041899301357079,0.5599123897431307,1.1552855714499723,0.42131177027424466,2.7421155850878836,3.4960373192885034e-10,25.181813211119398,686.4651663709282,25.202923997149554,-0.03964089336459883,0.40689833936025716,5.351468347795343,0.7333314182881386
sub-005,63,774.0,778.0,3-back,HIGH,65.61075625432039,64.46312982080075,187.02083741906645,0.2069121665959322,0.2032929753937781,0.5897948580102897,1.017802834530528,0.35082056716120497,2.9012062854993306,8.235830251697513e-09,23.36970328668747,597.3500847523057,23.38735476086612,-0.004876848094462369,0.260366370241462,5.340492986553786,0.6983638579043869
sub-005,64,780.0,784.0,3-back,HIGH,73.86476434062627,48.58630071726489,176.00895884772277,0.24748629104172934,0.1627899779724939,0.5897237309857768,1.5202796518809427,0.41966479902043885,3.622604648828078,-3.393423384395452e-09,24.23876437770897,660.9104494593023,24.25590440000836,-0.004451948680704038,-0.10581317345645598,5.2007555482501875,0.8156610580788692
sub-005,65,782.0,786.0,3-back,HIGH,64.94274306649272,56.02184287133033,158.2973875477712,0.23255132897584713,0.20060677138421862,0.5668418996399343,1.1592396775602636,0.4102578322519329,2.8256369200732108,-1.9459740135075485e-09,24.357798174759953,648.1373518304763,24.3720521523788,0.010677662582101968,0.011020235662625923,5.3092001444370425,0.7050224253829918
sub-005,66,788.0,792.0,3-back,HIGH,54.97703866661762,51.93202566739767,177.06807930180528,0.19359670275830917,0.1828739630327313,0.6235293342089596,1.0586345893518954,0.31048531662734935,3.4096124121144498,5.830275911178936e-10,22.34631522752743,548.0701366007306,22.412663055965623,0.0479769689829554,0.14047121508031424,5.4674930832795665,0.8033170275540611
sub-005,67,802.0,806.0,3-back,HIGH,65.34469872991178,99.24088210184301,200.15392404847438,0.17915443173990506,0.2720870121662064,0.5487585560938886,0.6584453639061141,0.32647223400969266,2.0168495060641676,-6.361658702748828e-09,23.670537860839044,594.4685333870533,23.68685921819969,0.06260717198088579,0.24588396428785633,5.539811171329996,0.8041734515179737
sub-005,68,804.0,808.0,3-back,HIGH,85.38708794345328,91.02015891118177,181.0426212333048,0.23887849896323457,0.2546375507090381,0.5064839503277273,0.9381118311029837,0.47164080679884335,1.9890387294310012,-1.1307275840790142e-08,23.88039005790288,601.1126580666596,23.8933527664856,0.06981037700051657,0.16463226103534784,5.5011967261075165,0.785190922332961
sub-005,69,806.0,810.0,3-back,HIGH,77.82634226351014,80.24853055459064,201.80020601443283,0.21625932675301004,0.22298996311421154,0.5607507101327783,0.969816415648474,0.3856603707230307,2.5146903578147675,-8.633536821129066e-09,24.517757038350734,642.7764165022149,24.554813437127038,0.0029393094765549363,0.2042404704273987,5.50959206455859,0.7906349708752263
sub-005,70,808.0,812.0,3-back,HIGH,74.48661230649788,81.97922759517569,214.61816321134728,0.2007270905822678,0.22091824737108734,0.5783546620466449,0.9086034900733959,0.34706574314097766,2.617957859656354,-3.43927870393694e-09,24.10225602278288,636.711939746763,24.111179059325547,-0.016990763208263142,0.2813760869822093,5.512392068547087,0.8248633722078973
sub-005,71,810.0,814.0,3-back,HIGH,70.63044664516799,102.93394559743226,200.6903176224681,0.18872293329490147,0.27503714150863584,0.5362399251964627,0.6861725374969976,0.35193748996917545,1.9497000378024412,5.208316193532581e-09,23.217983492204095,581.3291303289496,23.23331432275121,0.040841084260432405,0.31078791850212406,5.543090800269672,0.8593928121139454
sub-005,72,812.0,816.0,3-back,HIGH,46.26085023638395,54.91294518537924,163.69688138855096,0.17465447966334693,0.2073198356521167,0.6180256846845364,0.8424397941180007,0.2826006814789537,2.9810253454068207,7.711694674652025e-10,22.75576290303474,569.8216705574471,22.790555329619796,0.003658895193807789,0.038266795414986406,5.3580177748582205,0.8221572446103247
sub-005,73,824.0,828.0,3-back,HIGH,55.229100489465,90.08640077442955,161.94646089410736,0.17974597344094545,0.2931908660015158,0.5270631605575388,0.6130681214332788,0.3410330808376102,1.797679333416935,-4.679355382707304e-10,25.206902038374803,677.4006118404053,25.245145632884963,0.09518363620941268,0.38698905256941507,5.38547374549729,0.777270889622042
sub-005,74,838.0,842.0,3-back,HIGH,74.89988405431342,89.7635187716432,171.7373518441894,0.22265076107738124,0.2668350695576168,0.5105141693650019,0.8344134129239896,0.4361304238711399,1.9132199160004653,7.64370087692537e-11,25.484624631383188,684.7179722524087,25.51441262605581,0.10491589357369921,0.33998640887357806,5.23954334885409,0.7959826391659435
sub-005,75,890.0,894.0,4-back,HIGH,51.720235321038764,60.77812790538292,208.18325976418004,0.161282192720331,0.18952794157201877,0.6491898657076501,0.8509678909747741,0.24843609125740923,3.425298984007402,-2.3668607074256443e-09,23.434248626127076,609.9419503749501,23.466402892591987,0.041685539147462224,-0.04645088825846403,5.545660052871645,0.809719715918259
sub-005,76,910.0,914.0,4-back,HIGH,78.95526897958699,99.80199396365236,187.5059594305261,0.21556974371566703,0.2724870745056846,0.5119431817786483,0.7911191534744516,0.42108138439643117,1.8787796915041126,-2.37494120276282e-09,23.91965844298723,624.3132785324989,23.95307387347807,-0.04433085147917139,0.108075119397809,5.509178339837368,0.5047874709913471
sub-005,77,912.0,916.0,4-back,HIGH,67.27626176013509,86.6529715801845,177.9198218620052,0.2027315151435868,0.2611216461874605,0.5361468386689526,0.7763872436605461,0.378126849813927,2.053245475804217,-2.2578298061591196e-09,22.730904702685013,564.5611940187639,22.744611522442153,-0.005388164229556821,0.0720308636684056,5.51719403302179,0.870897362772357
sub-005,78,924.0,928.0,4-back,HIGH,57.849902524691956,71.99102151500107,179.3554868546178,0.18709758744407337,0.23283265580857263,0.5800697567473541,0.8035710746601579,0.3225432549581492,2.4913591039577727,6.937492977748523e-09,22.534113366613408,541.0764074289362,22.565997203172486,0.06205959152960793,0.19139034416818176,5.507928112319485,0.786482223217181
sub-005,79,934.0,938.0,4-back,HIGH,82.57567756715602,110.73856129481538,220.53823575950986,0.19952925892899778,0.2675797973567739,0.5328909437142283,0.7456813290838924,0.3744279411811485,1.9915215908610069,-7.168551693768534e-09,26.79978472106811,758.1227943652733,26.835112747477925,-0.05256830625690525,0.7099583384699998,5.5410197212083725,0.7263255671381088
sub-005,80,936.0,940.0,4-back,HIGH,77.97685839989103,88.64355263020504,239.38687868410258,0.19205777919598785,0.21832995336759603,0.5896122674364161,0.8796675684376919,0.32573572465009704,2.7005560086558646,9.638600677830984e-10,24.70107918324439,657.040905524712,24.727502463746276,0.06431826752665293,0.12891238433631766,5.518123321331758,0.7323590703409766
sub-005,81,938.0,942.0,4-back,HIGH,78.11479585858315,93.08679901164764,250.12812499699473,0.18540063084844718,0.22093575321717696,0.5936636159343758,0.8391608336302219,0.31229913013389315,2.6870418539764915,8.611989922360932e-10,25.85245624804188,724.95126969418,25.868640044075505,-0.06545253360278154,-0.04668088638351129,5.48362826786676,0.8726848571657484
sub-005,82,940.0,944.0,4-back,HIGH,83.8568680815581,111.70977135015087,209.05336982434645,0.20724844585847216,0.27608563292641725,0.5166659212151106,0.750667260957068,0.40112660299146297,1.8713973477671442,3.4102631771136172e-09,24.96235313322691,683.6246417274946,25.000665339029215,-0.009629734546235108,0.11560228800197696,5.438861937858697,0.7977199807792348
sub-005,83,942.0,946.0,4-back,HIGH,54.706855485472275,80.06556876672028,176.33322054339192,0.1758465537371334,0.25735813575265815,0.5667953105102085,0.6832756742772493,0.31024701594450865,2.202360181280394,-2.5454505462494277e-11,23.198778798001513,607.8253539994649,23.207267613083975,0.04565731055152451,0.11828825760078644,5.460702305515065,0.8055202241894286
sub-005,84,944.0,948.0,4-back,HIGH,58.73309903695964,72.61519139642414,187.8836412305217,0.18398253185647845,0.22746844596008345,0.5885490221834381,0.808826609246559,0.3126035808774737,2.5873875372002924,-3.418444035151399e-09,23.45022343548404,615.7028715025126,23.47480966461939,0.04627852782395786,0.038201379277025695,5.399068438998633,0.8745971808232005
sub-005,85,946.0,950.0,4-back,HIGH,87.61981723657149,54.70271408084788,179.9773365609661,0.2718580612935075,0.16972614491262852,0.558415793793864,1.6017453376641198,0.48683805922914564,3.2900988476544066,-4.880576399164744e-09,22.816249910340648,566.8657124899493,22.831067542165,0.1014546174806446,0.08107306126109441,5.450376478138334,0.7689122010599585
sub-005,86,948.0,952.0,4-back,HIGH,51.537340838760464,58.95051500941951,161.54654488640062,0.18945155722803084,0.2167024275247326,0.5938460152472367,0.8742475079399303,0.31902471745837385,2.740375463396505,-7.57193783697044e-09,22.321387295858273,536.5827716867816,22.338633429316843,0.11987015567733496,0.03970044040818808,5.525241525107394,0.7639495798355984
sub-005,87,968.0,972.0,4-back,HIGH,57.162990302456805,71.9250292041919,215.29166546729417,0.16598827630259894,0.2088538678163726,0.6251578558810285,0.7947579713895376,0.26551418132412874,2.993278805019194,-4.642137031499329e-09,24.062599893351578,629.4602961757195,24.070732191423133,0.030509645763681776,0.22406708253209323,5.536388188326701,0.8417322758958112
sub-005,88,974.0,978.0,4-back,HIGH,54.02496868101859,111.3681012473121,197.83169657866017,0.1487370181294584,0.3066093271070177,0.5446536547635239,0.485102718605634,0.2730855045745293,1.776376667672018,-2.147474385451101e-09,23.865572579003082,612.4828366735845,23.89542465342751,0.11105633064470957,0.4861914643599241,5.579369643377123,0.8338641096783412
sub-005,89,982.0,986.0,4-back,HIGH,70.32173639349251,134.72125997395167,235.34860362331835,0.15968001295884743,0.30591241971185995,0.5344075673292926,0.5219795035103532,0.2987981883506065,1.7469299475734041,2.662166066538942e-09,25.985769940358185,714.4143682256996,26.054088536634413,0.011953462907724633,0.22523276707969717,5.583363593127732,0.6997349856252553
sub-005,90,1002.0,1006.0,4-back,HIGH,70.02173335297016,119.20050369081743,250.7243171625515,0.1591596358318772,0.27094314650527135,0.5698972176628514,0.5874281667013146,0.2792777906244058,2.1033830344616735,-5.249485524634685e-09,25.941172500293067,707.9425202184977,25.958582914433755,0.0955461508395254,0.15158256614123164,5.63350956264533,0.7708413739716503
sub-005,91,1004.0,1008.0,4-back,HIGH,65.49472132966211,112.51609745256862,235.74555826446277,0.15829295924609002,0.2719380381655625,0.5697690025883474,0.582092010054575,0.27781953480620486,2.0952162721768928,-1.1615823975200844e-09,25.434191770410933,693.0018332273439,25.453884615943494,0.07627236290421295,0.06895826217254888,5.479493522368929,0.8565595078846865
sub-005,92,1006.0,1010.0,4-back,HIGH,67.62355528618316,79.66571631913936,213.37166093637506,0.18749897531073706,0.22088812269659636,0.5916129019926666,0.8488413637716439,0.3169284758314166,2.678337317417849,-2.6092178943764266e-09,25.243667937533594,683.9916994847745,25.261589593532715,0.036575985064027434,0.1367133435446395,5.420835481887854,0.733677241083684
sub-005,93,1008.0,1012.0,4-back,HIGH,51.324439011061884,70.26334831919503,220.8784533771232,0.14986714867149778,0.20516868516459544,0.6449641661639068,0.7304582010225766,0.23236507783505536,3.1435799554229624,7.654069831158613e-09,25.093826979750922,667.9521258277717,25.099521615394814,0.030556642659168028,0.3236038298455612,5.539246145986089,0.8697340182589912
sub-005,94,1010.0,1014.0,4-back,HIGH,54.47778913868897,126.2877384192451,252.42753012881965,0.12575868466036777,0.2915276137933056,0.5827137015463266,0.43137829389133353,0.21581556144406153,1.9988284950580126,9.112155825207716e-09,26.148969582203154,731.5897317286299,26.160824966176225,0.1289271432645603,0.3194442226523659,5.448493717155497,0.840119092738775
sub-006,0,440.0,444.0,1-back,LOW,26.435655922412526,18.047334912724512,52.75824545493817,0.27185643592142034,0.1855934334163385,0.5425501306622411,1.4647955529308494,0.5010715518390718,2.923326114912417,1.6340251012649915e-09,15.314668783303327,247.51096956894057,15.369984845871022,0.028548889714402382,0.06811354285776036,5.049145973750932,0.7825751471674828
sub-006,1,454.0,458.0,1-back,LOW,38.649283544498864,20.812836421567415,62.48353308637869,0.31693859171738603,0.17067304902304695,0.512388359259567,1.8569926155979555,0.6185515068597225,3.002163271779227,1.951995851506557e-09,16.230241130482533,275.51846424196157,16.306811194899034,-0.06867237887747972,0.3716514277148171,5.18383321217522,0.8070173235340139
sub-006,2,460.0,464.0,1-back,LOW,35.66266931515772,25.027539835596382,70.63861729393842,0.2715524860810098,0.1905715638610112,0.537875950057979,1.424937071299158,0.5048608067561647,2.8224355153545666,-6.348115547847193e-09,18.917527789439923,460.59780221319824,19.02062110347924,0.06669768299434913,0.11524935808921333,5.042884997359007,0.7607858781727536
sub-006,3,462.0,466.0,1-back,LOW,34.07993555383497,20.25824574933808,47.79712109820578,0.33367439810287275,0.19834714611923052,0.4679784557778968,1.6822747623618153,0.7130123064067613,2.3593909210903665,-6.9857085963806905e-09,16.564322214583825,306.0379301431711,16.718688483503396,0.10681874455300641,-0.0012086259767664963,4.918965387659801,0.7691180239119679
sub-006,4,464.0,468.0,1-back,LOW,41.268453762809486,22.6323740640728,51.876202247380185,0.35644767996155025,0.19548242038646,0.44806989965198973,1.8234257548933,0.7955180212694463,2.2921237560194703,-2.3427663084350426e-09,16.382227290049073,279.9168556197583,16.45158970093219,0.07588889083167927,0.1024380754427732,4.8072798413414635,0.7568805359087377
sub-006,5,470.0,474.0,1-back,LOW,31.072558953831322,21.72693409701982,52.76683992718613,0.294341558310033,0.20581309859024882,0.4998453430997181,1.4301400655554708,0.5888652607718954,2.4286371786999577,-3.748481519335425e-09,16.583295716203224,285.1431402187548,16.614698259935295,0.023701473893641353,0.3520319744002604,4.996016094511441,0.7289621891492015
sub-006,6,472.0,476.0,1-back,LOW,64.60948806204564,44.28186169250036,82.9965666068282,0.3367043078438008,0.2307694123329071,0.432526279823292,1.4590508527103774,0.7784597689216962,1.8742790712632713,1.2067588244469325e-09,18.123933927329368,343.48437563139413,18.160947121192677,0.0490788937426672,0.5705187765905514,5.1677900471201745,0.7636348907691868
sub-006,7,474.0,478.0,1-back,LOW,61.42347539394261,36.17325290488681,70.04552894291915,0.36639613665763804,0.21577646054194535,0.4178274028004167,1.6980357159321062,0.8769078672244343,1.9363901036795168,3.785429350095252e-09,17.864476901487425,330.1887363079397,17.937393640442373,0.10767474946481578,0.6343947412416352,5.143505704615389,0.6463198596851218
sub-006,8,476.0,480.0,1-back,LOW,35.216425644961134,26.332331260738325,60.81196309362246,0.2878082577902148,0.21520248704718517,0.49698925516260006,1.33738351140482,0.5791035818189924,2.3094029347980096,3.6773958001530624e-09,15.765075926484656,254.38530755645408,15.811744103738897,-0.025742933193183583,0.2654920119370856,5.221988752593374,0.7412687530621799
sub-006,9,478.0,482.0,1-back,LOW,36.137339874468786,28.674835493915122,69.324936252689,0.26940597898480184,0.21377257305882166,0.5168214479563765,1.2602457608566657,0.5212747652987143,2.4176228061500105,7.582730817514821e-10,17.25335564141981,311.08267054338035,17.30379382687697,-0.04107298083317309,0.4480836049607763,5.079961096905627,0.7304094046011735
sub-006,10,480.0,484.0,1-back,LOW,33.46184821073124,40.022216130753904,75.20261720241294,0.2250493982600049,0.269171493473259,0.5057791082667361,0.8360818426798325,0.4449558998813354,1.8790218152019245,4.0091182303794274e-09,18.438848920957554,354.825067927503,18.468903915331698,0.025552356774352785,0.2049440254833382,5.067100895868364,0.8576100852688798
sub-006,11,486.0,490.0,1-back,LOW,77.74200179124405,145.3307108562403,133.41776794356065,0.21807595440515368,0.40767066378683825,0.37425338180800805,0.5349316832843793,0.5826960156021426,0.9180287301803415,-3.3481169532740595e-09,22.443624380948915,522.219391205508,22.47885440106944,0.04004787564320102,0.8683894740955651,5.10885578893651,0.6512110205604721
sub-006,12,488.0,492.0,1-back,LOW,39.20846129027702,44.22261990135437,85.74541334234087,0.2317606910953199,0.26139931568610464,0.5068399932185754,0.8866155234072013,0.45726598965400267,1.9389491968953836,-1.2580942136028888e-10,18.89242067062837,377.18168393150825,18.929274044680945,-0.012929859429308965,0.898192928841026,5.243288765029209,0.7016715324689559
sub-006,13,490.0,494.0,1-back,LOW,35.937123257417525,34.273980537748805,86.91268693680259,0.22871853517537138,0.21813361540019993,0.5531478494244287,1.0485249362220115,0.4134853555217863,2.535821214027894,-2.6602226152910566e-09,16.776009850465368,293.0091491910785,16.8448780521343,0.12557891289989967,0.3585739306813924,5.4117238040041515,0.6960647731344796
sub-006,14,492.0,496.0,1-back,LOW,52.256096806983535,44.83116387499982,81.45011162071937,0.2926899625160019,0.2511024067218287,0.45620763076216936,1.1656199012072548,0.6415718255896236,1.8168190290089743,-6.456100157405475e-10,17.401612583234638,311.4415468003939,17.468634906175822,0.05213272690263393,0.1312379092229917,5.326301197160264,0.7598393915792202
sub-006,15,494.0,498.0,1-back,LOW,81.98683881671695,63.140487850142655,109.97223046507806,0.321391537243294,0.2475131221709113,0.4310953405857947,1.2984828215344826,0.7455231058785524,1.7417070125603977,4.058733175572651e-09,22.597046491830422,527.0726121511003,22.650307023093788,0.10170167801366627,0.3651289157490174,5.0982541436796645,0.694545276761174
sub-006,16,496.0,500.0,1-back,LOW,73.91572809928762,96.63530479784212,105.31781167817364,0.267937933379465,0.3502943761069176,0.38176769051361736,0.7648936199240732,0.7018350165227192,1.08984818642105,2.822868260780802e-09,24.194988546703733,632.7947274993023,24.285676060553538,0.07555999192517215,0.3280471885458085,4.8856443864929435,0.6861623140342493
sub-006,17,508.0,512.0,1-back,LOW,49.05494968385692,77.73763617383581,111.78210372519109,0.2056167390162929,0.3258419252677212,0.4685413357159859,0.6310321756396211,0.4388443950245852,1.4379406067252356,6.202277568727248e-09,21.87206476600475,551.797376734617,21.942261124903126,-0.00043589230751233635,0.23857063123199676,5.340802225810556,0.7041091768538672
sub-006,18,516.0,520.0,1-back,LOW,46.540182992018195,54.16671748771857,84.72793970265252,0.2509786345772045,0.2921064748913499,0.4569148905314457,0.8592025721804248,0.5492896812473913,1.5642066499943108,-2.1919853476186282e-09,18.385901473829943,348.15806104276527,18.42807815660702,0.0252542280409579,0.6527189612923456,5.186346741820762,0.7570239010294837
sub-006,19,518.0,522.0,1-back,LOW,28.93464829307378,27.482607063976264,57.11184563265239,0.25486547537884824,0.24207543990389785,0.5030590847172539,1.0528349157602601,0.5066312946561661,2.0781087289027114,6.749784824633983e-10,17.614819826400073,324.86259117659256,17.699154965259567,-0.06578464970401482,0.558915836453469,5.06543951917241,0.7104784677788978
sub-006,20,520.0,524.0,1-back,LOW,27.647669470228013,27.426284817191107,64.87995335786614,0.23048577585304447,0.22864019485128534,0.5408740292956703,1.0080719884050113,0.42613577907074696,2.365612177891431,1.5355893058401144e-09,17.14512510502178,304.4024057382262,17.16633873805524,-0.08449583042790608,0.4609889019668543,5.1366248319036645,0.7383987082275222
sub-006,21,522.0,526.0,1-back,LOW,28.556579098118444,25.97278263670413,67.43478923809933,0.2341391209656228,0.21295423638434977,0.5529066426500274,1.099480925765842,0.4234695388057139,2.5963636696671095,-2.1673003596467985e-09,16.839955317331306,291.5563645726742,16.900842048143605,0.00021649212280401637,0.6983955644862024,5.319572457792949,0.7140456195674909
sub-006,22,524.0,528.0,1-back,LOW,75.80273142355968,65.68705849345092,99.65728226763697,0.31434232535702167,0.2723941779527557,0.41326349669022255,1.153997958838685,0.7606341423197339,1.5171524582360911,-2.7547493204677964e-09,18.502906600068957,359.37762141641554,18.554283233191757,0.0934024701853319,1.1152307630233733,5.26800097074365,0.8529840147792461
sub-006,23,530.0,534.0,1-back,LOW,24.976152630155024,22.14476572903169,61.03419387258983,0.23092900663475896,0.2047500600949443,0.5643209332702968,1.1278580652317038,0.4092157370390321,2.756145385298625,-5.315927873333611e-10,15.234592608068686,235.53080152902567,15.290517830452577,0.04039822952067319,-0.02846849181013916,5.294128610860011,0.805813966677014
sub-006,24,536.0,540.0,1-back,LOW,38.33385655969431,26.140030574284175,78.5291864501586,0.2680631653496612,0.18279348771412568,0.549143346936213,1.4664809381441994,0.48814788860730507,3.0041734735923913,-1.2509033341320662e-09,17.18856028633686,304.5687139531399,17.29151648406496,-0.015155921204701462,0.24685685140778596,5.165863511449629,0.8432972712963787
sub-006,25,538.0,542.0,1-back,LOW,34.05750095702546,35.04675472355923,74.55073065060147,0.23707844626087923,0.2439647632053751,0.5189567905337455,0.9717733132686099,0.4568365817451675,2.127179284890728,9.146420068697014e-10,17.39507777316348,313.89279606127013,17.46190176498114,-0.12115707764626898,0.274806063462577,5.049836831377873,0.7688730857282133
sub-006,26,544.0,548.0,1-back,LOW,82.11747133554309,75.58476263532201,138.6626620162704,0.2770823145636912,0.25503952613403635,0.4678781593022725,1.0864289107017482,0.5922104057536959,1.834531950378462,2.1459517204161067e-10,21.177517858566304,455.03923092090554,21.207421323213833,0.08907225688199444,0.42861470809846836,5.332105961778854,0.69432371486425
sub-006,27,550.0,554.0,1-back,LOW,56.03008852027016,82.75680709258353,123.54427022582085,0.21358532960100862,0.3154669283308731,0.47094774206811824,0.677045073254058,0.45352235613885905,1.4928593135257946,1.4267370910434501e-09,20.248143754131835,419.7898990767984,20.358255921217687,0.13279952013882385,1.2433422267442715,5.302710600632553,0.7538184958820289
sub-006,28,552.0,556.0,1-back,LOW,43.00439029943374,37.31107615787794,94.51017178358693,0.24598446047241895,0.2134187899057783,0.5405967496218028,1.1525904564495844,0.4550239353908579,2.533032587526475,7.714130293610006e-09,20.257227870932088,417.63578444237027,20.30782358323834,0.05432210133959379,1.0706410285341363,5.363220578745519,0.6915043347127618
sub-006,29,554.0,558.0,1-back,LOW,46.10339177405533,34.12949486863126,104.0684651134876,0.2501522171961544,0.1851830957473588,0.5646646870564869,1.350837214307247,0.4430102022142747,3.0492237143872267,9.2812766478171e-09,18.686058528268582,364.36881845348535,18.719014470359575,-0.09396114874464556,0.9412545231983172,5.243099840952713,0.7533336995845683
sub-006,30,556.0,560.0,1-back,LOW,32.285437745662605,25.23915778082923,90.40441879292214,0.21824952930430983,0.17061668325817328,0.611133787437517,1.2791804713145174,0.35712234176976165,3.5819110755585566,3.4965576399171918e-09,18.585556606751325,370.66353344113236,18.679660063670735,-0.04612668818485464,0.7884498492939013,5.181597983709155,0.732029316397714
sub-006,31,558.0,562.0,1-back,LOW,35.957726282371105,29.02626725510498,78.64632516052109,0.25034913664695857,0.20209011243744968,0.5475607509155916,1.2387995316913187,0.45720796501272737,2.7094880808929784,-3.3781226938563244e-09,16.833939555699686,301.0752817299028,16.871549199057057,-0.08463500746872157,0.4704419927733799,5.255304090488065,0.7841277924559777
sub-006,32,560.0,564.0,1-back,LOW,32.33299053966603,33.17940758432885,60.57324315960859,0.2564367378434447,0.2631497706364412,0.48041349152011414,0.9744896878429319,0.5337833811286877,1.8256276277885768,-2.4298819009525486e-09,16.42299753766645,278.32393365526804,16.527361312915726,-0.1074475446356138,0.9254029126648267,5.159473392208634,0.7406537279795415
sub-006,33,562.0,566.0,1-back,LOW,30.94900658791003,38.09753314274071,89.04743116644599,0.195763357782029,0.24098030384434058,0.5632563383736303,0.8123624821573836,0.34755642226287986,2.3373542542193055,-1.7954405564629976e-09,17.320702521365966,314.1903851501588,17.369120293799043,0.07841300327201624,0.4137088978305895,5.287857465396379,0.8025172503085478
sub-006,34,564.0,568.0,1-back,LOW,35.28277283885872,45.78040566275128,97.49709168648539,0.19759587506051512,0.25638629250799294,0.5460178324314919,0.7706959413766435,0.3618853878463891,2.1296685836450076,2.3953468974406625e-09,17.648001344683678,321.77433132741106,17.778209896327173,0.15257850536213463,0.20393513942609343,5.3376532453790375,0.7593802073435779
sub-006,35,566.0,570.0,1-back,LOW,33.123371353206174,38.58396638799812,77.9888999355182,0.2212705667642628,0.25774840428068996,0.5209810289550473,0.8584750209483256,0.4247190482311306,2.0212774174450177,4.97522949154628e-09,17.65361807651458,318.6085517308719,17.6826806222321,0.060239904687757695,0.4226528223063896,5.150719491980498,0.7359234199592659
sub-006,36,572.0,576.0,1-back,LOW,41.574776650451405,24.413129148688242,47.28971781971863,0.3670166739226166,0.21551590127658699,0.41746742480079635,1.702967956186202,0.8791504489188506,1.9370608958687947,2.37456997632142e-09,18.539741001423685,380.9492291553515,18.56677342621473,-0.2111862129886054,0.9213231758086129,4.556116975541549,0.6397415505913284
sub-006,37,574.0,578.0,1-back,LOW,34.65371564734302,17.903730451811242,53.22706614529829,0.3275878000672097,0.16924718063111488,0.5031650193016755,1.9355583877122802,0.6510544006454523,2.972959534246872,-3.3576635039585317e-10,16.031873674284334,263.5293575599354,16.104693912482468,-0.1718004562659774,0.8693040699767772,4.873910379195451,0.7153927742649054
sub-006,38,576.0,580.0,1-back,LOW,22.14047263056356,23.719994374781102,49.66948840554234,0.23176471228667966,0.24829902068684387,0.5199362670264766,0.9334096914501432,0.4457560031581286,2.0939924192541346,2.679351384035487e-09,15.214969032806062,237.314805707121,15.277266589660048,0.10302592743014878,0.1882171180448619,5.275465448213099,0.7395359645193823
sub-006,39,586.0,590.0,1-back,LOW,41.218479976540316,22.65644789962057,71.47414209419135,0.3045346376267608,0.16739271207835701,0.5280726502948822,1.8192825353364683,0.5766907971028324,3.1546931986363287,-2.0580366416903704e-09,17.839873471280992,337.0569627963912,17.965059341234483,-0.011097169819915004,0.6054142430748568,4.988178213320928,0.7142639742019185
sub-006,40,588.0,592.0,1-back,LOW,52.14384037396892,38.00148379967119,87.02180414167276,0.2943200630376873,0.21449511634030732,0.49118482062200536,1.3721527466888042,0.599204313083167,2.2899580605961947,-1.4460744648509287e-09,19.049237795566903,378.0846433573105,19.1420421697264,-0.043831164213740816,0.6620902167006486,5.097742439868159,0.7510083830734134
sub-006,41,594.0,598.0,1-back,LOW,35.58615032491115,34.323840026544794,84.61736599575224,0.2302902940043346,0.2221214472175555,0.5475882587781099,1.0367764882189794,0.4205537469305954,2.4652651314745753,5.029877333353589e-10,17.46398351537755,333.486331190724,17.474295224681224,-0.01259246434623387,0.39147978383223697,5.305258713967038,0.7315913741781755
sub-006,42,596.0,600.0,1-back,LOW,37.25310204222536,42.44545112147248,82.18320351266156,0.23012538785765263,0.2622003367947826,0.5076742753475648,0.877670069652755,0.453293379303302,1.9362075638556797,1.7261426440253863e-09,16.786885651669163,293.9317135745198,16.839579009181687,0.00484248100228378,0.3498433805235931,5.262829559043865,0.825930382595286
sub-006,43,598.0,602.0,1-back,LOW,37.61107416819923,45.761695098555066,80.85059747128074,0.22902388932383458,0.2786551999725652,0.49232091070360023,0.8218898816400446,0.4651922848382068,1.7667745326556665,-8.321808651535814e-10,18.23114016048309,341.36640881060595,18.290384589618903,-0.06973240095356259,0.5344084471672415,5.338035731779315,0.7361934568643371
sub-006,44,600.0,604.0,1-back,LOW,64.2941002614997,80.35791129396299,126.42883212854474,0.23717684875013087,0.2964352264877644,0.46638792476210483,0.8000967076695271,0.5085398573968442,1.573321532288793,-2.5973111527019384e-10,20.409220683760346,427.6089797828504,20.430486122041582,-0.05364435784932413,0.48443082168957313,5.347210623981769,0.7530300569942183
sub-006,45,602.0,606.0,1-back,LOW,48.28805309430575,57.941600974430145,105.90657882990544,0.22762756005654997,0.2731339205128368,0.4992385194306132,0.8333917648498436,0.45594951350340834,1.827815887873765,3.130685138031415e-09,19.634749914230127,396.6855202423714,19.715402951412354,-0.03693109205524978,0.48674745409849285,5.256494509245451,0.6697175977104114
sub-006,46,604.0,608.0,1-back,LOW,41.83785676234423,32.85232661729364,85.71565979953944,0.2608250169266609,0.20480754295588083,0.5343674401174583,1.2735127484188764,0.48810050415745654,2.609119920122134,2.6633644295851642e-09,17.420687321380047,326.02282438460514,17.44398585728967,-0.14264744795344353,0.5123096354282248,5.241441573811393,0.8169090077764295
sub-006,47,606.0,610.0,1-back,LOW,43.71129827276082,28.4719802787901,85.29634028958431,0.27756797098205194,0.18079787396178876,0.5416341550561593,1.5352391314109997,0.5124639360183486,2.995799359734908,-1.381786240983729e-09,19.53599332978791,403.2111418979678,19.56089320760059,-0.10718419138561026,1.0058405442690435,5.192619916453331,0.8080543924185472
sub-006,48,608.0,612.0,1-back,LOW,75.71236345536391,53.88999725159795,81.90185090439888,0.3579709495075468,0.2547939676521472,0.387235082840306,1.4049427967472923,0.9244279905681284,1.5197969026055262,2.017771604771661e-09,19.634850857807287,396.14810425076985,19.668507281790983,-0.07356436127266922,0.6547588902528426,5.0903029323859545,0.7885758180522073
sub-006,49,620.0,624.0,2-back,MODERATE,27.23881954122488,24.504140915691046,58.82269580883756,0.24635877415455462,0.22162524732628877,0.5320159785191566,1.1116006733287558,0.4630664944317718,2.4005206308281912,-4.3928899363139614e-09,16.651429337812893,287.2916861138573,16.732124770488227,-0.1826075276742667,0.5022435057386151,4.925706145056411,0.831966870406663
sub-006,50,622.0,626.0,2-back,MODERATE,26.77058335307981,19.09910940901541,42.67181739485652,0.3023506523169229,0.21570796991331712,0.4819413777697599,1.401666579303599,0.6273598123408408,2.2342307424404835,-4.2030102205621077e-10,15.601037281284036,260.5693875366309,15.629727380916314,-0.04170336916052997,0.1513615857784693,4.982956850887899,0.7333779069067461
sub-006,51,624.0,628.0,2-back,MODERATE,31.218326129176585,20.047262014664646,50.891353210759334,0.305591824845397,0.1962398418437166,0.49816833331088645,1.55723639998022,0.6134308514039764,2.538568766823725,1.3449364020140227e-09,15.83156889570285,268.95186806706835,15.894112748248938,-0.020033589439220456,0.06527516099227382,5.0479346832497525,0.8329416816299278
sub-006,52,640.0,644.0,2-back,MODERATE,34.52038032545324,27.81307172920848,50.712494653189474,0.30536592713638405,0.24603333900229815,0.4486007338613179,1.2411567000419064,0.6807075960575357,1.823333112823086,-1.540275287431906e-09,15.446120718659047,248.69112328705504,15.4774898643265,-0.11657407294408521,0.4430789884857987,5.12447818569922,0.7125796619022513
sub-006,53,646.0,650.0,2-back,MODERATE,46.343294625801846,17.365189395808788,39.967251213102074,0.447002324322897,0.16749521338330067,0.38550246229380236,2.668746857260718,1.1595316970562533,2.3015730092036,-7.616510545067974e-09,17.71188543894117,346.6032130538867,17.843090111912925,-0.04250860783423562,0.49448768032228013,4.795235586454481,0.7740847917338723
sub-006,54,670.0,674.0,2-back,MODERATE,44.25247768247219,22.10211153065553,47.907701146138436,0.3872885581352563,0.19343312182139494,0.4192783200433487,2.002183258422807,0.9237027998376234,2.167562184259665,-1.6807335172742161e-09,18.66838406455102,380.32384062661004,18.783145057328426,-0.21534089560202976,0.5803145574522803,4.86287700585832,0.7416040730534161
sub-006,55,676.0,680.0,2-back,MODERATE,32.633863045422274,20.253786444497067,57.2765519421435,0.2962292888361493,0.18385088968295543,0.5199198214808953,1.611247513389718,0.5697595602191027,2.8279429181848355,6.428753062057e-09,16.788566725343955,307.14805729281545,16.90148539301439,-0.02128899208216856,0.33737641426649406,5.079306643098114,0.7955305797916439
sub-006,56,678.0,682.0,2-back,MODERATE,35.62829284246586,21.330140389598192,60.85653770550649,0.30240887519587883,0.18104779231241255,0.5165433324917087,1.6703262234429677,0.5854472532577564,2.8530772228383294,7.72037270370761e-09,18.384341550559835,384.4865340663292,18.41046381648324,-0.0909972739152089,0.6389406683537976,4.797447503459267,0.7623473361340938
sub-006,57,680.0,684.0,2-back,MODERATE,33.24240242972513,19.354999639743657,49.29913190960112,0.32623683192750497,0.1899475760747591,0.4838155919977359,1.717509844922188,0.674299955031279,2.547100636900557,3.804695459271108e-09,17.00553190943429,317.96171892076785,17.116327871213503,-0.155264033021454,0.21549963977190068,4.861771089638755,0.7747499121761535
sub-006,58,712.0,716.0,2-back,MODERATE,38.91042537555025,11.56816508307372,66.35385379184888,0.3330446916965256,0.09901500526919689,0.5679403030342774,3.3635779828629095,0.5864079198415771,5.735901356468049,-1.1884458797190316e-09,16.900581903541926,313.8051270451575,16.981161373886252,0.04788429070177551,0.20807220544509675,5.1310862980410175,0.8919764538476448
sub-006,59,714.0,718.0,2-back,MODERATE,35.42621645994505,8.385274207880576,64.66090715414875,0.326591991799488,0.07730329905348404,0.596104709147028,4.224813116624271,0.5478768860370381,7.711245398913692,4.015465948052559e-09,17.86703340692296,379.35900081035516,17.932156862925467,-0.005836000701819552,0.387701778501223,5.00066971401701,0.8957210170276662
sub-006,60,766.0,770.0,2-back,MODERATE,20.790357891080316,16.541454929921933,64.01521776497204,0.20514027664030599,0.16321598012572808,0.631643743233966,1.2568639203237508,0.3247721185204875,3.8699871345158727,2.0359397859124796e-09,16.103656712598834,274.9887489129332,16.188655453760465,-0.11838974899730002,0.5604126205629462,5.338330311257313,0.8652989017336463
sub-006,61,768.0,772.0,2-back,MODERATE,22.972739498268226,18.298043783918118,85.16113748625583,0.18170047056662528,0.1447264557297256,0.6735730737036492,1.255475162785359,0.26975613732232967,4.654111581102604,2.4619757811375632e-09,18.146654891935107,407.2017340200404,18.208661699890673,-0.05321260221235732,0.41845389643556563,5.32458717149826,0.8103396387189571
sub-006,62,770.0,774.0,2-back,MODERATE,22.07250669956461,10.716052959605852,61.32547711833545,0.2345293800514158,0.1138624303719919,0.6516081895765923,2.0597608823665667,0.3599239294457155,5.722767267901881,-5.781454350349766e-10,17.277495452197677,413.47681485220784,17.312583909468703,0.02401733750395429,-0.036491430701807916,4.944853511020835,0.8976671033317503
sub-006,63,772.0,776.0,2-back,MODERATE,24.122206956740033,14.38824022950557,57.01284714320262,0.25252695822597443,0.1506254608418579,0.5968475809321677,1.676522394119698,0.423101251129431,3.9624614430809917,4.496523270684125e-10,17.333462474753397,363.5175356698051,17.395076884963068,-0.011240308197594966,0.9110250406142583,5.06939237469979,0.8628692139662844
sub-006,64,806.0,810.0,3-back,HIGH,30.6589407510844,11.196165416243092,56.631493911163055,0.3113006310163032,0.1136821192661755,0.5750172497175213,2.738342960403679,0.5413761607486217,5.05811514976401,-1.8581823389926387e-09,17.771885335327614,371.5831975140082,17.814662187741845,-0.24951977595399294,0.7033505174462353,4.94138150543527,0.8766206744743791
sub-006,65,818.0,822.0,3-back,HIGH,41.68667434158876,17.58238852336362,77.86595806119452,0.303982703032793,0.12821224224578265,0.5678050547214244,2.3709335216995786,0.5353645595528073,4.428633684082547,3.6818467456132146e-09,18.636685343575824,397.29258289784985,18.659814880167392,-0.1072372629771691,1.4755673749529652,5.068168254563816,0.7886244780064446
sub-006,66,820.0,824.0,3-back,HIGH,36.50464018135339,33.90958271612873,116.38281433328831,0.19542408553437218,0.18153169460732177,0.623044219858306,1.0765287348696964,0.3136600570322536,3.4321511800241664,2.446907951112932e-09,20.145265871087098,437.11698911243013,20.37223843587751,-0.0045055522382910366,1.177114881624143,5.549478175734706,0.8752099263622297
sub-006,67,920.0,924.0,3-back,HIGH,23.19893269154139,14.018153399365696,66.68213088515128,0.22328303683835413,0.13492068378721195,0.6417962793744338,1.6549207324690223,0.3479032895858958,4.756841288965247,-2.49750335032822e-09,19.69251060237484,463.91061446078913,19.7840724254296,-0.1082047087826321,0.31662173081679285,5.064239101638584,0.8159501046269215
sub-006,68,922.0,926.0,3-back,HIGH,56.24484696610972,31.27559207399652,112.06295685828057,0.2818112534508906,0.15670437880473662,0.5614843677443728,1.7983623406085218,0.5019040059530043,3.583080268892915,6.154944402101286e-09,22.418235347349174,553.5275328085285,22.452720433808317,-0.10822409682641065,0.7769237458370318,4.942494819680536,0.8295932467391971
sub-006,69,928.0,932.0,3-back,HIGH,39.602323317057625,22.345678006487102,87.7440077871306,0.2645586999088075,0.1492776945091688,0.5861636055820239,1.7722587475556035,0.45133934858701646,3.9266657186082212,-8.063566516257556e-09,22.423617699298116,615.18840790003,22.5678990920558,-0.009160259917415519,0.5381130167786762,4.820438216470692,0.9281617578172412
sub-006,70,972.0,976.0,4-back,HIGH,18.940898115733138,9.622823356220783,60.15485108611009,0.21349417117071862,0.10846458727593812,0.6780412415533433,1.9683306462742642,0.3148690051384175,6.2512683501794,-3.5227032519084166e-09,15.778702611291994,286.0227812822175,15.87239402088827,0.012913085428647155,0.29614856196035466,5.131916071540751,0.9461255259197193
sub-006,71,974.0,978.0,4-back,HIGH,18.63230759580914,11.285615522209687,56.75153758894084,0.2149812338028422,0.13021444266704013,0.6548043235301177,1.6509784122223043,0.3283137054499826,5.0286612615196615,-4.691241126558428e-09,16.436964423385792,305.0774139373791,16.540642160936304,-0.038019532829874365,0.1630641846361898,5.009761312677543,0.8387358643472993
sub-006,72,976.0,980.0,4-back,HIGH,22.725386428682548,12.108071846871962,63.34235553564013,0.23147642526688433,0.12333049634971624,0.6451930783833993,1.87687905358387,0.35877078199114193,5.231415566137741,-2.1906906698033803e-10,17.391646385012294,355.77992753893,17.444504886603635,0.06966546154099229,0.0525743175064347,4.949946549859463,0.9155306280244769
sub-006,73,988.0,992.0,4-back,HIGH,19.520415137131835,18.297499578928093,77.78878684340835,0.16885193396068393,0.15827369289241272,0.6728743731469033,1.0668351188056364,0.2509412465375908,4.251334260610781,-8.5383427813437e-10,17.701810771154864,379.2486586755081,17.890860523437567,0.060307984931395546,0.2331118622512397,5.25181297409903,0.899238612712644
sub-006,74,1006.0,1010.0,4-back,HIGH,41.959960343772735,24.30204775497708,95.53387155946837,0.25933886840882503,0.1502018951676233,0.5904592364235517,1.726601838940889,0.4392155332850015,3.931103770459135,4.08445436537058e-09,18.42071700329555,380.44263796990947,18.50822478332831,-0.0204636380889245,0.37184367553270586,5.513878611955101,0.8316564116677114
sub-006,75,1008.0,1012.0,4-back,HIGH,49.484364614024074,17.884143856216316,89.2735337118555,0.3159073000114404,0.11417205500568009,0.5699206449828794,2.7669406493184687,0.5543005026970559,4.991770052264766,-9.912299519199725e-10,19.248405393955395,416.6436720892651,19.365849416088157,-0.15272608659757086,0.362742207166732,5.350651483383524,0.7794868164949615
sub-006,76,1010.0,1014.0,4-back,HIGH,26.109688790437215,12.78609030200207,64.19051581595075,0.2532799225507152,0.12403288248321194,0.6226871949660728,2.04203851011039,0.4067530609241373,5.020339626875596,-5.389933768313053e-09,18.379108335346455,390.72295297256227,18.46986083599405,-0.03608471941028427,0.08228410746071076,5.029732154182127,0.8071319141540032
sub-006,77,1012.0,1016.0,4-back,HIGH,30.828499858206982,15.60566944818165,72.14918265153203,0.25997325382694936,0.13160084607592581,0.6084259000971248,1.9754679516039007,0.4272882758367931,4.623267389528024,-3.246146918518895e-09,19.65868703997575,436.84794704870075,19.724209005336842,-0.0998487883185479,0.7235929800129576,4.886544305625779,0.7966699915422645
sub-006,78,1020.0,1024.0,4-back,HIGH,31.67543903553497,15.055958940463519,74.13150559160225,0.2620774290584401,0.12457055470326722,0.6133520162382926,2.1038473311989385,0.42728714036968407,4.923731918022885,5.031984653519909e-10,18.207352947171717,362.44769860640133,18.254001186310052,0.009901901866318008,0.4608754445450181,4.914760077654093,0.8591358699302392
sub-006,79,1082.0,1086.0,4-back,HIGH,31.084684672064487,17.11333957314967,88.11309447271003,0.2280421800101991,0.12554617505974117,0.6464116449300598,1.816400857307562,0.3527816706254924,5.148796007703657,2.557257433588589e-09,19.790625902968753,422.26223906118304,19.818422302594307,-0.05733335502880046,0.5192144306310487,5.084257164203192,0.8090513439894982
sub-006,80,1090.0,1094.0,4-back,HIGH,79.19404392046586,69.46389632456744,194.42471097378248,0.23083080312900006,0.20246985989467547,0.5666993369763245,1.1400748894135548,0.4073249924035886,2.7989318374158043,-8.867994981617686e-09,26.394716093341117,727.7004493351325,26.409441453737333,0.14181624312583754,0.7761420288698941,5.195842281325537,0.9455124174077876
sub-006,81,1092.0,1096.0,4-back,HIGH,80.66970573005533,77.78827655322536,195.7414339441229,0.22775222666731798,0.21961717888118604,0.552630594451496,1.0370419464796652,0.41212381101225415,2.516335913551061,-3.4976945550406405e-09,25.90199079327256,705.187672509516,25.957748242736983,0.18320787894428853,0.9867195623822613,5.316101991376694,0.7484609736831533
sub-006,82,1094.0,1098.0,4-back,HIGH,43.69085053523283,161.60884521019054,154.2680166974748,0.12150938202542656,0.44945316172084043,0.4290374562537331,0.2703493764738431,0.2832139251580072,0.9545765672468721,1.0832815948363063e-08,24.68224863888401,634.1021000381756,24.715619391250044,0.1543218631476434,1.3491671481053356,5.547318967850172,0.9410437952632034
sub-006,83,1096.0,1100.0,4-back,HIGH,42.121556327750206,216.2130926211817,131.5977008905048,0.10802272841710797,0.5544887278785979,0.337488543704294,0.19481501243567012,0.3200782083784065,0.6086481595315408,7.048734625221031e-09,25.130861383714578,661.5177553861641,25.178486108075898,0.09799463173994348,0.9978418394393389,5.312052041843683,0.7423066087097983
sub-006,84,1104.0,1108.0,4-back,HIGH,66.27353457168353,105.79126574788091,225.28609461783918,0.16678843665904888,0.26624141809104684,0.5669701452499043,0.626455635095859,0.2941749897351884,2.12953397452239,5.862087657398637e-10,24.209771758528127,603.1883602050642,24.23159067755002,0.06514358743352507,0.5099982041504262,5.644982375032433,0.9051382524734125
sub-006,85,1106.0,1110.0,4-back,HIGH,49.869677311459824,37.42510970180704,171.0582158836554,0.19302921488145752,0.14486036269041905,0.6621104224281235,1.3325192019157104,0.29153628812180815,4.570680413406938,-6.450487863150412e-10,21.892619745911833,507.48404549394746,21.958712516197114,0.032365771498177966,0.4115090569207691,5.593990224259332,0.9220242392304543
sub-006,86,1118.0,1122.0,4-back,HIGH,46.22033886166891,298.1469646299727,181.14831259499024,0.0879523603995993,0.5673417792038036,0.3447058603965972,0.1550253544222143,0.255151915022294,0.6075806031425196,-2.1037694627292888e-09,29.598377135097884,922.19762495792,29.683058595019002,0.06265388614242602,0.4040692540412123,5.185546871872555,0.9214525124495972
sub-006,87,1120.0,1124.0,4-back,HIGH,48.85416531583849,154.3043369690091,145.24605819995054,0.1402225196130007,0.4428883960482539,0.41688908433874544,0.31660915224729225,0.3363545002273606,0.9412960196259561,5.176485672857206e-10,25.39836056831708,667.4086259412503,25.467224980746764,0.040190446557807825,0.6086682986545504,5.471782547231328,0.9513824123478163
sub-006,88,1122.0,1126.0,4-back,HIGH,42.23953086343635,46.59974042629528,104.87825982132824,0.21804702249286914,0.24055510184867707,0.5413978756584538,0.9064327499902006,0.4027482047794851,2.2506189704470456,1.296175482735114e-09,20.38178108457967,433.56149141847936,20.49995818530453,0.03974508755354813,0.2530882602614321,5.510290838252183,0.9180724923424795
sub-007,0,268.0,272.0,1-back,LOW,36.60825135718791,28.222515322398475,99.49950910082023,0.22277240869544487,0.17174263956151342,0.6054849517430416,1.2971292933672072,0.3679239394045023,3.525536542869855,-1.8901632539848977e-09,17.32353839361775,378.29636057375006,17.481666047241053,0.03487855583687172,-0.034509947504803615,5.2664975739957,0.8529067455047802
sub-007,1,320.0,324.0,1-back,LOW,35.53245290287386,25.660811264908695,57.29333811195595,0.29988582860182156,0.21657141627139695,0.4835427551267816,1.3846971764086309,0.6201847208385814,2.232717333855493,2.758011339777436e-09,17.656874003367,372.8149834782132,17.749305344273477,0.08675320175687196,0.315547360147601,4.840668027910937,0.8034177856797889
sub-007,2,322.0,326.0,1-back,LOW,35.41869023261186,23.672000996803597,57.6234896014986,0.3034651828977282,0.2028202642410493,0.4937145528612225,1.4962271350611385,0.6146571559194627,2.4342466701179775,-1.6730353330788493e-09,15.551420581336226,299.5446268960132,15.749222883700961,-0.024389746473373917,0.023730289863967805,5.2323008641582325,0.7607479664609267
sub-007,3,354.0,358.0,1-back,LOW,29.97992770326475,20.173044506837734,53.63809332877716,0.28884882863096156,0.19436205228359474,0.5167891190854437,1.4861379844327878,0.5589297799886622,2.658899270786634,-1.1457865767283693e-09,15.670493620448019,288.05578389310904,15.722717914756254,-0.008317124755780395,-0.03120736041694396,5.146430969731205,0.710613170354432
sub-007,4,356.0,360.0,1-back,LOW,32.85419153904336,25.750266024425414,60.00218562797318,0.2770012762777014,0.21710643966933738,0.5058922840529613,1.2758777524037819,0.547549913310602,2.3301578931673212,1.7940605726165048e-09,15.746277302498607,278.0676829798758,15.7920384642942,-0.03473380440987451,-0.019343109239931527,5.074155866897018,0.8725912295392197
sub-007,5,378.0,382.0,1-back,LOW,37.3443977002481,20.489712416164497,47.019190185656896,0.3561585338054546,0.19541313775661948,0.4484283284379259,1.8225925743490088,0.794237364633301,2.2947706258953193,-1.6616486111041769e-09,15.620553385516434,257.48931675987694,15.699055418805541,0.011076507462242091,-0.07589248737292709,4.91493153448697,0.7310444326979981
sub-007,6,380.0,384.0,1-back,LOW,40.87635367152355,26.265144286231468,45.70460228846558,0.36223098168509876,0.23275190041058713,0.4050171179043141,1.5562965588942708,0.8943596842508675,1.7401237849823856,-2.0700973099439435e-10,15.576983244420418,258.7803551296828,15.756667906775656,-0.04935011265075379,-0.01648228765489046,4.988672565322758,0.7943109059852341
sub-007,7,390.0,394.0,1-back,LOW,35.902908643161645,25.9156769234922,39.81751125596156,0.3532495812567722,0.254984968270895,0.39176545047233285,1.3853741404923967,0.9016864065753528,1.536425669046196,9.963234243474293e-10,14.910970893052124,242.5968898180747,14.94666531999753,-0.08446945850464971,-0.15241818755241404,5.116350744139725,0.8629194444076281
sub-007,8,480.0,484.0,2-back,MODERATE,44.75408296437125,20.057417019285683,46.02265462087832,0.40379324517841314,0.18096783514839881,0.41523891967318804,2.231298422989318,0.9724359303704402,2.2945454330747794,-6.82715778647267e-10,17.813878024820898,359.1272443278601,17.97789583952886,-0.06104430897903845,-0.014477825193060144,4.787523464930271,0.8192656398398336
sub-007,9,482.0,486.0,2-back,MODERATE,33.038036871400145,16.377581286771363,53.1693487539483,0.32205534461694013,0.1596489405782169,0.5182957148048429,2.017272043588384,0.6213737359148447,3.2464713697922347,-2.6443506565729683e-09,17.502654476823587,351.95896485907195,17.610618901400947,-0.0011253071646870148,0.23172444476161355,4.715208975229248,0.7117090660223069
sub-007,10,530.0,534.0,2-back,MODERATE,32.442787950263785,18.894311742158035,45.675153419121095,0.3344194873297259,0.19476211649711608,0.470818396173158,1.717066405646078,0.7102940115507568,2.4174023400496862,6.185452524445473e-09,17.18689477228375,338.15083256616754,17.260266749954578,-0.05108501648272581,-0.23495026785161366,4.627681265729975,0.6619237843241869
sub-007,11,538.0,542.0,2-back,MODERATE,50.95571612778177,22.114458929636907,51.30339651108149,0.40969890536364734,0.1778067370000476,0.41249435763630504,2.30418100166552,0.9932230533075014,2.3199028596773283,-2.02236697271748e-09,18.15802170468031,377.675744066749,18.25287248262775,-0.017565925721547224,0.152264097527614,4.803536520752964,0.7469327371152008
sub-007,12,570.0,574.0,2-back,MODERATE,37.03946130545357,25.049251984824153,46.02316331365144,0.342603074416594,0.23169750421216698,0.425699421371239,1.4786653640553247,0.8048004230614649,1.8373068920993778,-6.541363941742499e-12,18.01860165404132,365.4910216725824,18.095618072460645,-0.1540467787881054,0.1959873072631701,4.818293893841774,0.769752124745932
sub-007,13,572.0,576.0,2-back,MODERATE,44.88501396968512,37.97082553156845,54.018694443312405,0.3279281592868364,0.27741336855946186,0.39465847215370187,1.1820921283991654,0.830916304665374,1.4226368188493022,1.2241705368696754e-09,18.055643112496185,361.28031296707104,18.109736887118995,-0.09927107429330446,0.3664592873301719,4.8518290648766325,0.7838849134089291
sub-007,14,596.0,600.0,2-back,MODERATE,35.59216091808118,19.018853287305646,44.060727480044534,0.36071280703192726,0.19274873395808045,0.44653845900999223,1.8714146631457311,0.8077978497790614,2.316686858794656,3.3293998026376482e-09,17.404728394406987,397.0543978269223,17.49362558772334,0.0064685017215485195,-0.03162372327571078,4.8297779938266725,0.8189064202075415
sub-007,15,708.0,712.0,3-back,HIGH,38.94338756413727,28.602926634441797,69.66169480087243,0.28382736436539174,0.20846397264285163,0.5077086629917567,1.3615175839119957,0.5590358901754648,2.4354743726465498,-1.8718888193877535e-09,19.68156400003394,431.5021571665133,19.885055061876226,0.0332484744965986,0.020462321966670066,4.6619306432070395,0.7677995560255982
sub-007,16,742.0,746.0,3-back,HIGH,34.68306791106749,21.979225137531362,65.98371189590068,0.2827900340232237,0.17920865133338443,0.5380013146433918,1.5779932046759582,0.5256307490822173,3.0020945453271684,1.6109186185290401e-09,15.497586159023118,267.65588222886964,15.579832027684219,0.06666090297088649,0.15352559961363568,5.158179261505591,0.838058754061592
sub-007,17,778.0,782.0,3-back,HIGH,44.0161214535104,22.571238052623176,65.81811109740467,0.3324343114591382,0.17047058516342004,0.4970951033774417,1.9500977904220433,0.668753945070995,2.9160168770518746,-1.605781461016794e-09,17.12943306578764,328.8121930920404,17.19250998817826,0.07821774658200135,-0.014062570516005008,4.878222225652603,0.7969096512519167
sub-007,18,780.0,784.0,3-back,HIGH,33.3120952165574,22.106492252485804,59.90060349012667,0.2888686170921191,0.19169829469505098,0.51943308821283,1.5068919499343711,0.5561228648063318,2.709638544459311,-2.738758424725736e-09,16.05292390568501,276.56407146822846,16.11763843397977,0.06236294229482575,0.06380468394148187,4.885357931930315,0.866623923604821
sub-007,19,850.0,854.0,4-back,HIGH,43.7276961492365,26.939401243389675,69.15357174456753,0.3127412879588665,0.1926710936918519,0.49458761834928155,1.6231873809729271,0.6323273700272987,2.5670047793484745,4.013922060227957e-09,20.12965094383484,455.02216722382707,20.239214663429493,0.10981847617610052,0.3290413993551497,4.741636710944229,0.7578491476250516
sub-008,0,330.0,334.0,1-back,LOW,78.02231723953392,46.977661535722135,60.809259836126174,0.4199054784499529,0.2528273722383382,0.3272671493117089,1.6608386771275367,1.2830663857740567,1.2944292637871384,-1.0302976691099387e-08,21.114992557161095,475.741311186338,21.13455825104346,-0.11805423872818172,0.48269478814566263,4.6579284582115115,0.5310970991793182
sub-008,1,332.0,336.0,1-back,LOW,80.33070165884841,59.33509913274461,54.98453651726539,0.41269233215550466,0.30482916162942764,0.2824785062150677,1.3538479387913787,1.4609689695870076,0.9266780930837222,-2.245212997976116e-09,21.84656645896561,513.2154024654498,21.871020268623255,-0.05926746755390996,0.3505641463131204,4.535335752107905,0.6060173228595854
sub-008,2,342.0,346.0,1-back,LOW,61.713132262222054,47.01826642302699,52.639567262336016,0.38243020917571446,0.2913675712785843,0.3262022195457012,1.312535254000737,1.1723715727879518,1.1195556805249633,-9.431601231007765e-10,21.31546103772099,506.04894503705106,21.32311513757869,-0.10220110135506484,0.5250516972442246,4.5456937169435365,0.5935854498988944
sub-008,3,344.0,348.0,1-back,LOW,60.715763557875384,32.38593086113337,59.83083088374051,0.39701014181045435,0.2117661419441111,0.3912237162454345,1.8747574006199368,1.014790579723929,1.847432798528697,-6.936748018099e-09,19.84426400288467,426.41850662551394,19.860992714735012,-0.15316092813261473,0.6574304039114097,4.704042039815655,0.5293217301572382
sub-008,4,346.0,350.0,1-back,LOW,56.36233081811656,51.8233458897936,62.37328005290942,0.3304565874963419,0.3038441772510791,0.3656992352525791,1.087585717409591,0.9036294190445981,1.2035749329182852,-3.981769265181649e-09,17.71639382776258,333.8007724028709,17.73217146831031,0.020074371383812618,0.5361334596796015,5.315780853704148,0.6232929215560092
sub-008,5,348.0,352.0,1-back,LOW,39.51263802754899,136.80382706760443,80.71576350157449,0.1537263954923822,0.5322438661271678,0.31402973838045,0.2888269931807025,0.48952814559919555,0.5900110050407225,9.98211151164397e-10,18.231652490656696,353.74520475484996,18.25515853924442,0.01763553834707648,0.7200785780391858,5.154540710894603,0.7282708972252845
sub-008,6,350.0,354.0,1-back,LOW,44.71129216845296,125.93366068550863,79.76144728402623,0.1785549097140271,0.5029171004259962,0.3185279898599766,0.3550384537785294,0.5605626990347661,0.6333608254524796,-2.8197509385909456e-10,17.32278931513465,314.952312883708,17.335757365434585,0.04883304617305131,0.7851785900995075,5.244281990188779,0.654937628094941
sub-008,7,352.0,356.0,1-back,LOW,49.186832226536296,49.22814601695723,61.629424572235415,0.30733241126319655,0.3075905508150589,0.3850770379217445,0.9991607689144599,0.7981063034084435,1.251914393668338,-1.0667193210616388e-09,17.36122962000083,312.1166092381316,17.402121958802777,-0.06283090656750064,0.5678877760153432,5.099033901794274,0.7609757422127551
sub-008,8,354.0,358.0,1-back,LOW,54.64766066209604,37.941109176884126,54.20730390662374,0.372269225379964,0.25846133488989415,0.36926943973014187,1.4403284945446584,1.0081235686657806,1.4287221718770917,3.171146590933018e-09,17.861719336316952,333.5956745764908,17.87514594583347,-0.028283223398616397,0.32370091860659156,5.054665584586497,0.6094401457653392
sub-008,9,366.0,370.0,1-back,LOW,49.939953819281264,115.80722143910123,72.13576234418518,0.2099349971149096,0.4868244129075831,0.3032405899775073,0.4312335033920389,0.692305067505908,0.6228951998655692,1.4504320171815938e-09,20.130569694917007,433.6447151152519,20.140177797784062,0.024690639938208418,0.33818061193125376,5.0194288774402835,0.7327605923484495
sub-008,10,376.0,380.0,1-back,LOW,42.45776843984244,114.86539002041411,60.5936095108299,0.19483479327977096,0.5271067072528106,0.2780584994674185,0.3696306470756488,0.7006971326283832,0.5275184239574783,-3.1332829313568986e-09,19.075998226413645,382.5377376185196,19.091584814359997,-0.015772434817290123,0.691869835721852,5.173747500799871,0.5996321202057486
sub-008,11,386.0,390.0,1-back,LOW,60.70623757404157,43.59549412353521,61.495889904423485,0.3661466128854841,0.26294402598963007,0.37090936112488576,1.3924888063436138,0.9871592665524609,1.4106019702440915,2.1246384651618655e-09,17.677782489281334,325.98284298850785,17.695039726931874,-0.15819847609342527,1.90327188561567,4.928215838012435,0.6170297065924233
sub-008,12,388.0,392.0,1-back,LOW,72.00579766910279,58.63190052862046,65.26702104713361,0.36755519696850375,0.2992878413272821,0.3331569617042142,1.2280993285208965,1.103249336553949,1.1131657077238064,3.4777298584780165e-10,19.42088308149876,397.98852832288907,19.438170573351847,-0.05069413907561284,1.0871042919198972,4.884123868357237,0.7115327537441953
sub-008,13,400.0,404.0,1-back,LOW,59.85889237352484,34.79009243714492,50.68665488992021,0.411866576545449,0.23937757117811545,0.3487558522764355,1.7205729614450318,1.1809596136009493,1.4569278590304273,-1.117167329405489e-09,19.043384866864212,378.4067511819167,19.051603399001497,-0.08911638145091355,1.0524558204998498,4.764469834991882,0.6841895304235386
sub-008,14,424.0,428.0,1-back,LOW,52.50291744636005,152.28066292288452,75.35625427836463,0.1874168217183537,0.5435880374329483,0.26899514084869813,0.3447773107800806,0.6967293949141266,0.494851104742861,-3.1874269305825166e-10,20.412006659030045,443.2216219006731,20.4279704622284,-0.009953005906750984,0.6933820279534695,5.048889217312595,0.6791613876782321
sub-008,15,426.0,430.0,1-back,LOW,63.3266431762897,113.89820443609716,65.4187660580733,0.2609862349902811,0.46940532542012386,0.2696084395895951,0.555993340630925,0.9680195300546269,0.5743616976400769,-2.5346826158424487e-09,21.527752516726565,491.77045157929405,21.53789151309863,0.050221334604959825,1.4314877165694357,4.95982041485014,0.6642804188177367
sub-008,16,428.0,432.0,1-back,LOW,61.67941125427628,52.18750667115745,49.7165722645373,0.37705156665044504,0.31902673436391177,0.30392169898564325,1.1818807831331926,1.2406207516899157,0.9526527599375472,-3.502027790565427e-09,18.455061873160137,354.0670576956607,18.487854130897265,0.06086714680321172,2.0691762848723485,5.050842764367152,0.6113352376443562
sub-008,17,470.0,474.0,2-back,MODERATE,68.24669368607006,46.661514566503,44.44417161516174,0.42827533384010946,0.29281969058280055,0.27890497557709,1.4625906235598802,1.5355600342157867,0.952480261904464,1.6544405728443447e-09,18.772020790101934,372.7380491916764,18.79957602244396,-0.17258506089631087,1.4476897385678615,4.757280049850922,0.6200403039747636
sub-008,18,486.0,490.0,2-back,MODERATE,36.62883814796754,40.10212809683023,54.39664850404803,0.2793373327054281,0.30582519306585043,0.41483747422872136,0.9133888869818552,0.6733657156330456,1.3564529137382033,1.1785225076534433e-09,19.026526300038448,386.965750186151,19.05040239412804,-0.12841055178501123,0.7465814242139386,5.111801989431276,0.732519661362472
sub-008,19,488.0,492.0,2-back,MODERATE,56.30513815864555,53.17006472491838,64.85128553084266,0.32298670540989577,0.3050027864871758,0.3720105081029284,1.0589631299105398,0.8682193066453148,1.2196954407777845,4.450974442816782e-09,18.851372647523544,377.2130746994133,18.882954523673597,-0.086044495686795,0.848577812239981,4.966272910978233,0.7280219867875726
sub-008,20,490.0,494.0,2-back,MODERATE,53.71862793753879,53.624228671373956,62.65756045181101,0.31599115382376164,0.3154358653850802,0.36857298079115813,1.0017603845967342,0.8573367292021046,1.1684561625267589,2.7646605489212452e-09,17.74194453669727,329.2827645662105,17.762662892072765,-0.0835536761735723,1.0382295101249563,5.187424010483376,0.7866341117417618
sub-008,21,536.0,540.0,2-back,MODERATE,85.97200023194583,107.95332052788517,105.17581067643425,0.2874345537213904,0.360925817998414,0.3516396282801957,0.7963812489652747,0.8174122897557923,0.9742711957550814,6.247408789125517e-10,23.169956563864037,568.5808433796461,23.1908042283469,0.027007613056323872,0.6773186713348774,4.839002664391806,0.7298250850984427
sub-008,22,544.0,548.0,2-back,MODERATE,77.67845670791344,97.71811735295154,89.66775124907596,0.29305511640272097,0.36865812567832085,0.3382867579189581,0.7949237952195074,0.8662920127453729,0.9176164428670052,-1.1910929435736917e-09,23.612808087801806,579.4502984286178,23.63451592779227,-0.01688873032949074,0.6487525000009237,4.850935225766385,0.668134628602951
sub-008,23,546.0,550.0,2-back,MODERATE,88.4825991142888,57.56293563536969,82.24392075972123,0.3875895140091274,0.25214890239643417,0.3602615835944384,1.5371453546910565,1.0758557993945121,1.4287652263027784,-6.539452955753165e-10,24.198710547100205,621.5833434781039,24.27052845254038,0.03668369698925535,0.5616941151093574,4.900389306309177,0.6462599765358998
sub-008,24,548.0,552.0,2-back,MODERATE,68.27393761222072,64.42658436947437,63.701191311822186,0.3476239410915275,0.3280347370146945,0.324341321893778,1.0597168588153378,1.0717843137032492,0.9887407804596284,3.556368012945729e-09,20.854471389153783,460.5866970493812,20.884394112064186,-0.07475310418481823,0.7484895382200868,4.83990153301757,0.6769211719059373
sub-008,25,550.0,554.0,2-back,MODERATE,52.60207557697723,80.72879278074161,63.78893330504222,0.266853330478541,0.40954177155096294,0.3236048979704961,0.651590018444148,0.8246269823235824,0.7901633495039639,-2.374549118736755e-09,18.725945771650345,363.8135213381492,18.765299251691328,0.03480447068385533,0.23000012556972235,5.11586297575275,0.6767087192987212
sub-008,26,552.0,556.0,2-back,MODERATE,52.12491860631028,40.27714117127382,60.003826312339754,0.34201381550024307,0.26427549620694535,0.39371068829281153,1.2941563648883414,0.8686932452437758,1.4897737169870255,-4.643397973142826e-09,17.274214977784467,306.63987780038053,17.30174566406518,0.023188281746963375,0.24745979468474627,5.26933322488371,0.6633147956452495
sub-008,27,554.0,558.0,2-back,MODERATE,42.07742112228061,46.16861512816961,66.73172973357741,0.271506179322634,0.2979047661128878,0.4305890545644782,0.9113858192512088,0.6305459380458486,1.445391626937956,-4.882247895439469e-09,17.73718748390291,328.07964635044186,17.76785830633142,0.07333826718088708,0.09315218534779411,5.250741953155489,0.7582684122866172
sub-008,28,556.0,560.0,2-back,MODERATE,55.67577075524752,67.96548145720561,61.90254884453755,0.3000680725417846,0.36630424228686403,0.33362768517135144,0.8191771699624273,0.8994099886754583,0.9107939430034704,-4.502895652838241e-09,18.395454781463297,353.92610879183985,18.413387148306217,0.05193036195204831,-0.08666951733612557,5.1887989038898725,0.5860085043782279
sub-008,29,558.0,562.0,2-back,MODERATE,55.05264504734963,78.85394839002777,55.72984538693856,0.2903062585896364,0.4158164373835352,0.2938773040268285,0.6981596504850712,0.9878485157299998,0.7067476838482118,-7.593906965241396e-10,18.371859043871194,349.53292106532854,18.39784358498279,-0.011390112469803652,0.19385584403763279,5.10815937327865,0.7158165739906991
sub-008,30,560.0,564.0,2-back,MODERATE,63.51695627490587,68.25057310286218,60.5324397885892,0.3303014376458783,0.3549172337298667,0.314781328624255,0.9306435592735295,1.049304414240367,0.8869147471825507,-7.886831947757108e-10,19.115460416337545,382.7094288466554,19.135592489893394,-0.008036146243874638,0.5077800284527529,5.059087952407594,0.6699612652304429
sub-008,31,562.0,566.0,2-back,MODERATE,75.29169668936322,99.29536282237474,63.16994236696338,0.3166749920903506,0.417633811150736,0.2656911967589134,0.7582599483930518,1.1918911727350139,0.6361821999680429,-1.9278759290729473e-10,20.747438603784992,457.31505340232394,20.762094903795077,0.022116403685117133,0.510270071379861,5.004047265448778,0.6083286541918234
sub-008,32,564.0,568.0,2-back,MODERATE,75.08216187018263,48.31569984723049,46.70163096619044,0.4414014450345274,0.28404376218276517,0.2745547927827075,1.553990982384299,1.6076989243595843,0.9665932836294708,-3.6486388398897155e-09,22.415659000877827,540.1145831570739,22.44475598208138,-0.08912300009836739,1.1717972909838803,4.679141507304032,0.6095644426097776
sub-008,33,574.0,578.0,2-back,MODERATE,72.447391301634,129.16970124458257,72.47915561937845,0.2643136919476,0.4712567286457158,0.26442957940668427,0.5608698526325071,0.9995617454773996,0.5611157641538499,6.9288223462842484e-09,23.834166305231303,618.6121922932876,23.84519593845177,-0.001221884160164917,0.355942526709624,4.899647482395841,0.5402314827177028
sub-008,34,576.0,580.0,2-back,MODERATE,80.28839530856305,131.0219929017369,77.39146946281136,0.2781014156115035,0.4538314853868702,0.26806709900162634,0.6127856364448468,1.0374321080328335,0.5906754106606588,7.236243265414768e-09,22.840015006348203,560.3895523163814,22.86314642106658,0.015524856160722461,0.3753905856405424,5.099810179211233,0.5584789658472397
sub-008,35,578.0,582.0,2-back,MODERATE,70.54087705181077,65.64976746412366,55.958851898292004,0.3671145559483654,0.34165984657383186,0.2912255974778027,1.074503075587587,1.2605847807603758,0.8523846170342103,2.5790773610324144e-09,17.90949866223139,333.66072335164245,17.92538435096727,0.07736439536179765,0.3906764924168905,5.060943121196819,0.6644486146695707
sub-008,36,580.0,584.0,2-back,MODERATE,45.18822525598284,47.626155094986885,69.83123775072373,0.27783241739552494,0.29282163055391286,0.4293459520505622,0.9488111136802505,0.6471061764262444,1.466237146615141,2.370760126225198e-09,18.402798447121054,358.50509224061295,18.475793004951786,-0.03560451825751918,0.7741534055123561,5.0713901405021105,0.7466159518003901
sub-008,37,586.0,590.0,2-back,MODERATE,60.64861374083531,52.04666355061571,60.91852803653473,0.3493305939942959,0.29978412979480973,0.35088527621089444,1.1652738062998822,0.995569257754594,1.1704598120356182,1.1376546955949906e-09,20.733629656032132,461.6607739441003,20.783352149403754,-0.10299839015301047,0.816535226839026,4.663664569552302,0.6047936703536412
sub-008,38,594.0,598.0,2-back,MODERATE,63.87784551764429,65.06262483249277,65.68216449984315,0.3282138563527457,0.33430142841630217,0.33748471523095214,0.9817901703489713,0.9725295444214057,1.0095222052437236,-3.3866712183177284e-09,18.71215901689131,368.2248269163633,18.738217231082444,0.11142672239607532,0.33768186443164455,5.037041969942436,0.6534007758009446
sub-008,39,596.0,600.0,2-back,MODERATE,58.66032561326988,68.44500177186667,62.094800654951904,0.3100437944779863,0.3617598068293288,0.3281963986926849,0.8570432331755942,0.9446898129077393,0.9072218430488094,5.185065242660345e-10,18.207353820753504,348.735615460429,18.225991776265765,0.022553956416312148,0.4618618706540725,5.2489112177578825,0.5808560027852905
sub-008,40,598.0,602.0,2-back,MODERATE,48.92889127063012,113.5906822910933,67.43553076503952,0.21277584341464698,0.49396895373838956,0.2932552028469635,0.43074740184447907,0.7255654506688667,0.5936713241340146,5.963273255310834e-09,18.960516498447788,385.68172914704525,18.987939964769666,0.027503471211969797,0.25454975044207,5.296840483608733,0.7033083147401306
sub-008,41,600.0,604.0,2-back,MODERATE,58.112511604117856,103.69130608027193,72.43280748061775,0.24809319022241125,0.4426775958167379,0.30922921396085096,0.5604376470977273,0.8022954462957707,0.6985427247347467,2.779458815152075e-09,19.317586010888483,394.3876007754062,19.374367779394714,0.07075144460681172,0.7638952735094141,5.303280951846291,0.7347256565158373
sub-008,42,618.0,622.0,2-back,MODERATE,41.45507896186297,57.5750962213944,65.8666480692753,0.2514001067102198,0.3491583105468352,0.39944158274294495,0.7200175367915168,0.6293789068826238,1.1440128179030264,8.037558455055804e-10,17.321121021107345,313.31360427644705,17.360779448378324,-0.028172428017246887,0.26302981693351346,5.339378215724196,0.8022616830574766
sub-008,43,620.0,624.0,2-back,MODERATE,58.58879403985445,58.028108689048764,81.25349360737721,0.2960968145041914,0.29326321553644685,0.41063996995936186,1.0096623061387402,0.7210618453276577,1.4002436998728447,4.184806442895563e-09,18.601580682204986,364.49789393176127,18.616217258826595,0.03412682290176063,-0.009329638810266418,5.277247714617666,0.780449887440447
sub-008,44,640.0,644.0,3-back,HIGH,47.46394304699681,85.41589518054582,71.15536719507256,0.23262624187176634,0.41863312266932123,0.34874063545891243,0.5556804497180651,0.6670465618830177,0.8330459693089862,2.9341076352177486e-10,19.86501358467785,418.5748016578621,19.899216174564277,-0.11593792732548266,0.9747700874465316,4.8932929432365215,0.7373271325677946
sub-008,45,642.0,646.0,3-back,HIGH,45.1469321167169,96.88677135166323,63.745111564787535,0.21939543246684584,0.4708296689143968,0.30977489861875734,0.46597622654645177,0.7082414793616241,0.6579341088105445,-1.2502466664293958e-09,17.407548247771377,317.4222501628827,17.42103210558119,0.05168266988948112,0.5034076581964468,5.26545782259752,0.7171331033577334
sub-008,46,644.0,648.0,3-back,HIGH,41.61493288297712,59.52440077371386,74.52797804548379,0.23689628127019335,0.3388473370312124,0.42425638169859425,0.6991239280371621,0.5583800067349188,1.252057594478054,-4.945126238322778e-10,19.048131088559632,386.63956392142745,19.094205067071066,-0.10606054268290223,0.6892450473390117,5.021970133073917,0.760145982552819
sub-008,47,650.0,654.0,3-back,HIGH,54.212943963545825,38.93621932381453,66.16419953438508,0.3402912536860093,0.24440020996468437,0.4153085363493062,1.3923525423123864,0.8193697550194307,1.6992969703639698,-9.015398252493493e-10,18.100467787022996,346.8302419757455,18.124146814591906,-0.07364315379045305,1.1920439571067987,5.023762579880366,0.702830663476529
sub-008,48,652.0,656.0,3-back,HIGH,35.618421780369324,39.47203909328406,49.66792456800787,0.285499220387274,0.3163878640585785,0.39811291555414746,0.9023709592552971,0.717131269127196,1.2583065306210284,1.970703089020014e-09,15.08987910329678,238.08567826188477,15.101759420715002,-0.02857590585785601,0.35760600712320945,5.386230261378494,0.8054802456481029
sub-008,49,654.0,658.0,3-back,HIGH,57.14528615433727,41.7596453354136,51.469558049913324,0.38001981805074786,0.27770431981681765,0.3422758621324346,1.3684332253146825,1.11027349601331,1.2325190416850926,2.7389855288799317e-09,17.313419271725365,315.141279588558,17.32744897675415,0.047667097078493044,0.1525390739598045,5.103721276374346,0.7624343419019587
sub-008,50,668.0,672.0,3-back,HIGH,46.06062318081853,26.596754311134436,58.48892995780132,0.3512155551803516,0.20280215911778054,0.4459822857018679,1.7318136883166892,0.7875101017243847,2.1991002839513984,-9.623650508073847e-09,20.03801353602525,443.27723684947284,20.116156065604578,-0.004894146703095237,0.6571537620882156,4.695691944913723,0.6511060267716287
sub-008,51,674.0,678.0,3-back,HIGH,65.73555557753791,42.530695662548055,51.40885573538392,0.41168317856606507,0.2663577089012494,0.32195911253268567,1.5456026418919766,1.2786815547091264,1.2087471162775703,-4.3071758031543754e-09,16.718639378233423,289.5225450397028,16.7297493449699,0.057097958633058055,0.1700800900639183,5.2057081637788,0.645501873885506
sub-008,52,684.0,688.0,3-back,HIGH,44.933640759709796,81.66526839357411,58.347664860404635,0.24295470732204047,0.44156140133490535,0.3154838913430541,0.550217266698476,0.7701017832883704,0.7144734353802205,-1.7882227044159555e-09,18.79837111127197,372.9767446206104,18.832521195812102,-0.008463098196531372,0.537380452982023,4.980855840233441,0.7091728028654645
sub-008,53,686.0,690.0,3-back,HIGH,56.00154445492245,50.40481888273884,62.18845726087426,0.3321664583532817,0.29897015046959674,0.36886339117712164,1.1110355258929463,0.9005134862889694,1.2337799964235312,-4.820029755442671e-10,18.046489188290455,341.5735162390218,18.079201358236766,-0.0634181201934338,0.47410299160959785,4.953004467396603,0.5091899268537513
sub-008,54,688.0,692.0,3-back,HIGH,60.17472105908538,39.968055888446735,57.40994039486394,0.38193388266552536,0.25368052397082763,0.36438559336364695,1.5055703791807304,1.048158570540317,1.436395619419132,1.3789167877706781e-09,18.135387091491953,345.1406875855644,18.149075674854494,-0.054674709890718896,0.5157743310023313,5.0775091501629355,0.6816620671469865
sub-008,55,690.0,694.0,3-back,HIGH,47.36954875630942,55.25058391259068,61.62163189914241,0.28841354013025744,0.33639789524850927,0.37518856462123334,0.8573583372666347,0.7687162331864286,1.1153118670497866,1.944209413345651e-10,17.99863123123352,337.543057817442,18.011719696408345,-0.0905522915737129,0.5604231524468354,5.153780491514744,0.706738134612577
sub-008,56,692.0,696.0,3-back,HIGH,59.17891471643586,85.34980653674899,67.4815293792024,0.2791323275167882,0.4025739617880095,0.3182937106952023,0.693369055159548,0.8769646340391719,0.7906465417721473,-4.854137843141914e-09,19.030438093018358,382.8636064187637,19.03948004045595,0.01897005543448563,0.15350112056069323,5.124111471759181,0.7359865664069851
sub-008,57,706.0,710.0,3-back,HIGH,55.3911389409415,80.67599019359238,63.908665748838075,0.2769892174862773,0.4034287761708535,0.3195820063428691,0.6865876552369963,0.8667234449648727,0.7921646278586856,4.94830828943661e-09,18.84902405480075,376.0456268383344,18.86367038308398,-0.12413591920304914,0.6818490359138023,4.974335585661976,0.8142081361161809
sub-008,58,714.0,718.0,3-back,HIGH,53.654225900493145,73.38845125419192,78.58026558475908,0.2609350162276458,0.3569078930418108,0.3821570907305434,0.7310990351145806,0.6827951712967941,1.0707442961643179,3.822228732350128e-09,19.0346499880909,381.8320058039501,19.04428891483522,0.05632440074711707,0.44707056109226345,5.099144644383235,0.6864199973881572
sub-008,59,716.0,720.0,3-back,HIGH,43.91529231044781,60.50311750863702,71.96408449183,0.24897761244399336,0.34302223553991884,0.40800015201608786,0.7258351985611114,0.6102390188182477,1.1894277097631685,4.6531645904822555e-09,16.83959845077486,296.8169030462918,16.915088041550526,0.021411069749067438,0.4603680510881447,5.426907579688277,0.7348967489071683
sub-008,60,718.0,722.0,3-back,HIGH,41.002651627518546,90.70298473675948,56.01816020719588,0.21842010643497298,0.48317254601350046,0.29840734755152654,0.45205405033271495,0.7319528430755479,0.617599965092364,7.362560925693844e-09,18.129723513252383,346.37941599430746,18.142441025764498,-0.031352287592193426,0.583986948398794,5.007500515559631,0.738384326747804
sub-008,61,720.0,724.0,3-back,HIGH,39.98049740508723,100.80732643968838,72.142121341248,0.18776362042529415,0.47342954205722126,0.3388068375174846,0.39660309242510267,0.5541907648649634,0.7156436331481286,9.844947423077207e-09,19.859013888726082,415.10623581696257,19.86727193369435,0.029669840131813858,0.40005976098113516,4.799961429338327,0.7442998265829461
sub-008,62,722.0,726.0,3-back,HIGH,38.04668804453788,96.84311742497687,73.80394546916511,0.18230870772799074,0.46404416514336416,0.3536471271286451,0.39286930301487005,0.5155102183586321,0.7620979934515232,4.490700215196036e-09,19.53593451006605,404.35822010100946,19.548974821454447,0.08395251945415287,0.5853350459523806,5.067598349775448,0.6803522475383005
sub-008,63,724.0,728.0,3-back,HIGH,56.583900038876344,47.96773459220789,47.34338997752061,0.3725197726830012,0.3157952982055116,0.3116849291114872,1.1796241894664774,1.1951805746429074,0.9869840712721776,2.084231383972074e-09,19.65111779553385,410.2591549410276,19.67819997520351,0.0018713496468897482,0.5863087767147553,4.9108777671605575,0.6701322662506227
sub-008,64,736.0,740.0,3-back,HIGH,60.747618057988575,54.99869729675265,66.0263649104188,0.3341955346060435,0.30256855549757844,0.36323590989637805,1.1045283078291268,0.9200509242089555,1.2005077966513449,-1.8282596956821277e-09,20.63224358691789,451.83632389286754,20.74274049515487,-0.04238452882354976,0.22296501138932187,4.94072131935153,0.6528860090400558
sub-008,65,738.0,742.0,3-back,HIGH,83.1228037617996,53.917612502297956,66.04721052572928,0.40929526370320174,0.2654894015680074,0.32521533472879083,1.5416632878218954,1.2585361758679932,1.2249654140919977,3.73622121052192e-09,20.595541457644373,453.73267106233317,20.601644514526686,-0.0653864048741115,0.23863669814827707,4.953035867497517,0.6585200017182122
sub-008,66,740.0,744.0,3-back,HIGH,55.60026498094455,57.14942101042918,59.588520121756275,0.3226229762682235,0.3316120220777621,0.3457650016540144,0.9728928832157036,0.9330700757014508,1.0426793319722694,2.0588699283464215e-09,18.528659739326564,365.90335638002836,18.555390029834683,-0.10153868785958156,0.664070811193667,5.195794160137663,0.6219781508563933
sub-008,67,742.0,746.0,3-back,HIGH,54.71673847007354,77.33355809687406,67.05483302034226,0.2748133038234212,0.38840565412439654,0.33678104205218223,0.7075419755228523,0.8159999213401107,0.8670858379016279,2.664432096008272e-10,17.918860006905568,338.0549767355129,17.925336583877456,-0.05853808737259345,0.7304444155245285,5.2704811923770025,0.629834318635535
sub-008,68,744.0,748.0,3-back,HIGH,61.20508302507514,130.69001324497458,85.81123585180782,0.2203949854417376,0.47060508936334877,0.30899992519491365,0.4683225711389899,0.7132525527399883,0.6566013249302928,-2.0583733197442276e-09,20.275519232568296,432.81275153693156,20.301694145037338,0.12299939781040811,0.5149992073996625,5.032199111529357,0.6794883440377657
sub-008,69,750.0,754.0,3-back,HIGH,47.48826802139266,70.05175631057172,57.989772364471705,0.2705424885982156,0.39908754883206693,0.33036996256971746,0.6779026040525706,0.8189076467299095,0.8278132543512017,2.1634673701654314e-09,19.06328212330019,379.03689415125865,19.097340303093517,0.0019284941677512864,0.6422364228099158,5.043577520756311,0.7235679138766044
sub-008,70,752.0,756.0,3-back,HIGH,51.852174380112295,115.76085686300891,62.29162460504673,0.22553773079896283,0.5035168010666948,0.27094546813434234,0.4479249358137874,0.8324100504502069,0.5381061119715317,-2.4696714556445666e-09,20.395196682542288,432.8731965472241,20.406483889379093,0.004848845081462263,0.4933998546969569,4.849433457464915,0.6322858724486327
sub-008,71,754.0,758.0,3-back,HIGH,50.6257536226566,89.79739203583156,59.070571393380796,0.25377116818919043,0.4501264168258691,0.29610241498494044,0.5637775493797812,0.8570384952858187,0.6578205675484434,-6.026382667743603e-09,18.32032905972974,349.9795924230185,18.357852664976132,0.0289953156426011,0.4439503275410332,5.075043836199684,0.6374458428983922
sub-008,72,756.0,760.0,3-back,HIGH,60.32868078260162,93.51565428007494,62.98616453745479,0.27822968122038616,0.43128459535227803,0.29048572342733575,0.6451185231717471,0.9578084524693848,0.6735360515022888,-1.8027243908173767e-09,19.982709359529792,414.86714955038946,20.0105169797303,-0.0715929232863909,0.4835593895291238,5.086694351686367,0.7918837086115683
sub-008,73,758.0,762.0,3-back,HIGH,64.64267614948432,152.6935547966251,78.2781880341959,0.21867227035969106,0.5165294552387784,0.26479827440153053,0.42334908133865173,0.8258070066880584,0.5126489336007393,1.4790602777624502e-09,23.99661523073664,613.9765411421854,24.007243955497152,-0.05155174715487947,0.18432594927548526,4.821772510452833,0.704629392394156
sub-008,74,760.0,764.0,3-back,HIGH,63.16066017906057,94.55997232778378,89.26618139706598,0.2557248266850111,0.3828543347442513,0.3614208385707376,0.6679428792567719,0.7075541844689747,0.9440165769891794,8.363864337954546e-10,25.1323074741877,691.956268060055,25.159311298343948,-0.028181012624042687,0.2051270659982877,4.6072598981235044,0.6440019141862315
sub-008,75,762.0,766.0,3-back,HIGH,50.63049282156232,59.034160888012714,70.31796232415994,0.28130768369358744,0.32799923786499285,0.39069307844141965,0.8576473699288777,0.7200221842060778,1.1911402019849573,-3.218494056062881e-09,21.626662646037165,507.02413386734656,21.64545120376556,-0.011655576321902407,0.6684016558826089,4.979396669069903,0.638584670227217
sub-008,76,764.0,768.0,3-back,HIGH,51.05277248685677,37.53987909833241,59.62788788484996,0.3444379076570317,0.25327042549268697,0.40229166685028134,1.3599610257968204,0.8561895163123507,1.5883878509214149,-5.471049525698914e-09,17.214754815465568,306.14743028974647,17.241392239829878,0.010067247456745506,0.4866917372885795,5.182488632155696,0.6791162708205427
sub-008,77,766.0,770.0,3-back,HIGH,43.5548398005156,61.31832242072594,63.670323690184695,0.2584190042408684,0.3638130663379671,0.37776792942116444,0.7103071004074603,0.6840681384384094,1.0383572344546688,-4.779370992536476e-09,18.117333260757235,342.2498445218294,18.12533517908291,-0.03427931531887629,0.3912318055762941,4.951209022642416,0.7641100270034847
sub-008,78,780.0,784.0,3-back,HIGH,44.24498165092311,47.854788155424764,62.18544199397788,0.28677396319865367,0.31017093340972895,0.4030551033916174,0.9245674958840571,0.7115006379661634,1.2994612324269292,2.4735486290806743e-09,17.069500814239035,306.23923697551743,17.089380554874793,0.06694716314301691,0.4742350861615802,5.298367413163544,0.7418726018085295
sub-008,79,782.0,786.0,3-back,HIGH,51.912670251562965,62.39554195775815,53.040902986254956,0.31020582445801476,0.3728465602273324,0.31694761531465276,0.8319932582155933,0.9787290058959901,0.8500752028432369,-3.102627862230484e-10,17.838486455121533,337.3099716476285,17.902012884739737,0.07446539179757665,0.6059879630738885,5.202757830610806,0.7177173679987419
sub-008,80,784.0,788.0,3-back,HIGH,61.02340266626711,113.83207083910013,71.30890696813634,0.2478969644141326,0.46242299808014947,0.28968003750571797,0.536082689319803,0.8557612963207358,0.626439512542387,-2.629359525429502e-09,19.372795466446874,405.03249818417135,19.396543884569102,-0.027954143562026745,0.976394767478269,4.940298412568683,0.6563850970929391
sub-008,81,786.0,790.0,3-back,HIGH,78.18848980252572,135.60205469493525,82.12229752563981,0.26422810604624536,0.4582499825551651,0.27752191139858956,0.5766025446917219,0.9520981774543522,0.6056124865540632,-5.307680362472218e-09,22.179278061830193,523.292817838856,22.195071911258022,0.0756458656118968,0.5197950851772598,4.893562846358633,0.5978686453631228
sub-008,82,792.0,796.0,3-back,HIGH,52.224384977118554,58.26647837479121,52.591350998647926,0.3202334796905458,0.3572828502901178,0.3224836700193363,0.8963024097868467,0.9930223123277665,0.9026004739871388,2.112087779524897e-09,21.721606970852452,511.1243720944297,21.734517306636782,0.00852235319783498,0.2844133298814852,4.6202344051610575,0.6036497188708364
sub-008,83,798.0,802.0,3-back,HIGH,52.80865571279962,57.91433113678661,61.869404626975104,0.3059732544465683,0.3355555284987843,0.3584712170546475,0.9118408980338907,0.8535504104362273,1.0682917925935653,-6.678573483716383e-11,20.171660380375926,440.72202314105965,20.19856095117898,0.04523013823710151,0.9992556587159518,4.728109577243697,0.6360162012707029
sub-008,84,800.0,804.0,3-back,HIGH,40.23289037945121,84.21899095473562,51.91597991697072,0.22811917145243013,0.4775189218561943,0.29436190669137563,0.4777175542399315,0.7749615907047448,0.6164402984224011,2.72465287174278e-09,20.490198841445764,455.2562733051217,20.525585384807115,-0.021275048332723114,0.6100695600091164,4.581058829349893,0.7115531938023639
sub-008,85,802.0,806.0,3-back,HIGH,41.24858553105967,70.56622641119755,60.95464940330168,0.2387492859548698,0.40844154899607477,0.35280916504905535,0.5845372160146328,0.6767094214280788,0.8637935242294508,2.4202818696563243e-09,19.524832771112077,405.07486629703703,19.55983014709026,0.07311712803205414,0.27789573798405615,5.0329534236151385,0.686893938314671
sub-008,86,828.0,832.0,4-back,HIGH,54.03185416058433,77.13406113441282,65.81720496333669,0.27429687421807597,0.3915770094069747,0.3341261163749494,0.7004927961258143,0.8209381451351913,0.8532832836150619,-1.0937599364225254e-09,19.025270898792687,381.82292608533425,19.038781859246274,0.056692623701731386,0.46367466549459746,5.148648481145846,0.6444507507923716
sub-008,87,830.0,834.0,4-back,HIGH,61.19021132889496,139.09213872901992,79.18982715688064,0.21894920610242233,0.49769583546814783,0.28335495842942987,0.43992573475418384,0.7727029282141611,0.5693335934042879,-6.445766961118544e-09,20.499399028761,444.2946337481959,20.511478682924906,0.09202094942304813,0.563873154645345,5.026930087197124,0.6523882919250246
sub-008,88,832.0,836.0,4-back,HIGH,41.89294391656038,121.1688771126361,69.99798762403613,0.17975190213466824,0.5199046451330528,0.30034345273227886,0.3457401348831314,0.5984878328441409,0.5776894966103172,-4.8172319233012664e-09,20.85806618508791,460.8620108832297,20.879228716378304,-0.028467436492352095,0.9635550772101942,4.819806430748664,0.7467254397883248
sub-008,89,834.0,838.0,4-back,HIGH,78.57767401771586,105.56930122542701,60.505745179069415,0.32118046299305203,0.4315067539132185,0.24731278309372942,0.7443231422923348,1.2986812043246767,0.5731376875354011,-1.7897471107481149e-09,22.28044817227371,532.9243841191392,22.29690517413884,-0.0354797535591166,0.4049266624082084,4.652183304748989,0.4888861258060698
sub-008,90,848.0,852.0,4-back,HIGH,55.13285548813031,54.63880946240255,63.19586601192845,0.31874684908403794,0.31589055563417084,0.36536259528179127,1.0090420349672464,0.8724123738999602,1.1566113287189044,-1.4536009355257001e-09,18.378194188531335,353.05704974020006,18.40239608702331,-0.05205852470784636,0.6204480647278953,5.11717149255151,0.6680254317861835
sub-008,91,850.0,854.0,4-back,HIGH,52.402740020506805,36.01194676904043,59.8390877806605,0.35346648119026963,0.24290745293629235,0.4036260658734381,1.4551487692844638,0.875727588170937,1.6616454579485365,-5.628051089495419e-09,17.388336111709595,317.3496717791662,17.426253109897942,-0.05109616098564287,0.5363991324294113,5.281010628803702,0.7077561609605271
sub-008,92,852.0,856.0,4-back,HIGH,66.91395169903892,60.98308117459729,65.4243852853769,0.3461279786598712,0.31544917141274403,0.33842284992738486,1.0972543599012534,1.0227677555878383,1.0728284636531231,-1.3188263580625397e-09,18.202563939964165,342.77531674790805,18.226189699770927,-0.06439733995807281,0.48993438720330656,5.107649056008332,0.7691026077579235
sub-008,93,884.0,888.0,4-back,HIGH,53.066889061751624,70.37633494922542,72.91458177470817,0.2702560707959402,0.35840864419740814,0.3713352850066516,0.7540445108435657,0.7277952882691964,1.0360667662974212,-2.226434510439234e-09,18.737152026548284,368.28696406490224,18.766587382703047,0.011530236584058905,0.5004946139829562,5.284248480506247,0.727919545226753
sub-008,94,886.0,890.0,4-back,HIGH,58.71660781868933,70.91560186730942,66.83619909704643,0.29886030116693474,0.36095167821926843,0.34018802061379677,0.8279786996457325,0.878515065367984,0.9424752429247377,-8.254223889187827e-09,20.447515404347282,443.69854891352014,20.475703049134015,-0.13458942552567238,1.141926477523428,4.8559407644078325,0.669660746789761
sub-008,95,888.0,892.0,4-back,HIGH,43.92411502708815,46.498607024575854,52.26278360195247,0.30783866115818653,0.32588178323771677,0.3662795556040967,0.9446329220974939,0.840447293462708,1.123964500147931,-6.660843689475446e-09,18.73109939109948,373.9596785454005,18.76427240545195,-0.19822272448486145,1.1713678686654692,5.136899801954825,0.55621384973411
sub-008,96,890.0,894.0,4-back,HIGH,42.77036045007148,95.7542549409419,60.5075517264857,0.21489169851033124,0.48109939376991845,0.3040089077197503,0.44666798855519096,0.7068598750021776,0.6319045745153026,5.6149536621130065e-09,18.236921106547765,349.14238008299213,18.25708450490351,-0.005751174825972965,0.5207287524017976,4.96316821740171,0.7566302937001385
sub-008,97,892.0,896.0,4-back,HIGH,57.164591747326334,117.17967897373963,56.57527753737108,0.2475519815383916,0.5074480695007954,0.24499994896081306,0.4878370742092331,1.0104164616703113,0.4828079239750247,5.122329355999293e-09,19.28024737523594,391.4824192693281,19.31060633467623,0.03538684661711598,0.2667614531423014,4.87562883774347,0.6307088330792378
sub-008,98,894.0,898.0,4-back,HIGH,66.52925419129356,37.844363553290634,46.6896649319108,0.44040651714002055,0.25051993365148223,0.3090735492084972,1.7579699576030714,1.4249246442079964,1.2337283692501428,-5.448175872435038e-10,19.567770211680724,408.8738638702418,19.589422672002197,-0.05596896116982845,0.7625048636008241,4.940673482624947,0.6431843087758708
sub-008,99,904.0,908.0,4-back,HIGH,39.84667921213345,76.84039322633419,49.5177927155724,0.23974436112446665,0.4623233691451684,0.297932269730365,0.5185642282538123,0.8046941720728685,0.6444239889522327,-3.84882199795144e-09,19.208897704544622,403.48376268739287,19.22893003156278,-0.05139898422205749,0.392545230466844,4.681235227684414,0.1922923704566437
sub-008,100,910.0,914.0,4-back,HIGH,48.48876472234901,63.09347674395679,56.07049683110936,0.2892214300510271,0.3763343049728735,0.33444426497609936,0.7685226306219264,0.8647821485941639,0.8886892865113808,-4.204254850692062e-09,19.87084940036409,430.0006746220644,19.901494659837663,-0.06197114114239066,0.9028633172354045,4.630399154298071,0.10663490610062906
sub-008,101,912.0,916.0,4-back,HIGH,43.02544653747331,42.86899225394198,58.02273358165369,0.29895978240831944,0.2978726690294813,0.4031675485621993,1.0036495908885503,0.7415273959287847,1.353489562757759,-1.0155142691671341e-09,19.387858439504072,406.05113944287757,19.430618553380803,-0.07888053337512356,0.7811078666619783,5.173264262294463,0.6415506839810033
sub-008,102,914.0,918.0,4-back,HIGH,57.17128748002144,42.96917431915948,51.40051878444909,0.3772661841030563,0.28354821351737486,0.33918560237956885,1.3305186423963795,1.1122706313485353,1.1962184426134101,-1.4285018197574872e-09,17.42186335925988,316.717072686485,17.431631700803166,0.021465079955517972,0.6802366827310824,4.972304731510601,0.6654827340623635
sub-008,103,922.0,926.0,4-back,HIGH,73.06357903227732,54.0776550074684,59.78484443191206,0.39086883772269054,0.2892996817224077,0.3198314805549018,1.3510863039861263,1.2221087087629403,1.1055369250692448,2.812519404505945e-09,21.548255969803453,484.3019083604032,21.566651674204753,0.07132025175389863,0.2250117208768813,4.7435186049222215,0.6098475477479754
sub-008,104,924.0,928.0,4-back,HIGH,104.3934401364216,88.4107897568203,50.89241375830435,0.4283745503105505,0.3627903463587949,0.2088351033306545,1.1807771474902853,2.0512573962831,0.5756357781475235,3.083593170279193e-09,23.94430137492252,612.7581064388695,23.982810647895473,0.010980031718935433,-0.00873718695269713,4.570190180895809,0.23327387257908644
sub-008,105,930.0,934.0,4-back,HIGH,57.39570649601258,70.72845365115023,52.76855667625975,0.31729141727712057,0.3909966907080699,0.29171189201480946,0.8114938689187526,1.0876876327723126,0.7460725344926524,-6.706110520694533e-10,19.35889714926012,393.90299603780124,19.396291419649277,0.07013221851459417,0.36444842492053675,4.87719127250379,0.6606595318833188
sub-008,106,932.0,936.0,4-back,HIGH,40.05901354191475,55.48949133579756,53.98052877779166,0.267901240064225,0.37109509758244236,0.3610036623533326,0.7219207200782494,0.7421011696053557,0.9728063364489263,9.258326503108468e-10,16.843646100956896,295.6901111576055,16.86220874380458,0.03859303710925137,0.11314955743818059,5.190778434153874,0.6645759147049155
sub-008,107,934.0,938.0,4-back,HIGH,36.050836197547845,34.33622355255894,52.18413659368913,0.29412159849064407,0.28013289073438097,0.4257455107749749,1.0499359704588456,0.6908389896002924,1.5197983701908901,3.3907003929724654e-09,16.265189233632046,274.13622666867485,16.29494230751333,0.013153232316956682,0.26889797501910895,4.976537341040337,0.7160217789920826
sub-008,108,936.0,940.0,4-back,HIGH,44.062297137940966,38.37099006806536,57.67775222295026,0.31448126655489406,0.27386129047683927,0.4116574429682667,1.1483231748719525,0.7639392216191179,1.5031603855057456,2.9052828330234983e-09,16.560754499771182,285.98422460128205,16.568083061454203,0.047294002551229085,0.2899994737313582,5.090666130416511,0.7035681009810565
sub-008,109,938.0,942.0,4-back,HIGH,46.25123890225715,49.269405256471686,62.279352528731685,0.29310037942435824,0.31222690932025127,0.3946727112553905,0.9387415711940609,0.7426416143443335,1.26405732329296,-1.3073538801241337e-09,17.16369088214617,307.8806785395348,17.18680937310135,0.03547284010284683,0.49419924387417424,5.202105674040191,0.7003580856209687
sub-008,110,940.0,944.0,4-back,HIGH,44.03530871524234,84.63484932541849,61.970496117388905,0.23098592957373654,0.44394963760065764,0.3250644328256058,0.5202975968673127,0.7105850602168415,0.732210154697791,-4.4632825856258235e-09,18.583024544115204,381.8863677423265,18.6072988715569,0.08693745531585943,0.5824735236809149,4.976435922690101,0.6267016618457714
sub-008,111,942.0,946.0,4-back,HIGH,36.64517988922859,71.67108122969724,69.42500900759467,0.20617147533121416,0.40323263797248693,0.390595886696299,0.5112965963466516,0.5278383166679868,0.9686613877792052,-1.273453705059368e-09,20.385691424895878,454.3945897808766,20.406222502955178,0.06185819957716705,0.6092569547161366,5.02243123670078,0.5437588122069291
sub-008,112,944.0,948.0,4-back,HIGH,42.21859502777385,154.8414431869735,71.21605236698736,0.15736995024873923,0.5771719829792231,0.26545806677203765,0.272656946091585,0.5928241404088911,0.4599288853242788,-3.027641467943566e-09,21.109202000939597,473.1072175423693,21.125406064112298,0.027322413019071515,0.7687675660573551,4.931361859447757,0.6771156321810096
sub-008,113,946.0,950.0,4-back,HIGH,47.74149285780997,97.52432125670015,94.6958324328856,0.19895468106975325,0.4064162863519848,0.3946290325782619,0.4895342232851482,0.5041562192469887,0.9709970929572583,-2.3293211044205755e-09,19.03576101122224,381.72376290866447,19.05304060957608,0.025278511929808328,1.115178927272188,5.194086617388446,0.6745635570858457
sub-008,114,948.0,952.0,4-back,HIGH,44.11401541726957,64.26020169996421,72.1132565147169,0.244415939397693,0.356036906090244,0.399547154512063,0.6864904598843508,0.6117323991361667,1.122207129872066,2.3589420278247175e-09,18.487137856160846,359.31099386118586,18.49554787387217,0.053656614246071876,0.8421928062588686,4.999043503165108,0.6800200654051844
sub-008,115,950.0,954.0,4-back,HIGH,47.81925487755892,73.57352502412927,52.745546274627934,0.27460499895434637,0.4225004721225793,0.30289452892307434,0.6499519339582555,0.906602704019416,0.716909326518329,3.670337384897275e-09,20.686786496434543,453.6259973268849,20.69813594534741,-0.008091876356728414,0.6517775723943791,4.678771886713586,0.684074147895165
sub-008,116,968.0,972.0,4-back,HIGH,52.230287147193934,63.523599947618884,62.69310602791052,0.2926935681750244,0.35598022043404115,0.3513262113909344,0.8222186272544797,0.8331105356933726,0.9869262145030636,-1.0062990090332098e-09,19.2606798814535,392.8347322807619,19.29731571353232,-0.09155111231016189,-0.0970585873277738,4.908397712174507,0.6444794889024991
sub-008,117,970.0,974.0,4-back,HIGH,53.75843719988857,51.60713605154048,64.7233272599035,0.31606081900862654,0.30341272062077934,0.380526460370594,1.04168611771441,0.8305882820890182,1.2541546036436466,-2.813594190964608e-09,19.981837340415925,424.3503807724616,20.008666829938594,0.0235848112155095,0.3141597261774404,4.798247543271051,0.6921231087809794
sub-008,118,972.0,976.0,4-back,HIGH,67.97285169088873,52.10596114584835,44.45863264202525,0.41311478668642837,0.3166814763304073,0.2702037369831644,1.3045120020073675,1.5289010851547487,0.8532350553439044,-2.639661325777952e-10,20.382104897303854,461.10479014752184,20.422009683965452,0.1518818808433049,0.737994995175456,4.809445839870092,0.7370636234250549
sub-008,119,978.0,982.0,4-back,HIGH,45.29844092886438,68.84689658082664,50.28624556031786,0.27548503811203945,0.4186963069711138,0.3058186549168467,0.6579590828133227,0.9008117512875234,0.7304068601157865,1.2834261840423193e-09,19.033687685167422,380.8597271669859,19.144684081149702,-0.030292209518509743,0.6175277568173662,5.060732233550339,0.6690839263658495
sub-010,0,362.0,366.0,1-back,LOW,49.96172761336205,63.38768119294442,162.15271088078353,0.18134788824894568,0.23008055714757814,0.5885715546034762,0.7881930159471303,0.3081152781349087,2.558110784762899,-0.06690218999451836,26.11057166733544,775.7707206549202,26.335214241291368,0.015451535843703517,0.020262286309031,5.101976663890549,0.6778280363606257
sub-010,1,374.0,378.0,1-back,LOW,53.60863913146101,56.17328323880347,181.8846241964151,0.1838011241347668,0.19259419326638946,0.6236046825988437,0.9543440589641224,0.2947398075472815,3.2379204794419523,-0.15703751816581948,24.937014003337755,691.5075518362078,24.986256093111987,0.038336394508495686,0.05335876174848191,5.278433660904436,0.8315490594489529
sub-010,2,382.0,386.0,1-back,LOW,69.01270734962239,84.3964466272303,180.89973642001624,0.20643395773200995,0.2524505002754804,0.5411155419925097,0.8177205333589911,0.38149700334215775,2.143452048627476,0.2539685138538958,26.7019403721568,810.0351683403289,27.00492662872507,0.0032599745861539835,-0.004535142898169966,5.186430965601355,0.7597376006291052
sub-010,3,488.0,492.0,2-back,MODERATE,55.215470994920786,52.04774615296953,152.73000716502253,0.21237273063880555,0.20018885603852454,0.5874384133226699,1.0608619023125658,0.36152339687420615,2.9344211508437943,0.06701632424133021,25.631562127317835,748.1931273618119,25.724827057304076,0.01102040711043082,-0.12933889173111457,5.001151755351608,0.816828871366502
sub-011,0,358.0,362.0,1-back,LOW,49.233567300771554,30.895863481858825,66.43660394588296,0.3359138929559478,0.21079824898782135,0.45328785805623095,1.593532652993502,0.7410608667004649,2.150339769105099,-0.11378421791208372,18.917630438107413,423.0357796690472,18.93825707160235,-0.1804253590367498,0.6830660166766768,4.833351021491226,0.3641024680136137
sub-011,1,360.0,364.0,1-back,LOW,40.81934417782038,33.59225885948741,66.82452859575496,0.289014883839149,0.2378446539923755,0.47314046216847555,1.2151413916093898,0.6108437281278994,1.989283569029232,0.10205940946914167,16.142197238007842,280.7514793074514,16.160182675107166,0.012611336040706134,0.29408654833184417,5.361554164881721,0.6719960071064397
sub-011,2,362.0,366.0,1-back,LOW,40.64342053673693,33.97607928101549,64.25259173362996,0.2926680233781815,0.2446573598874934,0.4626746167343252,1.1962363344097475,0.6325569045561795,1.891112603140522,0.01658828967443775,17.53881918336002,339.5023966745716,17.54773049474839,-0.07563019594310082,0.6542882423322328,5.186852935088219,0.8210370195850795
sub-011,3,364.0,368.0,1-back,LOW,36.47638138992311,31.726629350411514,76.0474318486379,0.25286841922460496,0.2199412964077582,0.5271902843676368,1.149708687520882,0.4796530336819842,2.3969590657966164,-0.0491546024477403,18.152947918777063,366.51563755722196,18.165220091953753,-0.06271832114335726,0.683617362249677,5.224214405691381,0.6822425245485568
sub-011,4,366.0,370.0,1-back,LOW,30.266442759797542,37.80671496951892,88.66432555030102,0.19310277367285927,0.24121042509067386,0.5656868012364668,0.8005573291464068,0.3413598713117915,2.3452004656258882,0.1047941959338231,16.504337170110873,292.16118400595775,16.522521335812414,0.11511384532686952,0.4046298769377095,5.467703368198064,0.5099702406212462
sub-011,5,368.0,372.0,1-back,LOW,27.390845214767253,44.322474760283484,90.23514257348229,0.16913309817040537,0.27368259051549093,0.5571843113141037,0.6179899782877571,0.3035496418976867,2.035877803789518,-0.009944218174032057,17.169175236868373,314.6158889733338,17.17963319802233,0.150824737879242,0.768295977365305,5.404041242487284,0.8680591375424209
sub-011,6,370.0,374.0,1-back,LOW,46.60023266592299,50.70841882993153,81.81459516539736,0.26015736949012996,0.283092338795246,0.4567502917146241,0.9189841399356823,0.5695833680007265,1.613432188445696,-0.09613551740757358,19.061774081467668,401.3590457944484,19.08348961497875,0.059502089038931866,0.7772325284594208,5.224242880650951,0.44869122444830484
sub-011,7,372.0,376.0,1-back,LOW,45.85620731901275,41.564571998838055,81.91017074028642,0.27080818541010204,0.24546352562580842,0.48372828896408954,1.1032522437689163,0.5598353281964165,1.970672782161121,0.06252335876198241,19.48778264923332,421.31110226089896,19.49896178103143,0.019963910084889003,0.8347791285394502,5.128311740114208,0.6587922904661838
sub-011,8,374.0,378.0,1-back,LOW,30.70352582356036,33.44526046061235,81.73534877865525,0.21046514626376103,0.2292590653960314,0.5602757883402075,0.9180232236408843,0.3756456206812984,2.4438544551002352,0.09753724759246066,18.140862474356464,358.3036627281173,18.157985660338383,0.03604276396552617,0.22531048439576468,5.205637500331725,0.8130499688306992
sub-011,9,376.0,380.0,1-back,LOW,28.436209691011868,41.329811861531596,89.22527019550357,0.17885388173381617,0.2599501608366501,0.5611959574295337,0.6880314332492604,0.3187013009734196,2.1588598199875055,-0.020152623755652476,17.933375067131124,343.019627518485,17.94901662032719,-0.028437478473181052,0.15991594285470606,5.282167164055035,0.7815152062636864
sub-011,10,378.0,382.0,1-back,LOW,37.881057406771845,36.834567516495746,82.84188970610673,0.24042685298686142,0.23378489818871817,0.5257882488244204,1.0284105382751527,0.4572693542018444,2.2490257193601466,-0.07808324258710708,17.942890560797263,348.0049389635886,17.95385780260122,-0.04205873584770971,0.37297547664880465,5.105179361845004,0.6854114680041299
sub-011,11,380.0,384.0,1-back,LOW,35.16607024992161,61.15203017173425,79.09584042574834,0.20047477458198842,0.34861556542379674,0.4509096599942148,0.5750597347490207,0.4446007534736793,1.2934295100853102,-0.04847673150096278,17.939908391419248,339.7061714979129,17.965540862856916,-0.0037125206292644678,0.49958173256343896,5.379799593977995,0.7585403623811954
sub-011,12,392.0,396.0,1-back,LOW,50.83450243379332,42.394097270841165,82.73252864158631,0.28889620629035434,0.2409287646043427,0.47017502910530296,1.199093876419383,0.6144439589658675,1.9515105632049887,-0.03047817915901503,17.019568267366868,306.07537068575914,17.030928279390274,0.10410345427942276,0.3918021972418795,5.505990452767446,0.8847888489979171
sub-011,13,394.0,398.0,1-back,LOW,57.44071869688387,87.98640698168656,76.43911748426143,0.2588979642780855,0.3965741057647587,0.3445279299571558,0.6528362808227816,0.7514571149871102,0.8687605291141327,-0.01658661844605049,18.88062919749919,383.31794332454575,18.898382684624853,0.02331923819439617,1.0045151376633037,5.220998522894683,0.5984900948985628
sub-011,14,396.0,400.0,1-back,LOW,35.93699749253845,53.331959366192244,67.02525283945312,0.22993172659393826,0.34122799218973227,0.4288402812163295,0.6738360622714967,0.5361710097329888,1.25675586713848,-0.00897010867709954,19.26912577054764,399.34521373326896,19.274942420980782,0.008164375870798931,0.7566727983963424,5.053506047847871,0.3283131689048937
sub-011,15,398.0,402.0,1-back,LOW,36.828642489552294,33.24643265616668,60.45525973778567,0.28214623460838445,0.25470273010360667,0.46315103528800877,1.107747194125538,0.6091883923630503,1.8183983936866737,-0.0720957786038869,18.06642580600607,357.16055680623236,18.085761519553103,-0.00544233416210446,0.26203614758487576,5.075198421264061,0.7225692333492175
sub-011,16,400.0,404.0,1-back,LOW,27.17355517590281,18.220561112389177,29.81899284088101,0.3612874868559711,0.24225246533947561,0.3964600478045533,1.4913676372691942,0.9112834669133634,1.6365573297633194,-0.015479928886454232,17.635310057353344,348.5236885268266,17.665412031649566,-0.055699982172780584,0.7743186933550141,4.56252100982287,0.3785527758889712
sub-011,17,402.0,406.0,1-back,LOW,41.42875259996465,28.255234387656262,55.425799820848034,0.331139183087156,0.22584351798882296,0.44301729892402103,1.4662328413762318,0.7474633245505554,1.9616117516640263,0.06867572814755872,18.393486243558893,363.252360485804,18.42365693614121,-0.029195070632393606,1.215435386538377,4.868484163725663,0.2106339540787987
sub-011,18,404.0,408.0,1-back,LOW,36.09265665711056,44.95178533517485,65.86773390530784,0.24567505338883106,0.30597726199705183,0.44834768461411717,0.8029193142828966,0.5479565565288423,1.4652973939561469,0.034757138518188686,18.047589787132726,343.1960209197532,18.06272414727747,0.05268609396298043,0.4422263350825465,4.944677872836163,0.7222477240939307
sub-011,19,406.0,410.0,1-back,LOW,37.13494873717908,36.8138116894755,58.36002467765652,0.2806688059897324,0.27824162742067216,0.4410895665895956,1.0087232762098195,0.6363079683788485,1.585275254024857,0.012733763553991952,18.440056940434303,361.25072607781914,18.47330218269545,-0.027775310091118863,0.20419846273668935,4.925102087708803,0.46056614165806664
sub-011,20,408.0,412.0,1-back,LOW,41.02115245137512,113.66856223833639,78.23240199020927,0.17611531715447176,0.48801103071950264,0.33587365212602566,0.3608838859540016,0.5243499037203139,0.6882501234261609,-0.016813922799042088,19.68176350997397,403.9380252899797,19.68496595393667,0.07327288847253721,0.3719195381816439,5.06238813939979,0.39289326880308595
sub-011,21,410.0,414.0,1-back,LOW,48.041659288379975,48.48254844385392,64.9808432686636,0.2974622712457024,0.3001921496782444,0.4023455790760532,0.9909062297749359,0.7393203423007533,1.3402934737210819,0.03078516948535308,20.2318696544911,433.95847122000293,20.248139188860222,-0.05769472337308463,0.7944223033461182,5.023039774573797,0.7130471360372098
sub-011,22,412.0,416.0,1-back,LOW,51.23442645134062,31.04067287827627,63.79114659294296,0.3507615748439488,0.2125109239456537,0.43672750121039733,1.650557855245364,0.8031588894031345,2.0550825957637993,-0.030698774425333725,19.129768627040562,404.41541516672686,19.136573122138937,-0.16267632031796286,0.5437008057517091,4.836478962283786,0.26260490152082144
sub-011,23,418.0,422.0,1-back,LOW,48.99811498831038,30.660860966336802,54.56666751766847,0.36504287646358985,0.228427744305511,0.40652937923089916,1.5980671593699352,0.8979495581701957,1.7796847772010822,0.07016207416601043,16.982890824757938,305.09712438385986,17.012713706471107,0.09428285082527908,-0.04361432374676414,5.194988711194661,0.48675953043158965
sub-011,24,420.0,424.0,1-back,LOW,38.10836668950432,47.576128570477884,71.13527917803125,0.24300740659825085,0.3033809271883848,0.45361166621336435,0.8009976396682152,0.5357168360038341,1.4951884761420537,0.03559879047466892,17.741560700827826,327.8921786641177,17.766090771101453,0.10490084309506721,0.2857475920647992,5.349931257953626,0.31365969907757957
sub-011,25,422.0,426.0,1-back,LOW,51.7669481397577,69.6081940509315,65.88628339113868,0.2764421341924316,0.37171667274590253,0.35184119306166584,0.7436904353800707,0.7857014461179951,0.9465305671187282,-0.026425428474195992,18.17368796562522,354.7483458899433,18.185754851803253,0.22412278931605856,0.7527321181632772,5.1294183609862065,0.761104155119167
sub-011,26,436.0,440.0,1-back,LOW,28.60770322218282,24.86231411484312,48.82380802482928,0.2796620726714016,0.2430480434854686,0.47728988384312976,1.1506452331846155,0.5859375656981612,1.9637676444479013,-0.08912293321423978,18.517815217711558,373.9438759345923,18.529532738788383,-0.0006535265394858603,0.15129229277268727,4.628978447369366,0.31974418710015884
sub-011,27,438.0,442.0,1-back,LOW,45.78018748554557,41.85606158823447,62.859687568562144,0.3041955052536965,0.2781208750353611,0.4176836197109425,1.0937528699167949,0.7282916803493865,1.5018060749946835,-0.01459415054707645,18.101784700094992,346.35813037203025,18.127180994993818,-0.04023378619562779,0.38594691167115447,5.1756449227729675,0.09344688058729939
sub-011,28,450.0,454.0,1-back,LOW,36.409636616160306,42.74993656137555,71.92902060270673,0.24098203381995795,0.28294615425142594,0.47607181192861614,0.8516886700846314,0.5061884106175386,1.6825526863516893,-0.04341233612508569,18.649957840443495,384.92003332363794,18.674335459514108,0.07163208321437271,0.22184778294268,4.950589507025576,0.43025864988517454
sub-011,29,452.0,456.0,1-back,LOW,44.173408370437016,33.287895314231,63.822538007957554,0.31265718599682363,0.23561006634185042,0.451732747661326,1.3270111538578506,0.6921286703598244,1.917289675585846,0.024109941215892657,19.254372429561858,404.58554958470876,19.294721796688286,0.12341191419516774,0.20718983683251135,4.863901759530329,0.6781407384539273
sub-011,30,454.0,458.0,1-back,LOW,42.266673060107415,43.06535869162239,42.60289610744346,0.3303763387167673,0.33661924395679793,0.33300441732643477,0.9814541047426514,0.9921079767326592,0.9892613785597264,0.0238493928083845,19.51691700267827,417.01911236304693,19.530823579291482,0.1004460103756325,0.37009908612639103,4.761545521856331,0.5795939897142703
sub-011,31,456.0,460.0,1-back,LOW,27.082877912228415,94.47579572679808,53.775213987520495,0.15446459483014308,0.5388336333933753,0.30670177177648167,0.2866647240584855,0.5036312439131062,0.5691956714820994,-0.014582985348590968,18.11196941611114,353.0516044369516,18.155695045967366,0.029875434548389743,0.5173404585904398,5.193777476174804,0.0860813945263377
sub-011,32,458.0,462.0,1-back,LOW,48.02850879144089,92.2703166211081,65.14965077782206,0.23377398402768923,0.44911657819067635,0.31710943778163436,0.5205196053315992,0.737202858619014,0.7060737750077059,-0.06715855076496337,17.74430861802426,338.52696196679955,17.75897799323717,0.19230345223223283,1.8621055327776868,5.310727176810125,0.8095663807029979
sub-011,33,460.0,464.0,1-back,LOW,54.37688339520659,89.39435192962456,67.05381048380703,0.2579242100322532,0.4240214989008758,0.31805429106687105,0.6082809732544918,0.810943971757402,0.750090011688825,0.04015575517381436,19.25002860968512,406.41677020707056,19.261158266159573,0.07938861011673118,1.3018049078996223,5.2125404435319105,0.35647021856606215
sub-011,34,466.0,470.0,1-back,LOW,41.04867876783672,69.62998999733504,56.70573659196293,0.2452359804980305,0.4159885136776697,0.3387755058242997,0.5895258461103869,0.7238893493829452,0.8143866830101977,-0.043961253401245994,18.79249026145618,388.25999160282583,18.801461684230837,0.09896084469262935,0.13011422460702296,4.7991382319109395,0.22340635875024542
sub-011,35,468.0,472.0,1-back,LOW,39.52256951983241,42.79088312375365,65.14324280528076,0.2680283143435664,0.29019287997398624,0.44177880568244743,0.923621263097817,0.6067025192155242,1.522362663487987,-0.023768350821462857,17.484171624166652,335.8036556958194,17.49795915538337,0.029327138408893345,0.32428028556961086,5.256657780657261,0.22178667552401232
sub-011,36,470.0,474.0,1-back,LOW,48.215076492586434,119.16082040512238,68.6680269409449,0.20426315453704935,0.5048247735729643,0.29091207188998636,0.40462189106004015,0.702147398731171,0.5762634623317268,-0.017278391175154874,18.956612500233884,386.18773132434035,18.961241297701598,0.05320619696470887,0.8310624454661836,5.082071106407933,0.708933175731209
sub-011,37,472.0,476.0,1-back,LOW,57.45871989044787,120.45276569118275,85.4692837601777,0.21815837213186784,0.4573331834066536,0.32450844446147853,0.47702283597008266,0.6722733286460432,0.7095668021380611,-0.05619208964037824,21.632911898788507,507.038736490514,21.66775296220787,0.1316969569698514,0.432111684086412,4.880557004440423,0.41010761975003296
sub-011,38,474.0,478.0,1-back,LOW,44.60434706546356,43.25215687251703,60.971851678897394,0.29970328490550874,0.290617716585266,0.4096789985092252,1.031262954051795,0.7315563794973493,1.4096834952903745,0.0877073819836721,22.082692415080928,530.1888104294891,22.113128960168275,0.045352641238922,-0.029446908872375548,4.511166173910926,0.3892591972142032
sub-011,39,476.0,480.0,1-back,LOW,62.92358260218206,37.20816982565125,61.63801776035524,0.3889699696610953,0.23000694000100622,0.3810230903378985,1.6911227533368935,1.0208566869691529,1.6565721466327563,0.06552500872311043,19.913443619996666,430.6773699188865,19.948622223480232,0.05740615998718439,0.2135705019867737,4.869164135351531,0.3399889994161505
sub-011,40,478.0,482.0,1-back,LOW,41.58211460339737,36.16844175010909,59.535032353427,0.30288768832221435,0.26345403105142123,0.43365828062636447,1.1496794606384158,0.6984478375109809,1.6460491376642576,-0.02129298226355263,17.044082997168317,322.1649762769809,17.08421197052131,0.05179035235446966,0.2844783734216034,5.128800714605236,0.35734906917633713
sub-011,41,480.0,484.0,1-back,LOW,44.98899694013515,78.12241333084889,78.54214928964979,0.22310043541089944,0.3874090469866404,0.3894905176024601,0.575878227796247,0.5728006853265952,1.0053727981625877,-0.03906955999203353,20.390973723129463,458.52362254829353,20.396059840751303,-0.028572323593629104,0.9003141824205817,5.061629109381729,0.5603796634124887
sub-011,42,482.0,486.0,1-back,LOW,45.95960812277374,74.2021661393042,81.40996115917616,0.22800621340449934,0.3681179108977408,0.4038758756977599,0.6193836448991394,0.5645452653258437,1.097137258854955,-0.08135374178838929,20.565928406625755,470.1464115704934,20.576929085505192,-0.032452249800976087,0.8852346220557351,5.097343379132065,0.7131927716240678
sub-011,43,484.0,488.0,1-back,LOW,47.48491982821607,37.36089464149797,48.346919342645556,0.35651284022079077,0.28050249868834115,0.36298466109086813,1.2709791958641432,0.9821705389681543,1.2940514355067143,0.08525900054606177,17.715006822496278,329.6660845593505,17.735498101740585,0.07035010686739117,0.7573768246849761,4.985892902611091,0.47910690078923474
sub-011,44,486.0,490.0,1-back,LOW,35.301214710471456,75.10605399479331,61.86544228545637,0.20491472217194534,0.43597185858901727,0.35911341923903745,0.47001823199124126,0.5706128236760418,0.8237077971070769,0.03987550344978665,17.669912805209975,322.6751882099645,17.676817135641844,0.14092123839892257,0.3352483648213225,5.158670314479679,0.10955049313397665
sub-011,45,488.0,492.0,1-back,LOW,38.93613078241987,58.069624542466364,68.6500041308195,0.23504242116514462,0.3505439517060284,0.41441362712882707,0.6705077067261878,0.5671686589883251,1.1822016186899176,0.11303331301766822,17.608438829357254,334.225409356063,17.637487056866856,0.1333791449025992,0.2847504506455529,5.397392530669887,0.7512920546125714
sub-011,46,494.0,498.0,1-back,LOW,50.331909198800446,100.67694948477273,69.80163661467401,0.22794165255060675,0.45594277277802886,0.31611557467136436,0.4999347860297762,0.7210706172499607,0.6933229202105634,0.009343127994679798,19.459480132097756,410.26642493074934,19.467615340464807,0.24368021138652915,1.324795362486396,5.0238680732868755,0.7134805304771847
sub-011,47,506.0,510.0,1-back,LOW,50.425618683224435,58.74246434610511,93.35402050610158,0.24898822302822124,0.290054583280724,0.4609571936910548,0.8584185094129079,0.5401547615180499,1.5892084464837637,0.017440262393547522,19.137546366992204,395.81941836463665,19.14247071083138,-0.03643215823666148,0.742719262881475,5.240490602667542,0.7533444698877576
sub-011,48,508.0,512.0,1-back,LOW,61.76520313623477,82.76176586652868,90.31385784358453,0.2630087960669914,0.35241643021755403,0.3845747737154546,0.7463011753017036,0.6838950811204028,1.09125097680051,0.06519997459443731,18.635343683579503,373.05231929911736,18.651499209275954,0.08871658283075794,0.8526957661149311,5.426077963110864,0.7560075309596134
sub-011,49,514.0,518.0,1-back,LOW,48.02341467388665,76.6381207225607,72.27715277270975,0.24384957125660225,0.38914710682308246,0.3670033219203153,0.6266256821163092,0.6644342344932439,0.9430966220369863,-0.07691997915729254,19.0819217556163,391.80077296622903,19.096114626988815,-0.06574926997004317,0.8679685474598143,5.1421283085028495,0.6328355010866475
sub-011,50,520.0,524.0,1-back,LOW,41.39461570645652,48.18692519382087,63.25538089538231,0.27084172607061796,0.31528327466739975,0.41387499926198235,0.8590424796758905,0.6544046549165331,1.3127083880316504,0.03755733969714649,20.246350371726837,447.2581477040784,20.257839773556256,-0.061743684568005205,0.9540283632282358,5.09008229621391,0.7153022756174854
sub-011,51,536.0,540.0,2-back,MODERATE,39.62324351782572,34.35050916272447,57.80472762275162,0.30068068342136534,0.2606685786910216,0.438650737887613,1.1534979970783947,0.685467177986152,1.6827909987860834,0.026155696687711682,15.970106976100846,288.57181573211926,15.9959938732058,0.059506870105906065,0.23804075556973897,5.305849337278868,0.6355602497151696
sub-011,52,538.0,542.0,2-back,MODERATE,47.89305267567164,20.493036703600566,41.73508798636223,0.4349122831901146,0.18609532874460383,0.37899238806528157,2.3370403014628365,1.1475488608367532,2.036549711494417,-0.09977508489220578,15.266015211610537,282.6040506321901,15.279039169185628,-0.035293852777322963,0.1468354401950287,5.013372134070527,0.5641289626391981
sub-011,53,540.0,544.0,2-back,MODERATE,47.78058224632126,25.099733355647004,56.45059317663443,0.369444417406169,0.19407374147980672,0.43648184111402427,1.903629077221709,0.846414174901854,2.2490515089051346,-0.037235594242336766,16.08818151337408,292.19980291793803,16.126850324325392,-0.15284113797781085,0.957328060650059,5.2369473261424035,0.4121155791971006
sub-011,54,542.0,546.0,2-back,MODERATE,48.04159259951873,27.92224808620081,59.527718951325646,0.35457258539360353,0.20608108845302936,0.4393463261533671,1.7205488774115187,0.8070457502126221,2.131909965399393,0.07119167231842717,16.614567354041345,312.32118697856254,16.619003368624288,-0.12527597413268068,0.9589529476531403,5.091200849070141,0.8154725509618516
sub-011,55,548.0,552.0,2-back,MODERATE,45.82719455415536,34.16540949181643,54.78756403317002,0.3400143745721255,0.25348988637374886,0.4064957390541256,1.3413330978846383,0.8364524936062172,1.6035974644557727,-0.00998002154256693,18.382449265143322,371.8879118032805,18.397542241104162,-0.004131339012323105,0.6620918583221687,4.918586388469542,0.68381823073288
sub-011,56,550.0,554.0,2-back,MODERATE,44.526950984111934,33.280762702724765,56.977339534303525,0.33035525764905915,0.2469173095040547,0.4227274328468861,1.3379185862368,0.7814852597198617,1.7120202455467968,-0.05431250516906099,18.93246509380688,410.8114331547703,18.943557014654846,0.04344595082913342,0.373917073024971,4.923280430944002,0.514797592585327
sub-011,57,552.0,556.0,2-back,MODERATE,34.37973784828765,49.336236726752546,66.48622215766848,0.22888971397314437,0.32846548053187613,0.44264480549497953,0.6968455668538102,0.517095673848906,1.347614381816365,-0.05509541593909687,17.878765852026103,359.97123867003535,17.89268990849772,-0.025660483423508233,0.5897456298140216,5.112867860539981,0.4055420257055603
sub-011,58,554.0,558.0,2-back,MODERATE,35.25177785316667,31.69637752808701,53.978500981187096,0.29151370684979677,0.2621124116182191,0.44637388153198415,1.1121705570906053,0.6530707080111918,1.7029864353854096,0.003487196256644696,16.877080175800746,327.40637065839815,16.896286410988342,-0.031173323616601693,0.8750575279654472,5.119730095250833,0.7528266567097546
sub-011,59,556.0,560.0,2-back,MODERATE,43.83697404082676,38.26261876271981,45.39703638941123,0.3438284942771496,0.30010690482500396,0.35606460089784636,1.145686716130841,0.9656351499423352,1.1864592089457988,0.07124006211700444,17.218905501195103,357.1817613166846,17.231130736060113,0.01701595970418197,0.09949272607138038,4.85209959891923,0.5652551111786179
sub-011,60,558.0,562.0,2-back,MODERATE,42.77006410058885,32.12525509913111,50.6146137176903,0.3407703526439854,0.25595787004579634,0.40327177731021824,1.3313532910045482,0.84501413641413,1.5755396668915251,-0.02119572609827218,18.269381798289626,377.80810009300757,18.286867873829408,-0.005323476832104552,0.13793096625133497,4.816457220736943,0.37463832646902123
sub-011,61,560.0,564.0,2-back,MODERATE,48.20563215017787,26.33552771983959,51.037979446928944,0.3838665594650458,0.20971259926676147,0.40642084126819283,1.8304410932256607,0.9445051052678085,1.937989623366462,-0.03609860759314617,16.93840514961036,325.09093958158377,16.95021872875457,-0.0033710824377325478,0.6143180046183737,4.928852599738062,0.6915741150444923
sub-011,62,562.0,566.0,2-back,MODERATE,38.81250993972964,26.02176537924147,42.18456444962943,0.36266988152414337,0.24315125669000467,0.394178861785852,1.4915402308058554,0.9200642568225115,1.6211261547720213,-0.0039320109484536755,16.8645819371833,348.2300126682414,16.879561519660985,-0.07227460201321526,0.7194898317566059,5.062895065658869,0.16065187551233592
sub-011,63,564.0,568.0,2-back,MODERATE,40.01229776341785,41.522140116020175,56.53972910442838,0.2897884422369405,0.30072345191748956,0.40948810584556994,0.9636376557570597,0.7076846386991966,1.3616766608475965,-0.030146115418215682,18.723247768659586,413.8227050840228,18.734402194725476,0.0144788837156084,0.6191734492311689,5.043202437937164,0.49231242696814803
sub-011,64,566.0,570.0,2-back,MODERATE,41.132537975422494,44.095213547858336,52.68918043874419,0.29824139349872,0.3197229877474349,0.3820356187538451,0.9328118556627393,0.7806638409045419,1.1948956859355828,0.09526576364792262,17.105222654537602,337.19443246016095,17.11774375310704,-0.003263466008826,1.1036258309563836,5.081129430760681,0.7542615328042277
sub-011,65,568.0,572.0,2-back,MODERATE,43.04662682530227,28.25235180511139,54.816066244122126,0.34132824412921353,0.22402047141336662,0.4346512844574199,1.5236475576349828,0.7852921556536925,1.9402302017988056,0.044741439611994026,15.258866197532436,261.1841189506502,15.287768759079642,0.06687932370157978,0.3265739399228418,5.389641024696116,0.6729384924860997
sub-011,66,582.0,586.0,2-back,MODERATE,34.245599042801935,42.427321389280436,68.35620518880472,0.23612911472914433,0.29254345434162954,0.47132743092922613,0.8071591116627581,0.5009874224031767,1.6111364788179958,-0.04924615587992442,17.441446739196234,328.9132874447786,17.476456863367837,0.15811929842248795,0.3209355588015688,5.242202469931302,0.7208582333751241
sub-011,67,584.0,588.0,2-back,MODERATE,35.1882736842414,57.967513732240306,81.26164196076013,0.20174746187855927,0.33234931818003255,0.4659032199414082,0.6070343787173751,0.4330243991529635,1.4018479787854714,-0.07214712480042978,18.105134777291276,347.34121545216084,18.13694680745387,-0.11113299882909142,0.833555331137029,5.341666948287672,0.7389460710848834
sub-011,68,586.0,590.0,2-back,MODERATE,40.549401743558626,67.87712397070946,70.52048571281257,0.22660005003817651,0.3793140965551626,0.39408585340666086,0.5973942231414611,0.5750017364981276,1.038943337423132,-0.021761805515735692,17.732635392721072,344.78697548504033,17.743111536614975,-0.05924861255776711,0.7599042825306592,5.231525309602927,0.7839519130202197
sub-011,69,596.0,600.0,2-back,MODERATE,33.27341359298105,32.79740540547932,58.338715214631726,0.267450672518309,0.2636245333842583,0.46892479409743276,1.0145135928167723,0.5703487550345617,1.7787600724319899,0.0031774772167231994,15.386442215627298,249.39437573320092,15.394896889677039,0.08989045689979261,0.11650350268463143,5.2953655806645985,0.7122838624959195
sub-011,70,602.0,606.0,2-back,MODERATE,38.27690312562311,36.88935481372967,69.02148668310736,0.2654657178101163,0.25584251220740306,0.47869176998248075,1.0376137863863375,0.5545650342386956,1.871040765869361,0.19123699877929465,16.376187894041887,292.4003109983352,16.40030590625287,0.2465589797735351,0.597208877834099,5.390815493964131,0.7227148132783624
sub-011,71,612.0,616.0,2-back,MODERATE,50.808238686643286,97.55788215876923,55.553311767881986,0.24915839572285495,0.4784138564360097,0.2724277478411353,0.5208009600285922,0.9145852347909517,0.5694395013359609,0.052319378703807685,17.67776463993535,338.5864108523419,17.688463953139554,0.05255546399151037,1.6327613476281986,5.171151740238094,0.5987210612422391
sub-011,72,614.0,618.0,2-back,MODERATE,33.36684835523179,48.703341324057185,64.12061772037102,0.22824176806146698,0.3331491370104469,0.43860909492808603,0.6851038850336562,0.5203762774205338,1.316554798442513,-0.030140167795533943,15.116289286593272,238.37151575788792,15.124218610643608,0.04418782988623463,0.4165173999956791,5.494326250425719,0.8448109239190751
sub-011,73,616.0,620.0,2-back,MODERATE,54.45684221602334,85.86623048992371,74.51768169330239,0.25347538165325667,0.3996738455421458,0.3468507728045975,0.63420557657313,0.7307908804806241,0.8678345522812597,-0.1164115145429822,18.92548779102376,387.04952087960737,18.938378156571392,-0.011976445495193692,0.9621956712191174,5.211170520072446,0.7378202390114443
sub-011,74,618.0,622.0,2-back,MODERATE,54.35670320631345,60.928985733771576,76.87422146222968,0.2828722343412306,0.3170743866720581,0.40005337898671123,0.8921320870796104,0.7070862269872914,1.2617019721636367,0.020916165867579384,20.271348558826254,457.7194498223917,20.28934076396912,-0.014830226647947501,0.7536556954305496,5.115671357367226,0.6629941766327525
sub-011,75,620.0,624.0,2-back,MODERATE,67.07415191045992,112.6474477915846,79.26519327051288,0.2589867658524471,0.4349544102178248,0.30605882392972805,0.595434279474823,0.8461993107309044,0.7036572494493252,0.06517334980409142,20.93651186541385,484.0823503823554,20.948259746646006,-0.026836649889407142,0.7261053490332552,5.063899669542035,0.699352481724262
sub-011,76,622.0,626.0,2-back,MODERATE,62.478374191692204,121.31394140406229,76.80988593643394,0.23974614882129133,0.46551387782147396,0.2947399733572348,0.5150139668086002,0.8134157918604102,0.6331497027254438,0.010085607563293691,20.67485729632543,459.79908833888226,20.689743155370923,-0.014109974402313758,0.7829397230941775,5.065282148574396,0.6825261047084247
sub-011,77,624.0,628.0,2-back,MODERATE,44.60415330055504,86.46825426412734,64.4803162749962,0.22809272315287815,0.44217361214061757,0.3297336647065043,0.5158442677043816,0.6917483641104809,0.7457108602890672,0.014541506970096285,19.48096987933365,408.3551158276743,19.496513941604757,-0.06258881276563706,0.7649483621095434,4.971979416160223,0.6594624726131972
sub-011,78,626.0,630.0,2-back,MODERATE,50.18367713229022,61.268282114610145,64.77375286039748,0.28476932527153065,0.34766936891312417,0.36756130581534513,0.8190808588106852,0.7747532745315487,1.0572150976785983,0.07644804675934962,19.012166918666033,388.56212934779813,19.049224412915684,-0.09404733706455959,1.1267456208332824,5.049703165890058,0.6518883684795084
sub-011,79,632.0,636.0,2-back,MODERATE,34.06856809601615,92.70931901970616,57.87268496122302,0.18450291116249298,0.5020797822444517,0.3134173065930552,0.3674772768935406,0.5886813117249257,0.6242380547409877,0.07475783192943934,17.005777939683746,306.33763876418476,17.01617579679318,0.10435044705988536,0.6398563706978363,5.202516148395705,0.7764776386399826
sub-011,80,634.0,638.0,2-back,MODERATE,41.14835310616896,98.0651930096852,64.30211552771202,0.20218764872374037,0.48185575605200787,0.3159565952242518,0.41960202028160015,0.6399222291284558,0.6557078363304844,0.06909501901022568,18.621500535210213,372.4490024168234,18.632020389123273,-0.08498125434955067,0.9782015174322379,4.940942828785413,0.6910641038935001
sub-011,81,636.0,640.0,2-back,MODERATE,48.608319744421436,54.31626844312929,58.758977346187855,0.30063859356366257,0.3359418025191626,0.36341960391717487,0.8949127238981035,0.8272492466646891,1.0817933379887872,-0.03359405094384132,17.66261639485807,336.47879103970166,17.670059449267587,-0.007760373504330669,0.9566495425354301,5.021900683667756,0.6945878728369663
sub-011,82,644.0,648.0,2-back,MODERATE,43.5559132576008,57.24996851791593,69.99986000896213,0.2550026293176915,0.3351759016986292,0.4098214689836792,0.760802396668049,0.622228576628929,1.2227056506949208,0.037806290820130165,19.431374561825752,408.2619978344135,19.447489324992812,-0.09736438875459894,0.6960967546443392,5.214180312907044,0.6615267340014588
sub-011,83,646.0,650.0,2-back,MODERATE,54.47690056031965,95.67884437061741,64.57946745242977,0.2536933740660196,0.44556662742299546,0.3007399985109849,0.5693724764201823,0.8435637937158305,0.6749607802773783,-0.04607819965294988,22.706677043468087,564.2759299798117,22.715780088280514,-0.07234990492031627,0.6642344001443259,4.503686804934777,0.6650654880662928
sub-011,84,648.0,652.0,2-back,MODERATE,39.80672913054274,109.76903806908594,63.84049096083635,0.18652153998788865,0.5143424358351929,0.29913602417691854,0.3626407758578459,0.6235341948570323,0.5815892357611507,0.18578704800607307,21.610266596259333,501.6992010008422,21.658698238273598,-0.036302826250046334,0.8863040367117047,4.815321290432923,0.6256490593011615
sub-011,85,650.0,654.0,2-back,MODERATE,28.82780364009486,66.16405917944685,60.57975672391575,0.18530245892337763,0.4252964607144463,0.38940108036217597,0.43570185985580984,0.47586529228689,0.9155991557231149,-0.029789497333260462,19.432048238633993,404.21089448229094,19.443588862650575,-0.03665017163969613,0.8065670882687956,4.895373844584533,0.6947575544821636
sub-011,86,652.0,656.0,2-back,MODERATE,36.9005699746895,83.66626291663901,94.58664272926266,0.1715081286428354,0.3888678194731044,0.43962405188406023,0.4410447973689877,0.3901245346059145,1.1305230977449559,-0.042687158955957,20.527271639748125,450.86765762867924,20.534846159880818,0.05011458750000139,1.0847870057569151,5.099790178440396,0.715216581124644
sub-011,87,654.0,658.0,2-back,MODERATE,40.90999292575626,70.87476941054793,99.50007117033277,0.1936248439927477,0.3354465544651674,0.4709286015420848,0.5772151820174788,0.4111554137054135,1.4038856422088717,0.007668538011009388,21.136296611111682,488.3055691795321,21.146664861357,0.03779666299048865,0.8679004254289802,4.810017579797495,0.715682466190863
sub-011,88,656.0,660.0,2-back,MODERATE,31.693377801331,68.28325263875405,69.10215805716645,0.18744739114242115,0.4038546363245561,0.4086979725330227,0.46414569570963105,0.4586452679974463,1.0119927710934442,-0.04539835528726077,18.951404580374984,393.8475414190101,18.96603727762421,-0.11330338342272006,0.8454788654224793,5.0189716510219355,0.7213834106685552
sub-011,89,658.0,662.0,2-back,MODERATE,39.948471697171655,70.71914624466774,62.87191276615357,0.23019810837446092,0.4075103001382642,0.3622915914872748,0.564889055065251,0.6353945655472008,0.8890366485567428,-0.011171685450873005,17.275217940758285,313.65287133662446,17.28032546303833,0.03208418077128803,0.25685132991270226,5.20931547654359,0.7445075564518254
sub-011,90,660.0,664.0,2-back,MODERATE,40.663693444767524,74.75515579028956,83.50215858322149,0.2044213122121081,0.3758032226469567,0.4197754651409351,0.5439583800593135,0.4869777516498632,1.1170086892397078,0.03643669294734297,19.273129543447066,392.7782271774703,19.283902555180422,-0.005306568716413259,0.5970591424970836,5.136006091800369,0.6826963842766551
sub-011,91,662.0,666.0,2-back,MODERATE,36.8390642586156,49.90788723609109,66.02524624650876,0.2411372278679802,0.3266817390467294,0.4321810330852904,0.7381411295642922,0.5579542122580656,1.3229421220372224,0.049486556937835394,19.044506208090105,386.55632933408873,19.059451105464788,0.024486750379720215,0.6712186830704969,5.15691391777769,0.7296033354972686
sub-011,92,672.0,676.0,2-back,MODERATE,50.37218785349929,103.97385336065312,67.36210332418452,0.22720043938119341,0.46896722525533724,0.3038323353634693,0.48446976066928826,0.7477822895624243,0.6478754143171574,-0.023293073344791682,20.844138981117407,473.9123166438356,20.87221416422431,0.07133616525593611,0.6488589763300645,5.0484433828992055,0.6546476324054962
sub-011,93,678.0,682.0,2-back,MODERATE,39.86862230867303,98.14870533711729,62.98872458336394,0.19834538247247074,0.48828731398208935,0.31336730354543996,0.4062062986132508,0.6329485566247328,0.6417682675182801,0.06749168870834761,18.331860794990472,359.2293610021787,18.342260730411905,-0.09805200300262003,1.159016992470914,5.227794011329868,0.7099502988970082
sub-011,94,680.0,684.0,2-back,MODERATE,54.824179396981116,121.78663347146812,75.05475809540869,0.21784536989707862,0.48392250479489735,0.298232125308024,0.45016581733351874,0.7304557470865377,0.616280752296124,0.0204065923349449,19.473687305442308,408.92903953319205,19.477938001486063,-0.10876420338090668,0.7866624020552957,5.230175237996937,0.6921571547573551
sub-011,95,682.0,686.0,2-back,MODERATE,35.99303389684057,66.39178689188604,73.08458519552816,0.20512427049573703,0.37836673874557664,0.4165089907586864,0.5421308204198884,0.492484616291465,1.1008076242102178,-0.050000471671148315,17.060911386335217,305.4869437375559,17.070454937521994,0.014616315876754844,0.6226904629094556,5.476942616883974,0.6859163183476225
sub-011,96,684.0,688.0,2-back,MODERATE,30.45582549298448,32.95576312229811,63.32466013268726,0.24030871825431352,0.26003423209909404,0.4996570496465924,0.9241426265859354,0.48094731861440554,1.9215048942332436,0.1232503053882058,14.70972091418488,226.9057544807579,14.739242333969269,0.0645839625956062,0.06400419748320559,5.441268627400532,0.8118111601055602
sub-011,97,690.0,694.0,2-back,MODERATE,44.77156515410024,104.60034710756109,72.61065786534166,0.20168955215035606,0.47120973078073675,0.32710071706890725,0.4280250151374871,0.6165977071455578,0.6941722458212852,0.011842639800164142,19.472557020247557,408.55194189070653,19.47832868204286,0.013710762865122423,0.9968152733137692,5.055903870600732,0.7420210839992346
sub-011,98,692.0,696.0,2-back,MODERATE,52.82062560684015,143.7314425381736,81.91920812508866,0.18968069638754032,0.5161445893570786,0.2941747142553811,0.3674952722527051,0.6447892602450982,0.5699463296163033,-0.10541315234370617,21.256296231961937,487.89526555552777,21.27031189046063,0.023028096427054435,1.1145732910743595,5.189247810954184,0.6647211780411465
sub-011,99,694.0,698.0,2-back,MODERATE,44.71899362165903,43.97046409482306,62.983875092206304,0.29483754852321253,0.28990240591788635,0.41526004555890106,1.0170234620499288,0.7100070225306383,1.4324132434986472,0.01329886140192284,19.861045307845938,423.4000109291768,19.870793937408763,-0.08770289824483529,1.1301455525990078,4.959341174565468,0.6379248795784955
sub-011,100,696.0,700.0,2-back,MODERATE,31.221528671196282,61.275748389976094,78.82956343805338,0.18223372695265092,0.3576541084364011,0.4601121646109479,0.5095250485150127,0.3960637013514744,1.2864724709090434,0.04980946185553908,16.66382106817984,292.2392360136901,16.691459258594946,0.027800183606287023,0.2905142279078317,5.4422649527041855,0.7339705799125757
sub-011,101,698.0,702.0,2-back,MODERATE,45.22553966219332,70.22847036608734,70.9813171605107,0.24258031106087666,0.37669078830200126,0.38072890063712217,0.6439772848026077,0.6371470898451264,1.01071996571332,-0.07209132281864176,17.609976191659353,328.46767933152614,17.6241826760137,-0.16462105087373663,0.88533938948167,5.254789641256183,0.7896675143525185
sub-011,102,700.0,704.0,2-back,MODERATE,52.80979187483872,24.137407920707172,61.26416999935284,0.3820944105626532,0.17464126110989506,0.4432643283274518,2.1878816502717293,0.8620012623266842,2.5381420490803857,0.048610870733019194,16.436806582570487,285.4247520087227,16.445672180833323,-0.1648387101454988,0.8035032973858479,5.098005484731812,0.745573385210385
sub-011,103,702.0,706.0,2-back,MODERATE,42.18706775028606,55.09825474304386,69.99953271631894,0.25218701177351255,0.32936785983400746,0.41844512839247994,0.7656697648052485,0.6026764195877413,1.2704491828782718,0.0727350668498491,17.55445695733366,328.7034659959372,17.57063465885578,-0.028724507116693453,1.0303622274965654,5.376967290108143,0.7665808647287473
sub-011,104,712.0,716.0,3-back,HIGH,35.66302145134873,85.14606317570892,63.45115262244013,0.1935470288310721,0.462096784671002,0.3443561864979259,0.4188452186891353,0.562054745696395,0.7452035978633705,-0.1533064803721172,17.823377727324452,341.66239684552306,17.855432039053195,-0.008045840192562399,1.1463275488482711,5.148479653641379,0.7469618094277838
sub-011,105,714.0,718.0,3-back,HIGH,43.26767024658456,38.45577390997985,54.171953847167444,0.31838951783633157,0.2829806930542549,0.3986297891094135,1.125128058737519,0.7987097967456263,1.4086819309364884,0.005873465458388679,17.704385994199733,352.58654900216345,17.709172096828862,-0.12459509995722205,0.9478427441585637,4.991177085143734,0.7266506597283987
sub-011,106,716.0,720.0,3-back,HIGH,49.76148973727824,69.55843738939826,56.437990091861835,0.283125167416524,0.3957627541916585,0.3211120783918174,0.7153911388018418,0.881702017670783,0.8113751862468351,0.08142863394639874,17.3177540336116,334.90060421797773,17.330022205260697,-0.10567866634145749,1.237097407323641,5.124771604107305,0.7834452730635733
sub-011,107,718.0,722.0,3-back,HIGH,37.95660987926543,61.26926403663898,55.56296999298419,0.24521541036644315,0.39582480551830423,0.35895978411525264,0.6195049096161397,0.6831278076758338,0.9068653078606849,0.0759218304694771,17.03189674768865,316.34936573784836,17.054884217582106,0.10169441889388431,0.5399985408170421,5.252557307856169,0.656147034595961
sub-011,108,720.0,724.0,3-back,HIGH,30.85644886515952,45.29746912150151,53.86380444441705,0.2373249453090244,0.3483945747897063,0.41428047990126926,0.681195869517416,0.5728605541964791,1.1891128906106883,0.04749254293995817,18.109794924752354,357.6717856232807,18.120293385271935,0.0002283287452130169,0.9398982819932297,4.820177978299136,0.7542387575390727
sub-011,109,722.0,726.0,3-back,HIGH,30.821729695088827,40.65476419373853,45.897474910054626,0.2625942533126852,0.3463695111426255,0.3910362355446893,0.7581332792439578,0.6715343219968034,1.128956859553586,-0.14681983859755837,17.336699160966095,329.17816793116907,17.36913290146968,-0.09337920735424118,0.6368795487195793,5.0874687396336356,0.6560274816681599
sub-011,110,728.0,732.0,3-back,HIGH,30.429846440637064,69.32119468323303,65.3222302079422,0.18434145149683442,0.4199419695505466,0.395716578952619,0.438968869184784,0.4658421236349223,0.9423125280289193,0.07463812900487488,17.43879321507707,322.55041258113323,17.4500934915596,0.14391464141619792,0.8238474804239169,5.229275097310122,0.6435747015204665
sub-011,111,736.0,740.0,3-back,HIGH,41.60013430794166,34.9465667694445,61.28880820103299,0.3018099945777541,0.2535381989183543,0.44465180650389163,1.1903925951408394,0.6787558043466818,1.7537862475984567,0.02191949727470465,16.289051362105173,293.84964904580244,16.302053089846748,-0.09851893994764084,0.4460554190661788,5.208542077366588,0.7480178488313678
sub-011,112,738.0,742.0,3-back,HIGH,41.017727720021696,50.189094071894175,65.21148851274693,0.26223098587454163,0.3208645712521679,0.4169044428732906,0.8172637597575519,0.6289954217500179,1.299315911527187,-0.05616958659742706,18.29753338498146,358.6723145039455,18.304982859479143,0.051197760338473064,0.851797564173645,5.020522990568612,0.7518510647912271
sub-011,113,746.0,750.0,3-back,HIGH,45.35359347283957,73.66914631052607,60.479763885637865,0.25266273475756107,0.4104073469992901,0.3369299182431488,0.6156389172974481,0.7498969995749222,0.8209646360052408,0.025624969550260876,17.77469051033898,343.85864996510134,17.78531920307721,-0.010951600198597328,0.7509420045729487,5.020336239044759,0.6571202537139584
sub-011,114,756.0,760.0,3-back,HIGH,34.490666888544865,86.6344417812453,60.158668619520625,0.19025787858282106,0.47789406794511674,0.3318480534720622,0.398117263520147,0.5733282946583219,0.694396678533731,-0.05107218146820415,17.64151396830951,329.0072457952388,17.65154154581375,0.18519924814776423,1.1577124922295736,5.089710022801609,0.7890701300211227
sub-011,115,770.0,774.0,3-back,HIGH,47.61477525262901,141.82963796854278,66.0594235785687,0.18635640015828275,0.5550978793312854,0.25854572051043184,0.33571809062355334,0.7207870228537147,0.46576600296491205,-0.0982687628082622,22.600094036621353,579.5096419004436,22.677018669299873,-0.03838688530080869,0.41656318663140657,4.853578868139595,0.6360436166769713
sub-011,116,772.0,776.0,3-back,HIGH,54.79911841792775,106.4700178318355,60.918764702033094,0.24663412446484392,0.47918908894564055,0.2741767865895156,0.514690609937536,0.8995441500818695,0.5721682586571131,0.06101373828617702,19.962780154608527,437.4810926550624,19.973995762836427,-0.05798763536464918,0.6002055431722417,4.900620475888428,0.6097849205584277
sub-011,117,780.0,784.0,3-back,HIGH,32.06276316597351,34.52944556429188,57.03578012085439,0.2593487402321606,0.2793011993900047,0.4613500603778347,0.928562930623211,0.5621517422578424,1.6518012145505487,-0.0675871891615703,17.192490685510084,325.51750001115295,17.22138650789714,-0.0039584690864817515,0.7938711800188087,5.237289093981519,0.6549754807149964
sub-011,118,782.0,786.0,3-back,HIGH,35.82113016130228,47.267002777010475,52.11830394723065,0.26493657392677256,0.34959136462580925,0.38547206144741814,0.7578464479817791,0.6873042184482994,1.1026361073306667,0.0067871998687539445,15.722840273804204,263.0950049897815,15.739871720398606,0.1236311495202789,0.20063873742642185,5.068669146892447,0.7495571720971329
sub-011,119,784.0,788.0,3-back,HIGH,57.36973105356324,101.80706471136466,51.337671122590876,0.27252156064037536,0.48361077609816616,0.24386766326145845,0.5635142434978689,1.117497732154001,0.5042643284936992,0.08658746964191345,20.27619206316551,440.20497037126427,20.288881262245464,0.1119964554275536,0.8424844182823961,4.782272085179803,0.6530112714218795
sub-011,120,786.0,790.0,3-back,HIGH,46.415323527220856,54.756063107597726,55.544909290232404,0.29617419971065945,0.3493961032219943,0.3544296970673462,0.8476745933324863,0.8356359587283188,1.0144065540483538,0.004125128607621066,21.0243628264258,480.96033660225083,21.031688296239498,0.008907174560109768,0.7108556966937865,4.64140852815207,0.6034572084232815
sub-011,121,788.0,792.0,3-back,HIGH,40.83211848632301,65.4814665623525,70.28793410041476,0.23121046004056045,0.37078654180246223,0.39800299815697726,0.623567562394804,0.5809264279696914,1.0734019531081436,-0.05025921339497562,18.520859387898383,364.5498183691654,18.53985583013438,-0.005525681589547179,0.9366495046980715,5.127399603929567,0.6505233793220424
sub-011,122,790.0,794.0,3-back,HIGH,38.24556173046951,96.96484843009559,85.91145061180745,0.17296146838163726,0.43851317138613094,0.38852536023223183,0.39442707692202195,0.4451742050461098,0.8860061352413002,-0.18289852694004638,19.59991533983315,414.75838292083057,19.629976088584076,0.0158060338273311,0.7813134561098434,5.190974692738,0.796090592616126
sub-011,123,792.0,796.0,3-back,HIGH,45.953537776623676,156.65506580616358,69.79630499477017,0.16869570382040333,0.5750816555552696,0.2562226406243271,0.2933421753081645,0.6583949935468213,0.4455413212179956,-0.07624527313643882,19.794576511178214,431.1801754433236,19.813860033451718,0.05391579963407925,0.8803255709526242,4.937014199751955,0.7597278228670935
sub-011,124,794.0,798.0,3-back,HIGH,42.37366849236415,130.2317732483793,66.76677736104507,0.17701999276008526,0.5440555037550147,0.27892450348490005,0.3253712011703064,0.634651995605931,0.5126765588433386,0.14915804978109343,19.407799938432937,407.87940367072764,19.442335036912834,0.07294032754071314,0.8644996428588205,4.993679508496126,0.6823335625363727
sub-011,125,796.0,800.0,3-back,HIGH,38.48053251534076,86.90450571497365,64.41840628707793,0.20273885235952427,0.45786579867369215,0.33939534896678364,0.442790994537704,0.5973530662005806,0.7412550794357563,0.13179206976984623,20.2466438940613,439.4859577250604,20.25600845232578,0.06239456128523917,0.47417593739819575,4.9237095679416765,0.6463651263850589
sub-011,126,806.0,810.0,3-back,HIGH,41.8988194433874,64.32699852207895,55.918449481564615,0.2584045683704164,0.3967269366651719,0.34486849496441163,0.6513411227947543,0.7492843566272478,0.869284293784852,0.08761642268083361,15.865798377264651,262.2122734188728,15.886845799180401,0.14820852399186646,0.5485094418157596,5.302026884949834,0.7201783184144077
sub-011,127,808.0,812.0,3-back,HIGH,40.97935577657061,36.93121473984003,79.55317699497016,0.26024628795023946,0.23453788775839213,0.5052158242913684,1.1096129944613924,0.5151190351475413,2.154090450459815,-0.0032288922099045127,18.650761543389326,368.08857827392876,18.65810909099299,-0.08126967677628445,0.9743535297352843,5.180692543551648,0.760869837432786
sub-011,128,810.0,814.0,3-back,HIGH,42.65545144128714,85.60569785079771,65.090512904213,0.22061073050399602,0.44274611802347785,0.3366431514725261,0.4982781813849749,0.6553251701067216,0.7603525762696234,-0.06920262205906103,19.266620785914988,400.33640573706,19.29055611331539,-0.08398095051327044,0.7304293973914425,5.005018716110905,0.6968790824630668
sub-011,129,812.0,816.0,3-back,HIGH,37.443606147548245,36.790185376803485,56.74222734461402,0.2858813885999123,0.2808925305143839,0.4332260808857038,1.0177607360238186,0.6598896077896454,1.5423196910660435,-0.0369009914876379,18.491980340741907,379.80230269581114,18.504426163708118,-0.03871288943674479,0.9612590396922641,4.8078351854346035,0.7594687785718419
sub-011,130,820.0,824.0,3-back,HIGH,60.38322859913088,43.09082847104872,57.44415694180329,0.3752417274195847,0.2677809267000685,0.35697734588034685,1.4013011757177134,1.0511639793113365,1.333094743824619,0.1321200243811754,17.05815205596178,333.56981346082154,17.078587397960014,0.11421832628028596,0.9088381866864064,5.168920016848388,0.6217146270585184
sub-011,131,822.0,826.0,3-back,HIGH,46.748979207472566,37.442352045674035,72.34871493619593,0.29863910446868963,0.23918705121873893,0.46217384431257136,1.2485588285278084,0.6461618461184877,1.9322695018716076,-0.03798365999149118,17.572691326266128,352.4275606492891,17.579476588644287,-0.026428114723990998,0.17207945314660014,5.092781836446121,0.6668480374308968
sub-011,132,830.0,834.0,3-back,HIGH,46.778208521630845,46.729953739187,62.61815156182084,0.29961770938095317,0.2993086341119459,0.401073656507101,1.0010326306487092,0.7470391149353596,1.3400002899919468,0.08887418143083836,18.51826118219978,380.82501270820904,18.532751457762263,-0.05484174811421564,1.070950004374363,5.012655200832566,0.5894439405196727
sub-011,133,832.0,836.0,3-back,HIGH,56.121076526921904,36.19602036236323,62.00895524952788,0.36365264159315236,0.23454251476481547,0.4018048436420323,1.5504764326322689,0.9050479289819867,1.7131428988255584,0.06924684229106158,18.299178206995908,367.8825567261218,18.30602846012644,-0.064004642747281,0.9920516211358154,5.035243511206417,0.6378136624710357
sub-011,134,834.0,838.0,3-back,HIGH,62.337242075893194,43.275513224474764,59.510343894958886,0.37751981630476444,0.26208031120638936,0.3603998724888461,1.4404737790755522,1.047502635607753,1.3751505056975823,-0.06424092567691131,17.648279412169195,345.6026876933912,17.662375162908535,0.004087508010945332,0.4419735484671418,5.105261055897188,0.6193037405088078
sub-011,135,836.0,840.0,3-back,HIGH,47.13653319004943,51.77484459384761,60.36431172174766,0.29594304903874813,0.32506432560138265,0.3789926253598693,0.9104138034564114,0.7808675663747754,1.165900394202646,0.005938298448731161,18.453965395562765,371.0569677298523,18.46123464315342,0.015431381926971776,0.6404298807755557,4.729820549721572,0.6346447327978424
sub-011,136,842.0,846.0,3-back,HIGH,39.658103642729095,74.84450938982145,71.82180709751057,0.2128443690582604,0.4016892114172544,0.3854664195244852,0.5298732527749381,0.5521735701927736,0.959613573300783,0.09764832625255733,18.106598409987814,356.4636943231976,18.11899526530931,-0.14231666984773125,0.5568053240749514,5.1313830672044025,0.7240530381983737
sub-011,137,844.0,848.0,3-back,HIGH,36.27756533008037,42.40298141546937,58.23762878014806,0.26495799546548543,0.3096957818248964,0.42534622270961825,0.8555427972063696,0.6229231184365563,1.3734324058379046,0.059472393851041354,17.421288609733637,341.7549245478655,17.42835845043956,0.02043913423491456,0.34901894096969116,5.250242971211292,0.7179431965645828
sub-011,138,846.0,850.0,3-back,HIGH,49.68275298191613,91.75884554469638,53.94389065388417,0.2542806694105073,0.4696297863754343,0.2760895442140584,0.5414491942110945,0.9210079654931004,0.587887634523559,-0.09472625937304908,19.046697318782137,407.72443751289074,19.05999067232239,0.0841408103025527,0.9959122414494426,4.996269725317138,0.7796844552936498
sub-011,139,856.0,860.0,3-back,HIGH,35.08748410736937,54.87589412673948,69.66309385338884,0.2198099328295404,0.34377690247178927,0.4364131646986704,0.6393970370001174,0.5036739278507152,1.269466219402227,0.07077172296348073,17.944539375042257,341.82739528410565,17.982108444436346,0.01135720930091084,0.8126428874390649,5.017268418544677,0.7773929719275575
sub-011,140,858.0,862.0,3-back,HIGH,32.23597023299381,44.81303147286454,63.51430621747465,0.22933417482303542,0.31881030786004816,0.4518555173169165,0.7193436635170181,0.5075387287175428,1.41731777855587,0.030515647305884273,19.03660523861575,393.3759805401378,19.073424135609056,0.04444926971510963,0.5553479680997083,4.906599894533493,0.6704461462433345
sub-011,141,860.0,864.0,3-back,HIGH,35.457559495349855,55.843874726837434,61.248532923896306,0.23243242957499488,0.36606939858178206,0.4014981718432231,0.6349408895566782,0.5789127968078396,1.0967815758397135,-0.04515796700582566,18.487370213728447,370.0246716910288,18.553977701975096,-0.005760275011604003,0.5407551219270402,4.78105074243466,0.8187966509627518
sub-011,142,862.0,866.0,3-back,HIGH,41.71342130779957,144.53683355169116,69.02479189170462,0.1634057924527801,0.5662003998869676,0.2703938076602523,0.2886006305989917,0.6043252020700793,0.47755848938685286,-0.11508279891425462,21.763297068154532,522.5255412774385,21.83240118728041,0.10543719836609355,1.258513169217653,4.89295658416589,0.642474024271708
sub-011,143,864.0,868.0,3-back,HIGH,48.5580379452317,131.49775963950447,61.24036913603193,0.20123833132178956,0.5449641468680099,0.25379752181020054,0.3692689371921735,0.7929089688759186,0.4657141635258259,0.0025838065190279215,21.57443451629743,511.1947640002574,21.602639607801116,0.06126595301396471,1.3685100414697708,4.790271437346615,0.6708184225070404
sub-011,144,888.0,892.0,4-back,HIGH,33.196294609211094,40.52520072158806,51.67828109892109,0.26472371446224874,0.3231680460315671,0.4121082395061841,0.8191518861873816,0.6423645272888953,1.2752134518458218,-0.3112337160103194,19.61351507013795,422.60731736095227,19.734388213617443,0.07653314096300541,0.4708440683009258,4.8199827896864065,0.6462485515260276
sub-011,145,894.0,898.0,4-back,HIGH,33.992235737215026,59.95466218392751,51.234643566969126,0.23413607121672914,0.4129633944466484,0.35290053433662244,0.5669656787146,0.6634619345557379,0.8545564548390363,-0.01880923092980275,15.812168560817796,261.1616032596325,15.83880711674941,0.2399176620312444,0.7339761027034255,5.153225089420031,0.8129544587608277
sub-011,146,900.0,904.0,4-back,HIGH,31.318644959532705,41.006813755357776,50.78019374702334,0.25440460558236355,0.3331026068688794,0.41249278754875707,0.7637424635421899,0.6167492214692182,1.2383355129704174,0.025974285814575036,15.253438359169152,242.3657878886491,15.263091302522756,0.08130806466241425,0.39612183292757797,5.270923555963666,0.7304897481652697
sub-011,147,902.0,906.0,4-back,HIGH,29.472507838810184,54.09322093740974,72.3418351375119,0.18903834489465937,0.3469570018253963,0.46400465327994433,0.5448466060638592,0.407406140344477,1.337354919597361,0.14297485415212843,15.979388009575503,267.05802828975925,16.00478195776614,0.09384895001155667,0.38880358272330473,5.385552023717222,0.766477820948235
sub-011,148,904.0,908.0,4-back,HIGH,39.80587006091827,39.4933678135159,64.15014500515123,0.27749070272635606,0.27531221829422237,0.44719707897942146,1.0079127778840733,0.6205109911711325,1.624327034049423,0.0028081167270512155,16.85725699686978,303.9607743279599,16.871077765715118,-0.010631212329466814,0.6171932160317883,5.210483706454408,0.7452500560140674
sub-011,149,906.0,910.0,4-back,HIGH,40.96851473167062,70.52738622331567,56.11971131618951,0.24441944384864334,0.42076859826883795,0.3348119578825188,0.5808880340744406,0.7300200548225549,0.795715172805268,-0.11419703849120133,17.49180471366783,321.5243336057527,17.510576698921266,0.012379456474885026,1.176452042931299,5.041908144383936,0.7074216723998582
sub-011,150,908.0,912.0,4-back,HIGH,40.264369505228615,75.47112163557749,66.69674032991556,0.22070863893198936,0.41369401134409606,0.36559734972391456,0.5335069710458334,0.6036932135822656,0.8837385596568947,0.024745407232025982,18.564714286270707,369.0080540480595,18.575106811815647,-0.04799459802720168,0.6764177998371783,4.95384267014591,0.700195876263711
sub-011,151,910.0,914.0,4-back,HIGH,33.57463091132978,41.07689873068566,68.5844356933501,0.23440084222366786,0.28677782590783163,0.47882133186850057,0.8173604130013966,0.4895371751901015,1.6696595364468323,0.05341957176983304,17.775396054442577,341.74038628000534,17.79067870141174,-0.0010500713287779906,0.4032854195520957,5.1564330887051195,0.7110959539967121
sub-011,152,912.0,916.0,4-back,HIGH,29.439336456649855,36.36120176066411,61.84904596580301,0.2306261837439148,0.2848517054979429,0.4845221107581423,0.809635958965955,0.4759869129254989,1.7009626461992213,-0.02401370684527081,15.955815614083047,264.5981453347445,15.960686261790517,0.0987450524245951,0.6545849661699017,5.427238853434445,0.8169186008476259
sub-011,153,914.0,918.0,4-back,HIGH,48.05436124609397,119.80809249110926,57.72958117627749,0.21301444115490967,0.5310829903061878,0.25590256853890253,0.4010944523606366,0.8324044669466732,0.4818504324368698,0.03716978631281231,17.24714036822957,318.8626525246565,17.256353463550475,0.14081092051054173,1.149689229117733,5.014137830690125,0.7945492141883026
sub-011,154,916.0,920.0,4-back,HIGH,38.423145097581575,36.21537208824217,44.22298789209869,0.3232597893859108,0.30468545778972206,0.3720547528243672,1.060962317436915,0.8688500467524182,1.2211109631662824,0.03566175896577222,17.206519996268447,321.89264547064295,17.217454566855658,0.03084600948023276,1.6196600423935112,4.9427735130041155,0.6058821276909965
sub-011,155,918.0,922.0,4-back,HIGH,25.32393389622175,36.280723373924964,56.0102057248361,0.21531236147681446,0.30847056613476326,0.47621707238842226,0.6979996962911196,0.4521307066899879,1.5438006885246052,-0.053595621152683945,17.39398738019679,334.7912285458093,17.4074650076435,-0.13798610582119483,0.763994910589155,5.2967863717220025,0.7446828425495715
sub-011,156,920.0,924.0,4-back,HIGH,42.518522989607604,59.80105959038169,61.880466128672005,0.2589434249501828,0.3641963571916241,0.376860217858193,0.7109994919963962,0.6871073482413033,1.0347720684638966,-0.047362632232865985,19.169365297291183,404.42653211480905,19.17937363701922,-0.07690577556412703,1.067671985978742,4.926191419984346,0.7155694306525839
sub-011,157,922.0,926.0,4-back,HIGH,51.75195809212132,77.89208764568406,54.01027163647918,0.2817900435558596,0.4241233680716649,0.29408658837247537,0.6644058421894006,0.9581873322252916,0.693398691304326,0.036629631417564895,18.54426624133906,366.94883726956675,18.563721082837464,0.03335819070479052,1.4646694529505708,4.993952571655262,0.6727405003692547
sub-011,158,928.0,932.0,4-back,HIGH,51.63744475193137,128.88031157075343,75.11345118399244,0.20199976855557655,0.5041650150144011,0.29383521643002225,0.40066201053202105,0.6874593556544759,0.5828155617295838,-0.10163533420047777,20.81211751320658,466.02945112902756,20.82202942582335,-0.10463493334976814,0.8077176779566069,4.960772632740183,0.6964877005497221
sub-011,159,930.0,934.0,4-back,HIGH,44.99954277284457,122.01793527781376,67.78929924602363,0.19164499121755316,0.5196525274210558,0.2887024813613911,0.3687944945994077,0.6638148391168706,0.5555683194579478,-0.06409208486986216,19.516551176553975,412.8707259263405,19.533476075605176,-0.10803486506567851,0.7761459262710185,4.9591887849445815,0.7449285212946299
sub-011,160,932.0,936.0,4-back,HIGH,47.601654453960535,94.889909722833,56.1898895598588,0.23958781033007454,0.47759822539152236,0.28281396427840316,0.5016513830922776,0.8471569320891926,0.5921587418934812,0.09211573044720113,18.136259303825184,349.8859719602287,18.15721110822826,0.050151821124204854,0.882564124770458,5.073791004250529,0.6953464698832871
sub-011,161,934.0,938.0,4-back,HIGH,47.78695658219476,94.92521987578864,53.574625949948825,0.24345476107396014,0.483604698386755,0.2729405405392849,0.5034168648197481,0.8919699528437008,0.5643876940190624,0.10735251787355686,18.875678429242182,380.9208741009644,18.940941053153693,0.08363458980056532,0.8760025944612184,5.050665111070116,0.7195570424373456
sub-011,162,936.0,940.0,4-back,HIGH,63.65690132290055,93.34966073858624,50.63082367304121,0.3065772625566006,0.44958021604999976,0.2438425213933996,0.6819189359580379,1.2572756416916673,0.5423782290417353,-0.07179521723137412,20.56882833780441,463.76116427114374,20.582587251828038,0.12572916786099503,0.5192341327610629,5.010554047250255,0.7173309262414687
sub-011,163,938.0,942.0,4-back,HIGH,63.8634105784907,101.0700551678003,67.26406884642509,0.27503914152452014,0.43527617700627735,0.2896846814692025,0.6318727191002544,0.9494431674108409,0.6655192651745441,-0.10596663050098909,20.714271835546207,470.430117351723,20.75523031534846,0.04423168693493609,0.5504926862830765,4.985507385273208,0.5568529490917071
sub-011,164,940.0,944.0,4-back,HIGH,29.768112314782673,72.11178923867165,65.46871407523729,0.17788083996363208,0.4309075935152714,0.3912115665210964,0.4128050715293973,0.45469217984903243,0.9078780982476045,-0.039221295941590364,16.864437250493157,297.9371682111403,16.890883744353705,-0.07765773441528313,1.1010775573025515,5.194881011481381,0.6773928866936291
sub-011,165,942.0,946.0,4-back,HIGH,27.518063610635252,25.41905193003671,65.0257237310996,0.23327739295285263,0.21548355471060174,0.5512390523365456,1.0825763166295839,0.42318734850888395,2.5581490572534387,-0.01230625823952131,15.103288644391135,233.9602555277074,15.127835909338145,0.02367119873088232,0.21641873963595637,5.4168429763000505,0.8142335506337597
sub-011,166,944.0,948.0,4-back,HIGH,39.003135513992945,47.199965995432656,62.011437994421335,0.2631532347943544,0.31845705659806456,0.41838970860758107,0.8263382121454731,0.6289667966980824,1.31380259893454,0.04597789416749938,17.57020271468333,320.8213515695735,17.580066096179735,-0.057329379325215216,0.6938709606938134,4.950011945920614,0.8049013779905438
sub-011,167,946.0,950.0,4-back,HIGH,39.589018945673466,64.58764148222944,60.58820155654907,0.24027586020986247,0.3919988807341959,0.3677252590559416,0.6129503731230987,0.6534113561486663,0.9380773189127711,0.03536869676937389,18.384588219377136,354.84592503772365,18.426868974457896,-0.01875316586630374,0.7309808416998473,5.062964418742216,0.6905939338397978
sub-011,168,948.0,952.0,4-back,HIGH,28.86073762931488,107.99790509203898,53.13353521989884,0.1519048728323904,0.5684334284826869,0.27966169868492274,0.26723423574484073,0.5431736757185762,0.4919867211740532,-0.07871011767005424,20.413573524273904,447.76569116557863,20.428760309359003,-0.006904437331603386,0.7717625258524068,4.7440065785327965,0.6663710493364711
sub-011,169,954.0,958.0,4-back,HIGH,34.474854375894616,108.37604199246844,51.000350876608856,0.17784179810991038,0.5590680665340908,0.26309013535599884,0.3181040176600141,0.6759728861337383,0.47058694836034987,-0.007941951286425298,19.171610296807266,396.05031790085883,19.17586014301364,0.03309490826301906,0.916446597077774,4.957548192243767,0.6461792001608131
sub-011,170,960.0,964.0,4-back,HIGH,43.319439515508634,44.803512962007595,61.884468858062746,0.28878197578371456,0.29867530928205505,0.4125427149342304,0.9668759579687999,0.7000050305815086,1.3812414421730597,-0.056010856956728756,18.049123902439035,345.1497622342052,18.057494795341235,-0.033635765487119225,0.9589812524234369,5.153106478102501,0.6551915460934243
sub-011,171,962.0,966.0,4-back,HIGH,45.602626620043544,94.31382013121966,65.56564915828038,0.2219299273651488,0.45898801895002117,0.31908205368483006,0.48352008811217917,0.6955261971090287,0.695186019048516,-0.07460568716240402,18.724596253603323,372.68225845110845,18.73466978305463,0.01946174322391885,0.7386256625364646,5.1672878488887655,0.708191801342205
sub-011,172,964.0,968.0,4-back,HIGH,39.2917207592371,90.64839741923686,58.46544902697196,0.2085486185044184,0.48113438877519876,0.3103169927203828,0.4334519073461176,0.6720502692301327,0.6449694720644313,-0.07136704974129628,17.349916138780355,318.93429177856956,17.362623054492566,-0.07740175300810351,0.9958074958525608,5.228687378558258,0.6287715317201397
sub-011,173,966.0,970.0,4-back,HIGH,34.74376485835102,90.33147046763847,58.58517681675046,0.18917394583296668,0.49183963715290646,0.3189864170141269,0.3846252549469798,0.5930470256499629,0.6485577674476005,0.0017296185000109463,16.334112476465062,291.06401844264093,16.342488645028425,-0.09012819100229148,1.5758567900029596,5.241973995065469,0.8024948696887284
sub-011,174,968.0,972.0,4-back,HIGH,27.27913953230509,90.72171438113207,56.7038532729286,0.15614427322330326,0.5192860332283716,0.32456969354832504,0.3006903002042309,0.4810808782430422,0.6250306628323773,0.2141161999068504,16.33207119902041,290.9218821150927,16.36913907548003,0.0929520407594016,0.8807089024085899,5.200915567160732,0.6368436358444779
sub-011,175,970.0,974.0,4-back,HIGH,26.14313083789334,60.4635044157701,60.384853626314815,0.177854725039487,0.4113401726622408,0.4108051022982723,0.4323786900958173,0.43294185988554845,0.9986992022672974,0.03526162989441798,16.833163832497863,297.89880644531155,16.844887776930342,0.14358754639727236,0.36055868838793453,5.197108823527015,0.679240471998151
sub-011,176,972.0,976.0,4-back,HIGH,34.04803023149853,79.85558822390242,57.57163412113317,0.19855944061841788,0.4656974521047034,0.3357431072768788,0.4263700385755502,0.5914028801034208,0.7209468416876654,-0.13015167160169386,16.29273059941352,275.2882161339362,16.31704163242323,0.05626329211326715,0.41479184543614034,5.326173098747758,0.7045329361605777
sub-011,177,980.0,984.0,4-back,HIGH,43.851911495560536,79.02241718106018,60.28612906609921,0.23941800558916498,0.43143819443856507,0.32914379997226995,0.5549300193524175,0.727396370854732,0.762899076194652,0.046586626074740574,17.777869379307106,334.82060404632915,17.792372694691714,0.16227420697021072,1.2248651804024635,5.207692705583071,0.726520438360034
sub-011,178,998.0,1002.0,4-back,HIGH,42.23025275966098,168.6326265371106,64.37935866806096,0.15342940484685602,0.6126698713976328,0.23390072375551113,0.25042753366809156,0.6559595130078811,0.3817728513757872,-0.0023317898099746424,19.585409911211478,419.879827898093,19.592939394890386,-0.045211761946987394,0.9605799446393647,4.877418212513342,0.34112776777767523
sub-011,179,1000.0,1004.0,4-back,HIGH,50.438684331141324,160.55402352606802,67.84106520763781,0.18089158919572854,0.5758055122279921,0.2433028985762794,0.31415397274645035,0.7434830832441401,0.4225435384160456,0.06521836693637167,18.87688634181237,411.54725833896913,18.888510984172775,0.04108028991547861,1.3685350606685014,5.036015109810492,0.6128232100612583
sub-011,180,1002.0,1006.0,4-back,HIGH,62.971257111845176,54.486612833098434,58.14625768431639,0.3585978186389316,0.31028093455828093,0.33112124680278743,1.1557197968010349,1.0829803949503396,1.0671659451914923,0.022718786064197714,18.098523484707208,395.7471893093705,18.109565441557745,0.02589131866853513,0.9768517707144343,5.140631886208653,0.24730670154608453
sub-011,181,1004.0,1008.0,4-back,HIGH,51.17412517077839,60.33295330886096,59.26209049840082,0.29966840898171176,0.3533012057733875,0.3470303852449007,0.8481952625260027,0.8635221056226376,0.9822507808464457,-0.014286560782835073,17.393243635103023,331.514112702394,17.40526571448051,0.09729852219060882,0.7571221341291587,5.119434545653252,0.6925673161319544
sub-011,182,1012.0,1016.0,4-back,HIGH,58.26252702958641,29.32628122909877,50.02004493674178,0.4233922867364074,0.21311333208664038,0.36349438117695215,1.9867001402065214,1.1647835803280173,1.705638861810743,0.06510644473393101,16.91151452967149,340.9778114992869,16.92746416855819,0.07697847470807236,0.35602613067292294,4.948396584319932,0.38970084183195813
sub-011,183,1014.0,1018.0,4-back,HIGH,54.74788053516723,31.64634556825155,46.73796890877961,0.4112294590361925,0.23770618042729572,0.35106436053651174,1.7299906056164587,1.1713791123876371,1.4768836043953324,-0.026929301573258124,18.007259583705338,357.1098904961084,18.010184256693595,0.07109072925043196,0.2658567599917148,4.767345537132037,0.4860578954866194
sub-011,184,1016.0,1020.0,4-back,HIGH,42.19323128116772,83.31938234845602,59.90421298871222,0.22755880386206118,0.4493625733330101,0.32307862280492866,0.5064035533137818,0.7043449730174773,0.7189709200937481,0.011115059921154169,20.44806708403161,445.28962229653763,20.461267497972866,-0.049930486892935465,0.5323476253781392,4.940709243892289,0.37299991345373174
sub-011,185,1018.0,1022.0,4-back,HIGH,31.49835074484888,141.59884056477168,68.46515348545113,0.13039429126079383,0.5861792767614357,0.2834264319777705,0.22244780126176644,0.4600639762173657,0.4835149300119661,-0.006189027019911922,20.878494137605795,469.3400129006636,20.886605598333745,-0.08179321316119796,0.9557491448760613,5.073878749461044,0.6873974058403312
sub-011,186,1020.0,1024.0,4-back,HIGH,51.69712870027967,129.92737745094365,67.73115518815497,0.2073228593351197,0.5210524467463755,0.2716246939185048,0.39789249744380334,0.7632695552979527,0.5213001025417299,-0.04343008883514823,20.12303909566798,436.6588229950847,20.132100505555307,-0.04915993811158315,1.2269269989786988,4.840456082244546,0.7717061307055351
sub-011,187,1032.0,1036.0,4-back,HIGH,50.2788643387082,40.02672492111044,64.248923130359,0.3253147615113149,0.2589812765871354,0.41570396190154973,1.2561323575137344,0.7825635339707406,1.6051506401532634,-0.06384653603834649,16.950338416686208,319.7190617918321,16.962457600007653,-0.056971659093392295,0.7044700426229238,5.35445703417665,0.7113166691715047
sub-011,188,1034.0,1038.0,4-back,HIGH,35.83376308734563,47.062914283673976,63.45894967732418,0.2448403509317009,0.321565458280113,0.433594190788186,0.761401278113716,0.5646762713463273,1.348385467479177,0.01392059362329292,17.94532954319427,351.2419221391905,17.963218972215003,-0.10978335917839453,0.5375109033128312,4.924907824976237,0.7128926300884899
sub-011,189,1036.0,1040.0,4-back,HIGH,42.418660072280716,95.58477719487162,65.80210664201425,0.20813300393430978,0.4689998876452177,0.32286710842047245,0.44378049849716644,0.6446398487369499,0.6884161743439698,0.014411049153086377,19.76846950373776,413.04511123252684,19.779251115201806,0.02301803261959896,1.831142548733632,4.923455398595858,0.7386553292362998
sub-011,190,1038.0,1042.0,4-back,HIGH,38.82727536078266,52.15362395919397,62.574658845079405,0.25285490036803115,0.3396400923705694,0.4075050072613995,0.7444789530093228,0.6204951984941722,1.1998142045515199,0.006820216503267994,19.048173214710324,380.71493894901283,19.066343991165606,0.16594447226880102,1.5577065128172223,5.2058671287022875,0.6222740251617476
sub-011,191,1040.0,1044.0,4-back,HIGH,38.56142880578672,104.10609869439543,70.34666620837852,0.1810275087046324,0.48872845927267233,0.33024403202269526,0.3704050895133839,0.5481628467163085,0.6757208952271079,-0.03397728564808506,18.260209630041697,347.4804150728152,18.278434175371384,0.18617862167220897,0.7612103126472929,5.165484659031527,0.7505043059389054
sub-011,192,1042.0,1046.0,4-back,HIGH,29.025586728718622,60.81387123687134,64.51054697041302,0.1880504425040562,0.3939998010501273,0.41794975644581644,0.4772856280709928,0.44993552359788325,1.0607867195157341,-0.04890574955976261,17.05973986697514,305.9071217702392,17.085920691819826,0.22849815104821805,0.7502632959229347,5.057364263815402,0.7420598037080428
sub-011,193,1048.0,1052.0,4-back,HIGH,36.74997400249619,89.80257215065015,64.95653634705374,0.1918967681465332,0.46892069544825027,0.3391825364052166,0.4092307505496114,0.5657625247464887,0.7233260116211879,0.05663044147315503,20.16091091822662,437.72849134673396,20.17656165395835,0.12144152938861832,0.645712373692083,4.916784059149075,0.6502030099025424
sub-011,194,1050.0,1054.0,4-back,HIGH,31.937900188101295,42.202654980817414,50.63952629846343,0.25595351287256496,0.3382162800707043,0.40583020705673084,0.7567746674378233,0.6306911324537883,1.19991328321597,0.0721502522437429,17.160806918640528,316.6196456957045,17.187948945055137,0.015349734315562951,0.4400290397859361,4.907025675196594,0.7490219383365696
sub-011,195,1052.0,1056.0,4-back,HIGH,29.168068628296282,74.59892347443713,50.47244317318496,0.18910902115349185,0.4836566170058091,0.3272343618406991,0.3909985194128348,0.5779008661857826,0.67658406881006,0.036020932877217554,16.80738402903476,308.8080612613207,16.811963781551142,0.14081937522438284,1.23211373714177,5.117557285771134,0.7495129228246766
sub-011,196,1054.0,1058.0,4-back,HIGH,40.19029799606251,204.4851859822211,68.05579194669455,0.12851384268231572,0.6538686780764312,0.2176174792412532,0.19654381222293943,0.5905492662188401,0.3328152678630306,-0.07305700309332974,19.554070527288566,416.1307255450609,19.569126966804834,0.1961426088422639,0.993721655603,4.971100683177318,0.641082767266601
sub-011,197,1056.0,1060.0,4-back,HIGH,45.29385430735885,151.5645926759548,68.4513870993033,0.1707206009305122,0.5712739341156796,0.2580054649538083,0.298841922824265,0.6616937395534509,0.45163178213827565,0.0627782168617976,19.52418390310513,408.31930955347974,19.547062921836698,0.05370742382951555,1.2285160828270925,5.1108096858812555,0.5909166084894285
sub-012,0,362.0,366.0,1-back,LOW,58.042453969003475,33.59130323481173,71.67939462759739,0.3554058771024175,0.20568645487589315,0.43890766802168935,1.7279012238159381,0.8097508952266802,2.133867630158325,-6.944504900954335e-09,22.021526306893268,531.2578887532094,22.08143458692723,-0.0885938954613052,0.651604531217828,5.22231030568071,0.6723934358732423
sub-012,1,368.0,372.0,1-back,LOW,57.67387823273064,36.8296008470104,75.75925979912745,0.33873458522103345,0.21631039820880835,0.44495501657015823,1.5659653351201674,0.7612782699520896,2.0570209303606157,-5.886458572041719e-09,21.343317219808274,520.356601746963,21.37904972188457,-0.16087692115285365,0.6105315760658675,5.045071370975122,0.8478182045237832
sub-012,2,382.0,386.0,1-back,LOW,41.117697872117425,34.4669045278491,71.03836661201389,0.2804314913903956,0.23507165869102573,0.48449684991857866,1.1929617247436453,0.5788097310385466,2.0610602427211067,-1.465412820329292e-10,21.20180828189833,500.9215273848442,21.364796169380163,-0.15841170226924078,-0.051227572030186075,4.9930817260410985,0.8265857016759502
sub-012,3,392.0,396.0,1-back,LOW,56.33772625038316,34.167443553133964,65.25300279845696,0.36169996931300114,0.2193621238767726,0.4189379068102263,1.6488715687134181,0.8633736967536976,1.9098005590316316,-2.390884753336159e-09,19.457499898578586,430.27383360073304,19.630298178256044,-0.14774249553196325,0.5955086462027663,4.986047031031494,0.9156634412433047
sub-012,4,394.0,398.0,1-back,LOW,52.78954014921335,37.041205036672814,63.44036176408666,0.3444193834030551,0.2416711523376871,0.41390946425925784,1.425157202551829,0.8321128486864541,1.7126970275744875,3.0489901597637693e-09,19.57560587128137,425.5796355707287,19.60629027446171,0.05019445518135207,0.07786715511557,4.968514706936889,0.8598308739759914
sub-012,5,400.0,404.0,1-back,LOW,51.36551710185705,44.56217813174148,68.59549651777364,0.31220836743479147,0.27085651364631896,0.4169351189188897,1.1526707009249526,0.7488176295735076,1.5393209980665938,2.7239371226453625e-09,21.689299716789375,501.59095166646284,21.814851622488156,-0.13749937898367595,0.09114976962550983,5.076622906646337,0.7840661247992218
sub-012,6,408.0,412.0,1-back,LOW,45.014730106827784,38.33085713145645,59.85212187766776,0.3143537028960278,0.26767786557547973,0.41796843152849245,1.1743731676139895,0.752099151953773,1.5614605661544094,1.892378850112514e-09,18.890880728481488,375.2576538381601,18.926076168558634,-0.012679150595346467,0.012918200746869639,5.102980956226145,0.7012101161925625
sub-012,7,410.0,414.0,1-back,LOW,56.36211986740864,49.090805129494925,60.60536623231069,0.33941165749809293,0.29562393281365096,0.36496440968825605,1.1481196879687137,0.9299856328128276,1.2345563710442702,-1.010297770589007e-08,19.90024916623019,428.73900273685814,19.99841280224694,-0.1397301336182022,0.5562963130071329,4.987334593258669,0.8036084646437913
sub-012,8,412.0,416.0,1-back,LOW,56.84102859478855,37.48426444142115,62.17841281411029,0.3631928604243484,0.23951039521882678,0.3972967443568248,1.5163970653236998,0.9141601726747435,1.6587870601350634,-3.0704137361269837e-09,21.329506897600368,492.37549594720286,21.381743264467456,-0.13143367632808078,0.32823944867861876,4.884432357801768,0.7750904251545122
sub-012,9,414.0,418.0,1-back,LOW,72.58892492301472,65.57918175738483,67.46691864395117,0.35299883766648843,0.3189105632853448,0.3280905990481668,1.1068897625402367,1.0759187818565472,1.0287856120796104,-1.3451247133688365e-10,22.714020929455323,547.5485939330292,22.74643853627831,-0.15849328887924952,0.28903497976580406,4.827549228775935,0.7577150925562968
sub-012,10,416.0,420.0,1-back,LOW,79.61603783279783,51.73491999048748,74.02608598988668,0.3876579210343644,0.2519021553234054,0.3604399236422302,1.5389226048370592,1.0755132703311483,1.430872725878341,-8.412484977632654e-09,23.841009105829066,599.40055305205,23.879376549133703,-0.035075348793913254,0.39476290689197036,4.96572836999303,0.6685090102629747
sub-012,11,418.0,422.0,1-back,LOW,75.37527727246845,59.035023446602,75.44133792938666,0.3591836487812083,0.2813179054822503,0.35949844573654144,1.276789147727644,0.9991243440435793,1.2779081556158678,-4.27624491956897e-09,22.884232744901563,548.4626862595754,22.919430069793982,0.1289546278921216,0.36592759384034523,4.778521349118707,0.7880958065703713
sub-012,12,420.0,424.0,1-back,LOW,63.51372375437416,43.414407587790585,69.88602400254912,0.3592117589824688,0.24553694529236414,0.39525129572516704,1.4629641928417354,0.9088186752770121,1.6097426611483496,2.993871437312042e-10,21.22289288226757,473.71976076480075,21.25957767408898,0.07398464454585041,0.2084534595497057,5.158810054922608,0.6647079514567442
sub-012,13,422.0,426.0,1-back,LOW,70.03108747299083,43.12921331889843,88.12070876041047,0.34792694864139356,0.21427363373638075,0.4377994176222257,1.623750634058157,0.7947177054986799,2.0431791349599595,1.7941684746079401e-09,22.91939880670637,557.5485948849782,22.951729468853173,0.034590404429713305,0.25555061001231755,4.98586998349831,0.7283358173971062
sub-012,14,424.0,428.0,1-back,LOW,87.23656801495594,50.60175265242308,84.37703336642967,0.392576689375314,0.227714924886443,0.37970838573824306,1.7239831318526195,1.033889964299977,1.667472546771347,1.8357544139783948e-09,23.36427795387459,577.2759305733838,23.409771265330317,0.048860021414444926,0.3401610462433781,5.024544120222703,0.7279144615301623
sub-012,15,426.0,430.0,1-back,LOW,69.13717196667864,45.0307734757793,71.95841601582617,0.3714528744074445,0.24193656998915705,0.38661055560339835,1.535331655004004,0.9607934108982187,1.5979831226867653,-3.338384633061172e-09,21.86919314730893,504.34373020472185,21.942818169235757,-0.05364435638879081,0.020052384999515328,5.121557220243687,0.6211204290929344
sub-012,16,428.0,432.0,1-back,LOW,62.81098983871085,42.54348950236248,66.74883447556593,0.36496095540397533,0.24719738719086362,0.3878416574051611,1.4763948743608089,0.9410050427427828,1.5689553268041,-7.16165993759694e-09,20.725806319960288,452.1620139198433,20.73974155283274,-0.04804461656614132,0.008078975370408038,5.035229545732297,0.7245655482818769
sub-012,17,442.0,446.0,1-back,LOW,60.318924711511706,47.12089228439974,60.75162876231758,0.3586325359151657,0.280162240546614,0.3612052235382204,1.2800887629091315,0.9928774905361176,1.2892716121683154,-2.567127142439954e-09,21.04477198788276,470.66345260416415,21.116286337114094,-0.03665488916919921,-0.039421317114470354,5.048890830059513,0.6714810860099448
sub-012,18,464.0,468.0,1-back,LOW,89.97434031470739,37.841682639826615,56.84221014503174,0.48724792176579634,0.2049282179550737,0.30782386027913,2.377651680319669,1.582878992304129,1.5021057780662204,-9.283080035665511e-10,19.880698884245547,412.7517249547621,19.936429698159362,0.07548329801397326,0.2658108364868968,4.9042834910134605,0.6978032212862625
sub-012,19,522.0,526.0,1-back,LOW,66.40361170204761,60.49298212365504,57.8528570822589,0.3594252181844294,0.3274325408078827,0.3131422410076879,1.0977076905600476,1.1478017690229319,0.9563565070077154,-7.631150869108775e-09,24.592707121913737,681.6317237370996,24.674917065920333,0.01547590571114836,-0.07181876376431406,4.780510868940376,0.6543974943764631
sub-012,20,540.0,544.0,2-back,MODERATE,47.02234597815426,26.89398625577793,58.30660705951534,0.35562925941160434,0.20339879297412272,0.440971947614273,1.748433479921629,0.8064668542650254,2.168016541132451,-1.8185690891777508e-09,18.911081341798425,429.5618660783022,19.05110654565581,0.0075967449317911676,0.07407208737170953,5.045414820337533,0.7177340519226174
sub-012,21,546.0,550.0,2-back,MODERATE,58.17158874827372,37.708924638978125,51.93848826768284,0.3935325505990641,0.2551020113571392,0.3513654380437968,1.5426477764933186,1.120009278061126,1.37735267618839,-1.333364787002797e-09,19.777271469569996,425.84838512681046,19.901226759301814,0.04067511006535974,0.33032646399532056,4.871611639068145,0.7283938479651353
sub-012,22,548.0,552.0,2-back,MODERATE,46.56325870997174,33.25019364331395,56.37815174181263,0.34189522195111294,0.24414275655418807,0.413962021494699,1.4003906025171322,0.8259096346969865,1.695573636250065,-3.785779783228056e-09,19.954023228863115,453.9609022113128,20.08030734639209,-0.10597579897731836,0.0971338390469312,4.817641045543096,0.6900018454834025
sub-012,23,550.0,554.0,2-back,MODERATE,44.48609408570059,35.46480417468324,60.85793355322257,0.3159325555984187,0.2518649130022558,0.4322025313993256,1.2543730360552015,0.7309826589296827,1.716009293424109,-2.6367776061990347e-09,19.970820129773475,467.37791188645093,19.989029926855977,-0.016645468795571234,0.1963725176420612,4.9672889066790225,0.7307126427706896
sub-012,24,556.0,560.0,2-back,MODERATE,44.42146247424168,29.753073370469554,55.81028752351031,0.3417434537600161,0.228896517297138,0.42936002894284586,1.493004165355595,0.7959368146155663,1.8757822705772305,-3.2967152750386144e-09,20.84895541011539,498.4855130883502,20.89410044275658,0.01119629609118048,0.12874433044990702,4.9558421595305475,0.7133893292124606
sub-012,25,562.0,566.0,2-back,MODERATE,51.206916863746166,47.41697725731836,63.44516441310166,0.3159573907992506,0.2925726704787532,0.39146993872199626,1.0799279040049494,0.8071051172683501,1.3380263374614312,-1.9309380877866776e-09,20.082530869172796,465.5281949314468,20.214355405096917,0.023721709521672293,0.38637499588249535,5.111445975504299,0.7807468477149836
sub-012,26,564.0,568.0,2-back,MODERATE,54.22720682268477,31.986516194022485,63.78543858683037,0.36151673278023083,0.21324463318379044,0.4252386340359787,1.6953145661051559,0.8501502541033078,1.9941352224769742,3.2892720477175738e-09,20.02465620413173,457.5483301624453,20.11466941091568,-0.01058619467788229,0.257354318727836,4.880260319068445,0.7828720068535844
sub-012,27,584.0,588.0,2-back,MODERATE,34.20502304635242,32.330816838674885,58.95239550070682,0.272575536194375,0.2576402221235661,0.4697842416820589,1.0579696522061135,0.5802143026731172,1.8234118795967622,3.422091014799499e-09,18.67567286136061,382.07858915749307,18.774269475097906,0.06720586096237553,0.22137949447190333,5.0193061942791495,0.8300021242363165
sub-012,28,590.0,594.0,2-back,MODERATE,38.46510874985387,36.06146306942168,60.4849283554601,0.2849024616426841,0.26709919542224125,0.4479983429350745,1.0666541364615447,0.6359453469763686,1.6772732775434256,7.498217485509653e-10,19.135024786958365,392.071879922599,19.225625423041713,0.02473634873532676,-0.01728067888062445,4.994812607067908,0.7489534676808888
sub-012,29,592.0,596.0,2-back,MODERATE,37.62176198058959,44.287981233997925,61.55852329838425,0.2622305468309816,0.3086953115865076,0.4290741415825109,0.849480173454125,0.6111543936528617,1.3899600203752005,2.0979040500415803e-09,17.876633693119324,339.0757250571649,17.908573862714267,-0.03274264902849805,0.13466301651858706,5.186322970158391,0.8296622794958173
sub-012,30,604.0,608.0,2-back,MODERATE,36.684741482493905,41.86473876092023,65.75622337984483,0.2542154645409394,0.29011146274728766,0.4556730727117728,0.8762682526694342,0.557890030736441,1.5706827589529053,1.997976129205901e-09,18.64835308259446,362.4418555013842,18.72055363583439,0.0017076604321057762,-0.08845709749485764,5.175360970898821,0.8095272768468103
sub-012,31,644.0,648.0,2-back,MODERATE,53.23755321665763,38.46601055214597,59.28339142582684,0.35259703825427513,0.25476380063801657,0.39263916110770836,1.384015458127294,0.8980180103776023,1.5411889763161182,1.816814184476662e-09,20.444986371955764,455.63131888193845,20.495194802921233,-0.06538973490813638,0.2505562167238293,4.816228992074777,0.8175358989024639
sub-012,32,646.0,650.0,2-back,MODERATE,57.99864294634949,29.91719404154488,51.568688399164714,0.4158070064432425,0.21448396485937715,0.3697090286973804,1.9386391272459897,1.1246871841574495,1.7237140731698708,-1.1601853512986867e-09,21.982116573861394,511.9148626527637,22.046479619090583,-0.04945429807526959,0.6744073901842768,4.4660398430112505,0.8048823404457985
sub-012,33,648.0,652.0,2-back,MODERATE,34.92502405903349,38.4777153300545,61.22788429780074,0.2594136690643195,0.2858021026445095,0.45478422829117104,0.9076688612994118,0.5704104340624419,1.5912557118477444,3.0857219703394e-10,20.795701951440314,463.11489567247446,20.838168166566795,0.06771005217552656,0.4179392191040052,5.0282747794523805,0.3433743278473588
sub-012,34,650.0,654.0,2-back,MODERATE,41.39507276555058,46.28737014216224,69.94753613696169,0.2626091370209384,0.29364572921147036,0.44374513376759117,0.8943059983406713,0.5918017281480282,1.511158139296574,3.4914945320894587e-09,19.144265329021444,390.0144753921675,19.188936955179248,0.019246537878565936,0.308852701202633,5.311370495519191,0.8557656403854939
sub-012,35,652.0,656.0,2-back,MODERATE,46.432109662380455,42.21357323257691,69.93703128794768,0.2927942676578666,0.2661927780091398,0.4410129543329936,1.0999331756769652,0.6639130773396461,1.6567427472350555,-2.717481658649402e-09,20.479804470104416,454.4354782740047,20.539313655454464,-0.2621627628713399,0.9161186060029604,4.960313544427782,0.852510164987233
sub-012,36,654.0,658.0,2-back,MODERATE,70.4818443097108,47.12170878559956,70.63667346931206,0.37442498660356505,0.2503275184351884,0.37524749496124654,1.4957404161720493,0.9978080910099975,1.4990261450556457,-1.0106050849968466e-09,20.7943494018075,466.686420749472,20.825242663902348,-0.1745828909041658,0.4600434395325525,5.05863315655684,0.795119209586284
sub-012,37,692.0,696.0,2-back,MODERATE,53.52916584771149,39.38590115783787,55.627676798357136,0.3603620377335708,0.26514860402627133,0.37448935824015794,1.359094606803457,0.9622757758111584,1.4123753719746266,1.1620403878908585e-09,18.236122952534995,351.657982366427,18.262523398557203,-0.147199641086284,1.0297513437239931,5.029109825584973,0.7884183160021253
sub-012,38,694.0,698.0,2-back,MODERATE,57.67633977537576,35.95089037332561,58.39297819173668,0.37939916281534,0.23648757468359893,0.38411326250106115,1.604309077645813,0.9877273186168413,1.624242893162456,2.534369579695737e-09,19.76284963363149,414.6763636336735,19.811406335836583,-0.12855583960967323,0.9908987609294386,4.909330259642954,0.7411201217230842
sub-012,39,726.0,730.0,3-back,HIGH,55.423549942497104,40.68386746340091,53.76944140850297,0.36979391202167167,0.2714486264606166,0.3587574615177117,1.3622979671821016,1.0307629852694091,1.3216403641289465,-2.208631385054508e-09,20.75404677054978,499.6767896056986,20.786084115663673,0.16592225462496568,0.18820165342453576,4.814432708361074,0.6394567773887855
sub-012,40,728.0,732.0,3-back,HIGH,45.80785993925727,44.10911855730897,57.33957556223093,0.3110751859707849,0.29953925541199955,0.38938555861721547,1.0385122495644796,0.7988873215418515,1.2999483426024991,-2.0315477633481294e-09,18.13727450963035,366.9188355547141,18.171652198722484,0.051308082236804255,0.11892121357554576,5.214335472515222,0.7425704742555016
sub-012,41,730.0,734.0,3-back,HIGH,43.89301490955645,36.326556519124225,60.132552267260124,0.31273495372714405,0.25882441649277904,0.42844062978007685,1.2082899981573767,0.7299376669474001,1.6553331234575774,-2.9332333053694606e-09,18.253632739599016,375.77677804690865,18.31202671528946,-0.02649003623083538,0.12970543630092216,5.082894948061693,0.7383112462389712
sub-012,42,732.0,736.0,3-back,HIGH,32.29476251395055,25.912601798702127,59.9457543382714,0.27332975111188884,0.21931373538483795,0.5073565135032732,1.2462956350283623,0.5387331074643343,2.313382299622027,-5.3740754069053764e-09,17.788468981843504,344.21910297816936,17.833770954191642,-0.03795687204803407,0.03412046288876742,5.173061671288262,0.7318008981784823
sub-012,43,734.0,738.0,3-back,HIGH,46.04897132232616,32.6284837864885,77.39910381341956,0.2950409186383347,0.20905435135038936,0.4959047300112759,1.4113120187765238,0.5949548386675523,2.372133020948728,1.394520849672924e-09,19.10554512455867,391.66556590220114,19.146201170785023,-0.001965280997668726,0.009651325071669553,5.064610094031633,0.7664041676744178
sub-012,44,736.0,740.0,3-back,HIGH,53.823718660870064,40.9852152697871,69.99289387634091,0.326596612289421,0.24869393631838543,0.4247094513921937,1.313247186981279,0.7689883312434896,1.707759576608526,9.512495200892981e-09,20.437583928125104,457.5644678451664,20.477387435384227,0.06616899759160208,0.10798674186246396,4.938156838769585,0.7918158788229617
sub-012,45,738.0,742.0,3-back,HIGH,58.88851340283654,28.39225773869012,48.51624357631917,0.43365101600497613,0.20907865903887898,0.3572703249561449,2.07410463601805,1.2137896313056702,1.7087842757290168,7.841427965803456e-09,20.13888999111968,434.43037572861624,20.17244711898723,0.052368401668078206,0.040581384467391166,4.669625782447726,0.4033223865142289
sub-012,46,740.0,744.0,3-back,HIGH,44.11270384134876,25.22658823812476,52.37275846718881,0.3624349737205085,0.20726450770339552,0.430300518576096,1.7486591300000511,0.8422833765570145,2.0760936030199377,1.493836574907373e-09,18.837642456195386,375.3971541859548,18.911968321978453,-0.03588838600628093,0.1952559492739343,4.781982307245149,0.5397712453199288
sub-012,47,750.0,754.0,3-back,HIGH,43.7855192319073,27.87389992170012,52.10208300331229,0.35378949405761706,0.225222702018906,0.420987803923477,1.5708429518260494,0.8403794379799311,1.8692067902113072,-2.5111103795742643e-09,18.82411039551646,394.11650920137714,18.906571253892547,0.08835487808636311,0.08525267714349749,4.949452863882758,0.706670937383503
sub-012,48,752.0,756.0,3-back,HIGH,46.75933109403525,34.31428405181857,54.22576375198081,0.3455990077333873,0.2536174543545354,0.4007835379120772,1.3626783243801097,0.8623083910427575,1.580267962755498,-2.800085198794097e-09,19.713716400225852,406.6488589084689,19.770766283547925,-0.03826636489437953,0.3902104415879465,4.804024499482033,0.874637780528249
sub-012,49,754.0,758.0,3-back,HIGH,56.02150806090142,35.6725018438357,55.15705288856737,0.3814852068163286,0.2429161979852021,0.3755985951984693,1.5704395589114555,1.015672613511104,1.5462064626145267,2.408841313551516e-10,20.123016051272597,421.32166286961655,20.14457418190227,-0.03684944872104498,0.21040873436349414,4.777015673556916,0.63860612106813
sub-012,50,828.0,832.0,3-back,HIGH,73.43780641628041,42.27701173351128,57.84101500449123,0.4231364920532384,0.2435931478945396,0.33327036005222194,1.737062375155272,1.269649338113761,1.368143410160728,-3.764278456193444e-09,22.84778831652499,579.5375090927087,22.89336674745438,-0.18554951143514817,0.4750366494858844,4.750460204803733,0.571671191076063
sub-012,51,830.0,834.0,3-back,HIGH,48.027677561673514,61.71629260174156,75.98497626729541,0.25859015777915423,0.33229226670257306,0.4091175755182726,0.7782009504621189,0.632068073466584,1.2311980040283756,2.2667509682138208e-09,22.427106112210286,543.1182844996392,22.474806767174083,-0.09765432940056848,0.2982529059537307,4.886363196052526,0.77588268423239
sub-012,52,832.0,836.0,3-back,HIGH,64.10559241185584,45.72596015242531,70.58255578219733,0.35532471933261156,0.25345002434405145,0.391225256323337,1.4019518058923837,0.9082356355821399,1.543599205941521,-1.1479137406704348e-09,23.126376025427202,574.1679126148831,23.17123875681793,-0.071163971771327,0.4693353416131103,4.684132144569241,0.7652461733788274
sub-012,53,1004.0,1008.0,4-back,HIGH,54.21044557132725,58.859560009530945,60.03231172525202,0.31316995875602704,0.34002756823552527,0.3468024730084476,0.9210134354138754,0.9030211233482142,1.0199245749633734,2.022310658115376e-09,23.662972994897,650.1268499615572,23.738963949454163,-0.17255502461671485,0.2758625732490449,4.7394295362469805,0.6703078457711621
sub-012,54,1006.0,1010.0,4-back,HIGH,59.372060492664055,55.63070924401063,64.6984659805416,0.3303931676134596,0.3095733260930544,0.36003350629348596,1.067253344411679,0.9176733882766326,1.162999121524003,5.794833805788058e-09,23.723247471795986,681.384796049203,23.902227938605915,-0.21465879935168816,0.49662457436722063,4.7717191767081415,0.7406671041198646
sub-012,55,1032.0,1036.0,4-back,HIGH,41.14819951384108,55.42969361759797,57.31595391223284,0.2673804073671904,0.3601813502125798,0.3724382424202299,0.7423493948517377,0.7179187766263259,1.0340297802771188,4.24406142977767e-09,21.484650017331482,542.6001329721757,21.549171272868882,0.036636241560538706,0.1420037368016962,4.662752830458177,0.7467330912986272
sub-014,0,274.0,278.0,1-back,LOW,68.67765211059664,196.1898261932327,151.36545399851926,0.1649981219186897,0.47134623660850034,0.36365564147280993,0.3500571535394203,0.4537207817000865,0.7715255012736252,0.03914704056018964,23.532380667380515,627.6697483064203,23.538681702791955,0.037045877939589446,-0.04615513015566959,5.338872066828067,0.8010735621303244
sub-014,1,280.0,284.0,1-back,LOW,78.63630111763798,199.50788142665874,130.86738000565884,0.19225935968016444,0.48778054141755806,0.3199600989022775,0.3941513515923206,0.6008854239630813,0.6559509282031403,-0.041596487777602074,24.532783766662924,662.8147243442851,24.54224032536108,0.04127117015319638,0.17318207870961774,5.234647824266016,0.8114211292493193
sub-014,2,292.0,296.0,1-back,LOW,89.96968562065626,196.31128291805717,139.61794404221294,0.21124657274996175,0.4609339848472974,0.3278194424027408,0.4583011444034562,0.6443991582733397,0.7112069258927478,0.012219707892260567,24.765698877468104,669.9625688852477,24.776313307419358,0.09612696602881017,0.26504424697986,5.246478360848637,0.7958062886513437
sub-014,3,294.0,298.0,1-back,LOW,67.84317429326089,190.06812865877993,113.06224729896086,0.18287873690013215,0.5123495422522154,0.30477172084765247,0.35694134925196447,0.6000515283750638,0.5948511625635879,0.004554414422227578,22.943977205579476,575.5875345039061,22.968672820347713,0.029442512562694766,-0.0009379548426951924,5.031200137952739,0.8136347660133868
sub-014,4,300.0,304.0,1-back,LOW,69.03437450821455,123.47572080360509,122.3714568601545,0.21923918385193644,0.3921338673285255,0.3886269488195381,0.5590927030749431,0.5641378821460522,0.9910568333898857,-0.004117532508782609,23.018934558549606,588.6987170915726,23.0248556864119,0.02599045821273128,0.038455172538749534,5.299648819102669,0.8062103843192758
sub-014,5,312.0,316.0,1-back,LOW,56.65109553137451,208.78265044435793,127.41956138513035,0.1442041965026314,0.5314519351941632,0.3243438683032054,0.27134005345177103,0.4446028138501001,0.61029765219447,-0.04523512395465344,22.7371396653579,567.5245699966318,22.752301914159744,0.002456970969199843,0.005969028655006936,5.175434414500005,0.7472766207458672
sub-014,6,338.0,342.0,1-back,LOW,101.36395105630446,156.58788065749994,111.56677179680317,0.2743135260127564,0.423761832746277,0.3019246412409666,0.6473294780584894,0.9085496463133205,0.7124866326074741,0.014550654341868606,21.92118699442806,526.2333829591345,21.930886988510462,-0.009754956629909644,0.31853914673011907,5.309875138558543,0.830056506129532
sub-014,7,350.0,354.0,1-back,LOW,69.21142181780517,203.10409466602474,137.1300478015584,0.1690369315359441,0.49604663569992624,0.3349164327641297,0.34076822494205905,0.5047137584168379,0.675171261451173,0.017640717750678835,23.076849109528254,594.8512548835708,23.089234339804076,0.051354629074701064,0.14289717283868128,5.335054843475203,0.8769525930233139
sub-014,8,352.0,356.0,1-back,LOW,67.73189827192728,165.0871425593481,129.81730181756353,0.1867763660343218,0.45524158266511977,0.3579820513005584,0.4102796694029516,0.5217478512002438,0.7863562225683007,0.03514741677948785,23.977110029643075,637.2135283993489,23.981705943804183,0.05935671989174748,0.1841545659882381,5.347545059427018,0.7647792612146622
sub-014,9,354.0,358.0,1-back,LOW,99.880718693351,154.4108645264159,137.3908321420041,0.25500434733864125,0.394224653623515,0.35077099903784376,0.6468503301221,0.7269824131359546,0.8897743857816423,0.008873479347967006,22.941379061154723,580.6700405083852,22.971022616538146,0.09622956256392962,0.21613940653686553,5.3198882056398995,0.823937373493257
sub-014,10,376.0,380.0,1-back,LOW,58.76311507398434,104.26505819118533,138.57211365044782,0.19483772935012236,0.3457060974890812,0.45945617316079634,0.5635935575486231,0.42406162052356366,1.3290369377280302,0.04992948189315838,22.515025673840135,555.4614264310428,22.529556947659604,0.015257936695113357,0.4463325498526173,5.438386720870897,0.8476627988349502
sub-014,11,378.0,382.0,1-back,LOW,91.98115558280908,244.86324938287052,138.4854257027499,0.19351016840971494,0.5151438718637397,0.29134595972654537,0.3756429591399666,0.6641937598562953,0.5655623130534086,0.02972783102459126,25.001241521448357,679.2012983952866,25.010679637243822,0.0357558013215312,5.602860198265123e-05,5.249634738526885,0.792608661059615
sub-014,12,396.0,400.0,1-back,LOW,79.25495300651112,197.5491386741737,114.05108224285911,0.20277319655493253,0.5054279739758971,0.29179882946917035,0.40119108358771294,0.6949075050225871,0.5773301924184467,-0.04105318739697379,24.075027040497854,625.1790162963229,24.08210343778464,0.07155359948568929,0.20813500590039163,5.213102683492094,0.7535242457569404
sub-014,13,398.0,402.0,1-back,LOW,93.82732090227796,185.78477508156183,133.22664458973702,0.22727353729429348,0.4500177837560546,0.32270867894965183,0.505032346493875,0.704268438128223,0.7171020581812954,-0.005084304572722879,24.53771190090348,644.8449934203527,24.546835582565052,0.0905743034674492,0.24120822263919683,5.235779795428654,0.7410147963381455
sub-014,14,400.0,404.0,1-back,LOW,62.12486688152596,173.09360734776968,125.42427929415548,0.17226151440607343,0.479958645104217,0.3477798404897096,0.35890907719490917,0.49531771066290553,0.7246037633392218,-0.0070205235539623385,24.297237808951923,628.345123011148,24.308828402663437,-0.034375122501670734,0.1210650830707088,5.211449965423864,0.7442568968036676
sub-014,15,402.0,406.0,1-back,LOW,54.61237011547078,329.2929695845577,132.60803055707154,0.10573273270406708,0.6375303884595449,0.2567368788363881,0.16584736134625283,0.4118330532928534,0.4027053195954119,0.048063408605297286,25.206949052545323,680.5701660399338,25.21716313700696,-0.014471882849812849,-0.02434236818024599,4.929436031401766,0.7373858579323096
sub-014,16,404.0,408.0,1-back,LOW,128.57770993304325,266.88233202691595,124.73303081675955,0.24717305297187678,0.5130447635573748,0.23978218347074842,0.4817767776402515,1.0308232638228103,0.4673708816519927,-0.04232958249203639,27.778432803810777,827.7792096020934,27.79315059159164,0.1185210011451898,0.29955451505531855,5.110628486926693,0.6960692062675288
sub-014,17,428.0,432.0,2-back,MODERATE,57.39330857769023,198.1996515253016,102.35037051617516,0.16034188562310078,0.5537179619535241,0.2859401524233751,0.28957320628973743,0.5607533054178827,0.5164003555430541,-0.007726869296075192,21.769593476344962,525.013401131638,21.78347392091597,0.015146561573551064,0.25510307414359884,4.977752463974683,0.7170533933074115
sub-014,18,430.0,434.0,2-back,MODERATE,52.39552454335397,119.3973958875511,98.91523837914355,0.19354985373794747,0.44105577169297744,0.365394374569075,0.43883305958113417,0.5297012412033135,0.8284539008899514,-0.06657978915095997,20.04976636750239,446.5425769588454,20.05956665414913,0.00928642083243669,0.35166563244470056,5.216709702572491,0.6825357913820692
sub-014,19,438.0,442.0,2-back,MODERATE,46.73233043791659,134.78557999220092,131.95967318099525,0.14907710433257254,0.42996879853268966,0.4209540971347378,0.34671609856648355,0.3541409986202281,0.9790340568229243,0.018022994231119777,21.611430836196412,523.3231433757352,21.615547352361684,-0.0004310426921421454,-0.11323180119939154,5.335647864489495,0.8504461460443145
sub-014,20,446.0,450.0,2-back,MODERATE,52.74185775820194,143.9159501182131,109.1102352343886,0.1724897645339917,0.47067034427159254,0.3568398911944158,0.36647680618360634,0.48338139538332814,0.758152485146817,-0.05243655035200728,22.241389405690615,541.0542289459573,22.28558190763773,-0.0018600428378410213,0.1254822871913419,5.2778910794395015,0.860137581899988
sub-014,21,460.0,464.0,2-back,MODERATE,68.50827458535002,224.4992805877441,134.0812582342352,0.16040756028889785,0.5256501072849019,0.3139423324262003,0.30516033016227867,0.5109459404510397,0.5972458258360895,-0.02773224954506601,23.11285209238314,601.3280396479881,23.1280768384995,-0.015392243638431741,0.0810420696002184,5.260454390223741,0.7777562056566254
sub-014,22,480.0,484.0,2-back,MODERATE,80.04283130243404,171.33561007643587,110.79918617954179,0.22100435038474264,0.47307066212642584,0.30592498748883157,0.4671698502531115,0.7224135308424614,0.6466792637567421,-0.11033661048343503,23.76652017600684,612.9041933245514,23.785587456472143,0.07182352959593952,0.0886073472497305,5.293889191303421,0.767442117944363
sub-014,23,482.0,486.0,2-back,MODERATE,75.08788347439108,216.97781394281523,108.80470323215621,0.18731211721483454,0.5412667375574173,0.2714211452277482,0.34606249417823237,0.6901161553115616,0.501455431110721,-0.027853865810345206,22.864148188162087,573.6075461476024,22.870471824329247,0.08145646093739019,0.07399551243130331,5.22004748684979,0.7182209927844685
sub-014,24,524.0,528.0,2-back,MODERATE,58.90160777907686,185.70689135102674,119.85253739408515,0.1616129074888576,0.5095383943427425,0.3288486981684,0.31717513200810576,0.4914506531088571,0.6453855132792976,0.04094994021630512,23.78191152207378,623.8830831710695,23.800395192334037,0.034485384119688316,0.09994551777749143,5.284006172673071,0.744009724112626
sub-014,25,586.0,590.0,2-back,MODERATE,64.95872296794948,205.0445612086211,154.3516929560269,0.15307637819374967,0.48319113067584263,0.3637324911304078,0.3168029553432422,0.4208487883994606,0.7527714563420334,-0.021472066316768776,24.623179378446828,653.1572695949272,24.63443386413844,0.00825190349189335,-0.040470845764827464,5.2656196611917805,0.7183317474478942
sub-014,26,724.0,728.0,3-back,HIGH,50.807539584517414,124.51599607839185,127.07445062160978,0.16801546931173614,0.41176198826019206,0.42022254242807183,0.40804026136955435,0.3998249792620176,1.0205471957322432,-0.11788783144920965,21.164085797614604,505.71028675851545,21.176144213277016,0.001778806560024305,0.0581011200634626,5.457824688142688,0.8124496171331277
sub-014,27,726.0,730.0,3-back,HIGH,73.34531150924926,191.57907311948549,139.71755091091092,0.18125978814191168,0.47345333316476074,0.3452868786933276,0.38284615493209273,0.5249541738390258,0.7292944298972092,0.017227315424103506,22.62812575485622,579.855627991081,22.63701038842932,0.0002227994429518842,0.013758999091514498,5.363737764037542,0.8685974063198154
sub-014,28,728.0,732.0,3-back,HIGH,78.90840347931665,176.7637990256109,121.60768853438353,0.20915083298487994,0.4685216552058239,0.32232751180929625,0.4464059038914625,0.6488767645394886,0.6879671584607892,-0.016720700778645146,23.567260202595882,626.0992364195181,23.572300464100252,0.045744938719618475,-0.04696160155260397,5.392170065317905,0.7810891039778459
sub-014,29,734.0,738.0,3-back,HIGH,70.01512584041815,185.69469547060075,161.92242543330335,0.16764779632374022,0.4446368711185382,0.3877153325577216,0.3770442966234486,0.43239919148356465,0.8719819649287665,-0.042763142761587866,23.144561001248377,591.1419602884401,23.154360455704122,0.04053785023191694,0.12583314657767666,5.3891486859483395,0.7818419458908611
sub-014,30,776.0,780.0,4-back,HIGH,54.40553945407723,235.05425536638862,146.7847115134596,0.12471340879747893,0.5388131012622202,0.3364734899403009,0.23145949589073853,0.37064854297914024,0.6244716194763643,0.0024477117533895656,23.704713672282228,621.7793884088269,23.714708114758775,-0.017977715855817616,-0.005994656336739948,5.196169592398952,0.8906134427217761
sub-014,31,784.0,788.0,4-back,HIGH,71.47363305588233,219.35973068332805,151.9741895729497,0.1614101487683895,0.49538389542485733,0.34320595580675317,0.3258284135982235,0.4703011297952933,0.6928080605293165,0.007607687236581226,23.685585164404582,631.3478483815948,23.688028373671415,-0.010672838983037836,-0.01948701141330763,5.3241853383709214,0.816896472939751
sub-014,32,786.0,790.0,4-back,HIGH,53.72000094010625,166.58222548436888,150.3607967445219,0.14492948468618516,0.4494168964040925,0.40565361890972235,0.3224833909134383,0.3572739843310483,0.9026220913264897,0.0425072378507963,23.46911946232216,614.3827116406851,23.47404509286028,0.021297023355065677,-0.061960262314551824,5.2919799877595715,0.8207746733061054
sub-014,33,842.0,846.0,4-back,HIGH,61.39496845060066,178.25943320721362,152.96603581920607,0.15637231939611915,0.4540248448417741,0.3896028357621068,0.34441357377835635,0.401363401501525,0.8581090664716419,0.05293313585188178,23.797850028447392,637.2738695494443,23.805687809958126,-0.00027706459897636275,0.1193607078278614,5.398641121133369,0.7689930006860771
sub-014,34,854.0,858.0,4-back,HIGH,69.6864808921109,159.27872681866174,142.8453416221079,0.18742470060934407,0.42838678758428694,0.3841885118063689,0.4375127946084646,0.4878456665143755,0.8968262396066037,0.013760841634567308,23.134530960899884,594.9476674416417,23.140050296517327,0.058903624794847016,-0.10509861769521534,5.425675987425632,0.8368666045699419
sub-014,35,856.0,860.0,4-back,HIGH,49.59769266458154,168.9502587169246,159.48592331344457,0.13119906967227135,0.44691830554406453,0.42188262478366406,0.293563875197624,0.3109847667690712,0.9439815276084456,-0.12781537832367293,23.04258250048112,593.3857041737169,23.06235514802109,-0.008858646087251133,-0.04444703561210566,5.393050455497328,0.7753239646064886
sub-014,36,858.0,862.0,4-back,HIGH,77.7043520071998,155.49219718416094,171.1713341227326,0.19216252134159437,0.3845315209254197,0.42330595773298596,0.49973151974416297,0.4539565716738793,1.10083552244105,0.029605596592421277,24.400342106579693,668.9600679343665,24.409515516454984,0.05171459447285681,0.003784242817140369,5.453012452950943,0.7780715889150988
sub-014,37,906.0,910.0,4-back,HIGH,71.55684083125628,140.78099625379062,172.99171109104608,0.1857029681994574,0.3653521950760305,0.4489448367245121,0.5082848021778335,0.4136431761958565,1.228800162624138,0.07481495642876718,25.301404880079314,715.538724648365,25.316443567986077,-0.004472505180098986,0.39336951191188096,5.4519048272892325,0.826099909870881
sub-015,0,288.0,292.0,1-back,LOW,56.05661356061992,37.24025799057784,80.24925683144046,0.3230069957943694,0.21458420500438777,0.46240879920124284,1.505269205567878,0.6985312484371541,2.1549060388288486,0.18765090870450768,23.227246776950675,615.4966843201009,23.321206442309936,0.015535687355039587,0.36373144712217065,4.603478720427186,0.5895489485794678
sub-015,1,356.0,360.0,1-back,LOW,35.96724366448659,42.46415247720068,76.3368138028547,0.23239426027718943,0.27437257620551947,0.4932331635172911,0.8470025083815736,0.47116511513533393,1.7976766130877218,0.0648056520590248,21.38680966212512,493.5716195815638,21.50786446545395,-0.02808566395897602,0.29544396514554155,4.807593784447881,0.7197244284819585
sub-015,2,424.0,428.0,1-back,LOW,40.57443489033176,35.634545922008456,70.6595018250199,0.27626373039146873,0.24262895130465392,0.48110731830387743,1.1386264042520702,0.5742247516945373,1.9828932850630063,0.29169919698444524,21.181802704542534,500.8447585862111,21.38998530422889,-0.10576691085338724,0.12349113279077613,4.816220710194844,0.7483536477180222
sub-015,3,434.0,438.0,1-back,LOW,54.01161971563512,50.418498701231954,69.72399576384862,0.3101369150520815,0.28950506818870697,0.4003580167592116,1.0712659263357909,0.7746489443687298,1.3829050360467188,0.09547183250310574,22.859372891013052,570.7189933910779,22.916666449780514,-0.05096678654965013,-0.2175001315869241,4.667614730203953,0.7204323924614265
sub-015,4,436.0,440.0,1-back,LOW,50.808032189840915,49.22702399538494,82.2436336645301,0.2787381905790505,0.27006461389403524,0.45119719552691423,1.0321166722287376,0.6177746522859838,1.6707009075389259,-0.07892077988179877,21.84906530795934,513.2676212557143,21.919852193439603,0.018288110636290593,0.012965361075502443,4.892784524648284,0.6680141030989797
sub-016,0,388.0,392.0,1-back,LOW,91.70217364860042,70.11256780819377,108.88368928273495,0.33876137884536867,0.2590061849145233,0.40223243624010796,1.3079277583937463,0.8422030356675387,1.5529839041212545,-7.367300921370507e-10,25.23223911812313,685.5186770702868,25.246980091951087,-0.08899134606008191,0.48298912626289964,4.982707320285662,0.627301828172928
sub-016,1,836.0,840.0,4-back,HIGH,85.45827542706286,108.39673535023394,105.53693173058525,0.2854394634378412,0.36205628796232614,0.35250424859983265,0.7883842179466378,0.8097475833883516,0.9736172532280741,8.283835068193698e-09,26.25482675135541,742.0532381798048,26.266616235479116,0.0018687242391488322,0.15786577681992967,4.899527115689678,0.6863679948002237
sub-016,2,884.0,888.0,4-back,HIGH,95.29959383068906,77.51537000050764,90.12527530736708,0.36243822605055226,0.2948022343573618,0.3427595395920858,1.2294283550483593,1.0574125128125853,1.1626761932088674,1.053921277734784e-09,22.308627139069433,535.6905108241755,22.32262684624167,-0.09840998750016265,0.4699415555584561,4.987661215065106,0.7241314058619841
sub-018,0,292.0,296.0,1-back,LOW,67.524012445351,64.8884950335229,168.83475473364703,0.22414813648236523,0.21539945145707584,0.560452412060559,1.04061609705182,0.39994142528223287,2.601921259638139,-3.0201125109535474e-09,24.612187486809322,651.0102193878608,24.641540544015868,0.06639341913438991,0.2869921282458634,5.255158725467706,0.7907311457278172
sub-018,1,320.0,324.0,1-back,LOW,48.18230092561087,92.88714055901438,162.70970007209598,0.15860964211927084,0.3057719502498186,0.5356184076309105,0.5187187444423376,0.29612433004462235,1.7516924204241269,-9.594759841168252e-09,23.547379842809587,617.251194405482,23.612135437031753,-0.057364546798988655,0.03532915632749127,5.266105009857072,0.8440319605848827
sub-018,2,398.0,402.0,1-back,LOW,55.81042740149554,70.5185554266713,92.70097852883428,0.2548072741086278,0.32195848910246466,0.42323423678890754,0.7914289659482602,0.602047877888753,1.3145615075060546,-1.2762919011118163e-09,21.658809740226623,500.5792245206847,21.78194793567378,0.052543335301828864,0.23487064410798825,5.173882005935336,0.7334251225077025
sub-018,3,482.0,486.0,2-back,MODERATE,54.25787211910427,72.8867149261894,92.59292879828085,0.24692129566864246,0.3316990029962638,0.42137970133509367,0.744413740886112,0.5859828911698888,1.2703677054460125,4.110144669056126e-09,21.960296151979584,574.7719067522183,22.132032736386513,-0.0009828908872514435,0.009307656352452273,5.142600957494492,0.7609080150597538
sub-018,4,508.0,512.0,2-back,MODERATE,63.230275871848896,58.56670060928694,83.65199575565941,0.30776632846316354,0.2850668950623148,0.40716677647452165,1.0796284443898219,0.7558728910250907,1.4283201014467715,-2.202053504453186e-09,22.323932504923373,558.1104300111625,22.681907740930814,0.03323482006611359,0.42602104638145843,5.001918213570444,0.6308749407739722
sub-018,5,554.0,558.0,2-back,MODERATE,52.60136720213441,84.19946562792343,91.75018983617417,0.23015152847927361,0.36840555183551027,0.401442919685216,0.6247232902234714,0.5733107178966879,1.089676628609703,3.195957475274201e-10,21.60325458022743,541.9259276863896,21.69785435371092,0.05538952551651128,0.13407932481029153,5.133950779071507,0.7249922781416271
sub-018,6,556.0,560.0,2-back,MODERATE,46.12317881204307,74.73758636031148,83.74344022093378,0.2254263480234217,0.3652788378257015,0.4092948141508768,0.6171349793085671,0.5507676624026896,1.1204996615385046,-7.786381364233445e-09,21.007042553519558,500.86357283610613,21.17627050595334,0.03990084180134822,0.136521515156165,5.079396639673507,0.7372805583316232
sub-018,7,588.0,592.0,2-back,MODERATE,51.29351002468258,94.30095782610105,88.9886902834436,0.21865811012456704,0.40199372613162004,0.37934816374381297,0.5439341360590648,0.5764048202227083,0.9436668760835524,-1.9793052577049844e-10,22.827652296836355,572.8893776951721,22.851917138866774,0.06486497916660468,0.19485123627188655,4.912170049507394,0.699326315654285
sub-018,8,594.0,598.0,2-back,MODERATE,74.24108518071564,91.61698773663457,77.92431852830889,0.30453834151210435,0.37581462382633435,0.31964703466156125,0.810341913817683,0.9527331978366269,0.8505444290780754,-1.6635823712737131e-09,20.320190926984484,433.4812595735723,20.387362322983268,-0.03653516963025951,0.009585141749972626,5.11949030468618,0.7450222347136254
sub-018,9,596.0,600.0,2-back,MODERATE,78.53353782104793,124.66482789011081,75.6981205009213,0.28158668790588137,0.4469931822493901,0.2714201298447285,0.6299574559255273,1.0374569051564777,0.6072131312582203,-1.9989760607031534e-09,21.89186103344465,504.82941743096853,21.919774975265387,-0.12785321654589396,0.7024216774440207,4.96024781365539,0.7227507743929645
sub-018,10,598.0,602.0,2-back,MODERATE,69.22017536201669,87.25379744378218,73.54544653083175,0.30093187593310894,0.3793323089651283,0.31973581510176274,0.7933199171831508,0.9411891371547819,0.842891068187803,9.05706299432558e-10,22.10900431606606,519.0482807775561,22.135378888110143,-0.11450902955405699,0.7221019212435751,4.961021212454205,0.6665649489471229
sub-018,11,770.0,774.0,3-back,HIGH,58.65537019356552,73.97122982155187,160.48659218938133,0.20011166932617258,0.25236404156774955,0.5475242891060779,0.7929484251521257,0.36548455165868043,2.1695812355227706,2.085829146829766e-09,23.55530034677297,583.7359743810688,23.6539399141581,0.00806349657127953,0.13401979203549136,5.533254579287952,0.7948431587501014
sub-018,12,812.0,816.0,4-back,HIGH,47.61659784271054,58.51937383420066,97.14725283151228,0.2342377141933689,0.2878711412400672,0.47789114456656395,0.8136894625294474,0.49014868104705517,1.6600870184761993,-3.1665359691071683e-09,22.377719828158895,558.1737473674366,22.46905224522376,-0.09667633853428698,0.02535217231311057,5.134178022225093,0.7298475925844825
sub-018,13,818.0,822.0,4-back,HIGH,54.11739163965203,82.18705941256916,114.07285126156683,0.21614336099775064,0.32825283543301126,0.4556038035692382,0.6584660897525147,0.474410791359654,1.3879660870811161,2.598723400213855e-09,21.359717631798087,482.60935432157584,21.379020209411113,-0.12871859768455426,0.37980184882486356,5.462168542627128,0.8284615634577163
sub-018,14,918.0,922.0,4-back,HIGH,47.04159421201778,52.03848611797196,58.92009219616316,0.29773128383281505,0.3293571474382936,0.37291156872889136,0.9039769932079469,0.798396480022499,1.132240704746685,-4.653990350994856e-09,19.41006523416032,409.848221043677,19.426855162445214,0.011817687306552449,0.6374057766980207,5.139994206192211,0.607039690789566
sub-019,0,362.0,366.0,1-back,LOW,49.842252612637196,40.585452913233546,61.313742153652825,0.3284682819021441,0.26746451634592033,0.4040672017519356,1.2280817148743786,0.8129050823179579,1.5107319926854994,-0.45821766015148396,19.905682399601595,461.33024156611924,20.00638118115805,-0.12459359905063373,0.426791298305489,4.983233367570253,0.7331090032380569
sub-019,1,364.0,368.0,1-back,LOW,64.3061343835264,39.257466150202305,67.041422157494,0.37692990141277255,0.23010732937947687,0.3929627692077506,1.6380612578887752,0.9592000335622081,1.707736864651121,-0.39588271337573294,20.494263054098408,479.6362798098047,20.55310737782397,-0.1694014186961643,0.9464236310088129,4.845159532811114,0.7874908626958349
sub-019,2,366.0,370.0,1-back,LOW,62.352475230040696,29.647501297314147,68.20430311764409,0.38920605222413074,0.18506060738833482,0.42573334038753446,2.1031274981574715,0.9142014855351619,2.300507635826393,-0.35790095555378365,20.885646678640768,492.4443966448917,21.003603207630665,-0.19246162103918274,0.778693316451387,4.757205867164551,0.6622215531566777
sub-019,3,378.0,382.0,1-back,LOW,66.38345251487037,45.49935805549006,80.55202020552993,0.34496588921670085,0.236440346438523,0.41859376434477613,1.4589975628647442,0.8241066126646085,1.77039904842812,0.01713760249922446,19.830065026405908,430.1057739034953,19.9436175296959,-0.09825523139894118,0.5718412613858318,5.001967706416213,0.75908855169101
sub-019,4,516.0,520.0,2-back,MODERATE,81.54107498997811,30.564905123316706,41.49206707812821,0.530873122939882,0.19899279764426236,0.2701340794158556,2.667800690399454,1.9652208417681127,1.3575068174013607,-0.4979438293044269,20.440181238504312,485.92292641174436,20.505546922681887,-0.3318594884921864,1.527558085657344,4.584945608546237,0.6438793344564973
sub-019,5,518.0,522.0,2-back,MODERATE,70.67821326261921,32.1088351639959,41.413565221746765,0.4901380893910095,0.22266781223479667,0.2871940983741939,2.2012076396303444,1.7066440158961542,1.289787219319136,0.09104246162678595,19.065044034686103,426.2196672122996,19.12234212836952,-0.2724935138061033,1.5391292026716201,4.684451267577606,0.6892999631875949
sub-019,6,520.0,524.0,2-back,MODERATE,50.35950087518848,37.2460612170266,43.05420993920634,0.38542468039112976,0.28506142814997076,0.32951389145889937,1.3520758767417593,1.1696765762581036,1.1559399445846534,0.49493985753091324,17.67369372577399,352.70573980784854,17.765187792999033,-0.07748352410251043,0.732954311447804,4.756394273105222,0.6399774953005607
sub-019,7,522.0,526.0,2-back,MODERATE,51.83982495705182,27.42704928475716,41.51946232902251,0.42918616814453947,0.227070793464072,0.3437430383913886,1.8900985089147846,1.2485668659734852,1.5138144062802024,0.04555225809187019,17.608097688296557,343.08985759985393,17.630791222538615,-0.13787932591583166,0.7249395620436903,4.807275749299102,0.5590826129590466
sub-019,8,538.0,542.0,2-back,MODERATE,55.36192238689567,34.93584269243347,40.575126933325514,0.4230205471545818,0.2669448359791375,0.3100346168662807,1.5846740230166585,1.364430047942138,1.1614182972638991,-0.31175823209697984,16.904527011868527,316.7030035275164,16.986214177621967,-0.017541246737074547,0.46151082524756,4.734612265196926,0.6635017163133249
sub-019,9,540.0,544.0,2-back,MODERATE,61.8801982137829,37.260778881407475,48.412225077747685,0.4193755018698741,0.25252436634846054,0.32810013178166536,1.660732815348101,1.278193640437024,1.2992810813706475,0.0721256732702504,19.416558693921118,423.9032972078268,19.509662396969247,-0.16774797324875781,0.6899056760682952,4.704021744179289,0.6356718967159875
sub-019,10,566.0,570.0,2-back,MODERATE,73.43777690213547,34.99632112969879,46.42961990494998,0.47420905219460735,0.22598140866012514,0.29980953914526753,2.0984427657401468,1.5817010144058077,1.3267000189213771,0.05607017152849129,19.784142068668785,448.5765686843586,19.814551033262827,-0.24641989999170788,0.6439690883892291,4.528332824880455,0.6259878972282577
sub-019,11,588.0,592.0,2-back,MODERATE,58.78770154259097,39.14491859596113,48.43851968284469,0.40163451356820873,0.2674360440434232,0.330929442388368,1.501796494951877,1.2136560309338194,1.237415261551788,0.054034372179820316,19.97339509460954,441.65921980442477,20.012173148295116,-0.07874058660181507,0.7216329169340426,4.511789109341404,0.6165761187917
sub-019,12,590.0,594.0,2-back,MODERATE,88.55585314046614,44.08014050811837,45.933040928899736,0.4959194260639865,0.24685209623503465,0.2572284777009789,2.008973930656064,1.9279336039941863,1.0420348120360485,0.04917965320017936,22.24581549160778,577.2149888511842,22.29664212075749,-0.04773954451390671,0.6057933309363166,4.475606504921691,0.6339270513824632
sub-019,13,592.0,596.0,2-back,MODERATE,74.49234487512527,35.3276618392356,44.05855917912451,0.48409825268769924,0.22958143412702053,0.2863203131852802,2.1086123733326896,1.690757624920714,1.24714053762234,-0.1435711260912754,25.094036725505607,754.7704256267297,25.15453818352795,-0.08302037987415924,0.6066105184444807,4.26773289769292,0.5501005886519379
sub-019,14,594.0,598.0,2-back,MODERATE,65.25299228813307,34.18982907537951,38.77701228333715,0.47209572292536395,0.24735834339617402,0.280545933678462,1.908549824693991,1.6827751403677096,1.1341680649483248,-0.23834891147887857,22.068015680413556,578.7888622463531,22.13551258095392,-0.06902351930907741,0.7455645571392991,4.305454540575983,0.5525609746355145
sub-019,15,596.0,600.0,2-back,MODERATE,53.39668666355409,30.325225483207657,43.961131236211216,0.41819716423421927,0.23750393693428867,0.344298898831492,1.7608009771641127,1.2146340451669433,1.4496555437173693,-0.07600139370441641,18.964124001682666,423.5942078824189,19.09672747808216,-0.13859313306387072,0.24392324311994523,4.690487584343508,0.6717044606438869
sub-019,16,598.0,602.0,2-back,MODERATE,65.89094107072094,49.29759759699611,44.11176893899706,0.4136272055004105,0.3094632919272426,0.2769095025723469,1.336595377514622,1.4937270178813886,0.8948056515777344,0.0380207024642633,21.817640942871353,556.7307820774272,21.87072663171774,-0.16034127060376288,0.5530688522310684,4.445737224506889,0.6436227871063254
sub-019,17,600.0,604.0,2-back,MODERATE,65.78099978437044,47.384068249991905,51.113926322399756,0.40042246449059016,0.2884365614455167,0.31114097406389307,1.3882514147438507,1.2869486755812594,1.078715446143831,0.12376642919730033,23.144266309454633,622.284377698203,23.218915898920525,-0.09509865422180332,0.7222180972078052,4.254764428074285,0.5914262231780608
sub-019,18,602.0,606.0,2-back,MODERATE,65.78162289692328,39.07690315541187,52.461842444047456,0.41813799144791514,0.2483906154612802,0.33347139309080476,1.6833888457154518,1.253894637175236,1.3425281485434668,-0.2209144459063084,21.55001854940329,531.2512043359004,21.68436913853606,-0.16661358893752914,0.9743022291732366,4.264907811153756,0.5476232260317666
sub-019,19,618.0,622.0,2-back,MODERATE,62.250569796094624,32.42856953678783,47.34197611702099,0.438319116132086,0.22833625432428525,0.3333446295436287,1.9196212070185803,1.3149127878021447,1.4598848112407485,-0.09287283259714213,21.12135408719652,529.9590940767577,21.147187029608194,-0.17809946505191637,0.6991619566177802,4.446950678634435,0.5982312559974049
sub-019,20,658.0,662.0,2-back,MODERATE,68.98190400890915,35.97811461481173,50.11605227473619,0.4448262301801424,0.23200300604965668,0.3231707637702008,1.917329597380019,1.376443292674977,1.3929593813152192,0.2167505497292109,20.256883949333343,449.7680006349912,20.32158145738654,-0.08833464773352857,0.6808793724577672,4.507650017745681,0.6456507385359066
sub-019,21,660.0,664.0,2-back,MODERATE,55.2426866696484,42.930240076324225,48.233306282752416,0.3773246912159111,0.2932268605524552,0.32944844823163366,1.2868012517850889,1.1453224115677603,1.1235275227205823,0.05045807009497922,20.19830997465811,457.80035563964015,20.31555672320826,-0.1202426266317872,0.6592237300088977,4.668700798882638,0.5860012093607995
sub-019,22,712.0,716.0,3-back,HIGH,66.16884371347338,34.30497635652737,49.6581255560636,0.44073793513794196,0.22849884622138472,0.3307632186406733,1.9288409653978125,1.3324877444028635,1.4475487474462263,0.06718959242855597,19.95303877964053,455.1227388300242,20.21386240720151,-0.1499696556684578,0.533266381203838,4.479360114318514,0.5711096758287495
sub-019,23,714.0,718.0,3-back,HIGH,71.54229496482415,36.12164237626815,42.56855197038534,0.4762105406939987,0.24043828696319472,0.28335117234280655,1.9805936346855397,1.6806372698464267,1.1784777537787927,0.2290035802395389,21.131645619033915,543.3445112960814,21.24998785947457,-0.19747647057580564,0.9771349421160543,4.366319202159173,0.5490574413890295
sub-019,24,716.0,720.0,3-back,HIGH,65.27611182307623,34.92839519422761,44.919106973961725,0.44979662528942355,0.2406803016656532,0.3095230730449231,1.868855166694403,1.4531925548055722,1.2860340912938713,0.19900583319567,21.990771870385288,579.5748595886624,22.025969571547183,-0.13981584283900944,0.9502244470842939,4.405006490566512,0.5441170417482935
sub-019,25,728.0,732.0,3-back,HIGH,64.55950192371573,36.19089953091759,43.40452401182449,0.4478480476113702,0.25105558768672487,0.3010963647019048,1.783860107388684,1.4873910817712939,1.1993215027646484,-0.07986573541060149,24.523477342672063,728.3455074624463,24.59125055382671,-0.058693244877589514,0.2599778066011708,4.405615371399144,0.5761845498938665
sub-019,26,800.0,804.0,3-back,HIGH,72.24269141362076,41.411838911250264,46.561109727544036,0.45090910843651927,0.2584756325768336,0.2906152589866471,1.7444936837614025,1.55156721642492,1.1243429645162384,-0.22000139978040417,20.897871384791205,498.28324236111365,21.033001178743067,-0.034553538909028424,0.3066906546126319,4.5556437594451324,0.5699828942606728
sub-019,27,802.0,806.0,3-back,HIGH,63.70832484007404,36.57708266235069,42.69198519570368,0.4455832047139295,0.2558242388681458,0.29859255641792465,1.7417552249362391,1.4922783409586056,1.167178519670382,-0.17401985164933373,20.335893119498746,466.814280655033,20.369393940243285,-0.04902819132632577,0.5778613725006667,4.758962897714115,0.5530851490506681
sub-019,28,804.0,808.0,3-back,HIGH,64.2683320580823,30.84238566871742,41.09219919530879,0.4718572370578228,0.22644438434718334,0.3016983785949939,2.0837665655438546,1.5640032248607265,1.3323288164763296,0.16807949203635933,19.255146110622253,420.1117614554338,19.289664529964345,-0.27632299380774716,0.643625467320466,4.646585306020553,0.665066098844352
sub-019,29,806.0,810.0,3-back,HIGH,69.78857261632612,28.366082087955977,52.67385521817696,0.4627014657388343,0.18806843681303342,0.34923009744813227,2.460282403467972,1.324918639944986,1.8569309309212596,-0.07862371154436881,21.105943656425012,513.8188285600164,21.20038172308558,-0.15251146285588071,0.5025799032944968,4.480300038005711,0.6174875549174461
sub-019,30,808.0,812.0,3-back,HIGH,71.38559381888084,42.108223409355276,60.52591005763433,0.4102155251721108,0.24197385012667044,0.3478106247012188,1.6952886642807385,1.1794220648794151,1.4373893068161872,-0.09769397917930871,23.406894008579197,653.0555503567613,23.474380609631336,-0.024078110587888096,0.3953680301823999,4.350188213482837,0.5823004631521442
sub-019,31,810.0,814.0,3-back,HIGH,63.257213494398,35.51202513654499,50.174236448885075,0.4247061743422767,0.23842618897881826,0.3368676366789051,1.781289950408961,1.2607508947114958,1.4128801794874655,-0.05517789136086868,21.544771132202577,579.5021417059118,21.659559251444637,-0.07408730645013903,0.5953522824260046,4.396151845618512,0.6094259227940311
sub-019,32,812.0,816.0,3-back,HIGH,60.88993699629569,34.466269281908694,53.12957439999207,0.4100725114430888,0.23211831546756112,0.3578091730893501,1.7666529701332296,1.1460648364671404,1.5414947862628035,-0.3140416273078068,20.297295571712315,520.7407072820495,20.462348661475247,-0.20169899368615182,0.5605798692921674,4.748853603288261,0.6452433499567063
sub-019,33,824.0,828.0,3-back,HIGH,54.22266017277938,48.53381279195008,52.66959742857008,0.34886464050446025,0.3122630114055974,0.3388723480899423,1.1172141040147758,1.0294868922496616,1.0852145009572782,-0.46645209006120775,23.026194261549445,580.4671766089682,23.338864627513004,-0.1217112565445223,0.5903290484246625,4.453368463227732,0.5692717006667537
sub-019,34,968.0,972.0,4-back,HIGH,74.77074246505128,38.53287810517643,49.81841849707617,0.4583730248381765,0.23622116499707208,0.3054058101647514,1.9404401161253182,1.5008654373369872,1.2928808058690966,0.12255370883546715,22.19958599895024,575.0976927854167,22.236749816299895,-0.040487465701019285,1.0980971477028174,4.4954459005641345,0.5751313738056623
sub-019,35,974.0,978.0,4-back,HIGH,77.21781228819978,39.57174108418793,48.817519541260005,0.46627122217457084,0.2389495834204,0.2947791944050292,1.9513372465447185,1.5817643545558715,1.233645985841308,-0.015987238564281237,22.7476951812157,610.618899452254,22.908942496440716,-0.29691802881685253,0.542778660752511,4.400408246356535,0.5309141248653113
sub-019,36,976.0,980.0,4-back,HIGH,63.7133309554513,39.33862146067977,46.18464556060475,0.4269283260221694,0.26359902325575785,0.3094726507220727,1.619612700946698,1.379534912135353,1.174028063153352,-0.13053883114178735,22.01013987630322,578.4209910099296,22.049821470839703,-0.2995094229522551,0.5350867485194221,4.456564947886092,0.5723469622617259
sub-019,37,978.0,982.0,4-back,HIGH,54.470586230340814,40.321343296769044,54.098679584872784,0.3658429940962411,0.2708118634026328,0.363345142501126,1.3509119929222584,1.0068745974637803,1.3416884250780337,0.06959047468185528,20.256418968900608,473.68166635225873,20.38131155759562,-0.2244690051133829,0.6501887670493699,4.650533156964687,0.6249171336887794
sub-019,38,980.0,984.0,4-back,HIGH,62.039432625879535,34.952198710746345,55.367799843653,0.4071912854050469,0.2294062037379836,0.36340251085696956,1.7749793979857695,1.1204966207988365,1.5841006255961148,0.05532326943234554,20.56159354607453,473.25268946871296,20.58041898150566,-0.07886814278015777,0.5550545253187423,4.606718997357254,0.627883988828969
sub-019,39,996.0,1000.0,4-back,HIGH,65.19455363137115,36.32056248449121,49.65988276305875,0.4312522183882183,0.24025508684528604,0.32849269476649556,1.7949764313041423,1.3128213359349372,1.367266346281487,0.15295981234583134,22.574980789254056,645.6820983422176,22.718900193284863,-0.14097410570998598,0.4644354732595705,4.549922128560097,0.5760575747393124
sub-019,40,1026.0,1030.0,4-back,HIGH,79.59189380353234,29.309215155862102,51.19754891443319,0.49714279220415464,0.18306971179583803,0.3197874960000073,2.715592805207316,1.5546035990229692,1.7468072291315937,0.16046292668677217,21.50142951445537,538.7882401871723,21.546753249257936,-0.09080557299890196,0.4387471731842501,4.419108198174333,0.5992091630410589
sub-019,41,1028.0,1032.0,4-back,HIGH,58.451013063639856,46.29140945737846,57.01113454297306,0.36135844011464946,0.2861848004929196,0.352456759392431,1.262675164761553,1.0252560930809307,1.2315705054404207,-0.03713798320265153,21.69906029953783,552.0139401967845,21.751664070623953,-0.19785233394362378,0.35038421418220056,4.496399252760881,0.5606140375362599
sub-019,42,1030.0,1034.0,4-back,HIGH,52.241739381663436,39.793837194787436,66.07653953017616,0.3304094630321237,0.2516811372504269,0.41790939971744934,1.3128097983098383,0.790624626427439,1.6604716757204676,-0.0376382397565848,22.50049561918726,581.1020465061814,22.5413259596522,-0.1694700127169681,0.07734458592558446,4.299104316837345,0.5926458874476518
sub-020,0,306.0,310.0,1-back,LOW,50.80019276372335,75.46228954947321,164.4284067387007,0.17475674221992543,0.2595963354599699,0.5656469223201046,0.6731864758810248,0.30895022199206634,2.178948024508336,-1.1534155642285788e-08,22.41975767509557,530.4282063669322,22.445793404880682,0.13405511305194143,0.18801710824805476,5.425043452748523,0.8917561186127688
sub-020,1,308.0,312.0,1-back,LOW,62.88967106069225,101.10883608407906,181.60032810156926,0.18197304112979695,0.2925612755957622,0.5254656832744409,0.6219997529038421,0.3463081356632681,1.796087613456018,1.9014078148229063e-09,22.805324415758285,550.4909928629879,22.815974608081767,0.10469085540955987,0.11651263361570736,5.376428952565545,0.8467816206174146
sub-020,2,310.0,314.0,1-back,LOW,63.10759799544385,97.93576192599069,163.77136079186224,0.19428798626139498,0.3015126953326581,0.5041993184059469,0.6443774649257722,0.38533964479691646,1.672232467192352,3.749014595842339e-09,22.86525009548637,552.662616873562,22.92663560768978,0.02438632713525674,0.06921648062904352,5.459637419358623,0.761097713064116
sub-020,3,316.0,320.0,1-back,LOW,95.58556906002028,159.97660845607317,141.76724995081673,0.24057007221792226,0.4026296503532856,0.3568002774287923,0.5974971590066334,0.6742429516914643,0.8861748684323658,-1.129253941818164e-10,25.286510936976555,661.76488363562,25.299032607345534,0.07395907796588562,0.10298788711945446,5.316401349542205,0.7919193936364943
sub-020,4,318.0,322.0,1-back,LOW,70.14566305093823,152.06140235530532,165.8736782453124,0.18075017685989478,0.3918292902773756,0.4274205328627295,0.46129827796166506,0.42288604070863517,1.0908335427404086,8.044175880961291e-10,23.179111057108774,561.7381300897611,23.18508718224324,0.06670810597941135,0.12736233367002567,5.431686402406447,0.746248479050452
sub-020,5,320.0,324.0,1-back,LOW,64.3798044597954,212.94671894034772,215.61648523699247,0.13060293650941412,0.4319905449700814,0.43740651852050455,0.3023282292404325,0.2985847969325399,1.0125372502094885,5.7766018898111175e-09,25.714674550232445,683.8919235597202,25.717383670065338,0.05116593506303224,0.2425025679412683,5.41401490300309,0.7941745315176256
sub-020,6,322.0,326.0,1-back,LOW,78.1056276207808,184.45430592295776,208.21506693386786,0.1659086135447757,0.39180990013451616,0.4422814863207082,0.42344160647246526,0.3751199601976368,1.1288165157870287,1.5968947801519262e-09,25.885382464933198,689.5809686889636,25.901056426024766,0.0781257701392915,0.22507255973417917,5.389604377080032,0.8075064687403195
sub-020,7,324.0,328.0,1-back,LOW,52.197037177150115,122.21294415246246,174.99359834456126,0.1493889593971102,0.34977587884597117,0.5008351617569187,0.42709908953697684,0.29827969520561826,1.4318745003496043,-1.0110637660432076e-08,23.668753030346664,579.4033714902698,23.676497090291704,0.09667824653808754,0.14934827924731828,5.32088576317785,0.823969727706101
sub-020,8,326.0,330.0,1-back,LOW,52.03367886355218,199.79139394097558,161.49302094423211,0.12589257438891954,0.4833840980173035,0.3907233275937769,0.26044004117076486,0.3222038857116978,0.8083081946559822,-7.3838723198636985e-09,24.16485386720341,606.5677954362395,24.175572976521213,0.10018894288949351,0.24938607139481697,5.297975792421077,0.7577246215539576
sub-020,9,328.0,332.0,1-back,LOW,59.457516942929104,138.30215740845313,165.97459323131446,0.1634641611802802,0.3802285617123206,0.45630727710739916,0.4299102635639364,0.3582326414264183,1.2000867979313963,-3.2227686016926185e-10,23.985914449485623,596.0845620128804,24.01235309701657,0.10588480143409032,0.20151582969520326,5.436310475982414,0.790663248373886
sub-020,10,330.0,334.0,1-back,LOW,62.57259288540121,105.47149602227613,133.86953093038204,0.20725329622083274,0.3493432859334037,0.4434034178457635,0.5932654342191709,0.4674147466606249,1.2692484318427426,3.368133143916152e-09,22.42825537559,520.6166525866188,22.43154296562368,0.10002471292590756,0.21033208135082168,5.386625137909256,0.7653778856006899
sub-020,11,332.0,336.0,1-back,LOW,63.70769191829373,116.38718561158133,122.41660641165561,0.21059594527858366,0.3847364208959307,0.4046676338254856,0.5473772012230389,0.5204170723705666,1.0518048509240205,5.511037719741514e-09,20.8513564621458,456.5830093035915,20.900866877697453,0.028023755849912117,0.20235123842041938,5.535353742997134,0.807418580954866
sub-020,12,334.0,338.0,1-back,LOW,77.98918901797624,91.25124154657003,142.05975093891016,0.25052728411952535,0.2931294196677391,0.45634329621273556,0.8546644154772897,0.548988636841366,1.5567980065938065,-7.183438639246057e-10,21.54034916179411,485.95213937373813,21.547307197512087,0.06167349921616251,0.38744069604237646,5.409206725755432,0.799473014320639
sub-020,13,336.0,340.0,1-back,LOW,63.217465603845405,174.85256388002708,159.14479478219016,0.15915182853674426,0.44019647102321446,0.4006517004400413,0.3615472613099416,0.39723238004966815,0.9101656346965858,-1.6967080635214192e-09,23.94919951666952,593.942718116779,23.956516493991945,0.15664485024952865,1.1452817625596343,5.382808363582549,0.7140176386485072
sub-020,14,338.0,342.0,1-back,LOW,54.147637664176095,140.4324105459201,137.5920854498203,0.16301077717618953,0.4227699927703665,0.414219230053444,0.3855779264464759,0.393537444302519,0.9797744332304896,3.4380362416635235e-09,23.801065142805886,586.2393498479653,23.819969669244497,0.1425976822479722,1.0208483805591317,5.391590530520443,0.7575821100941527
sub-020,15,340.0,344.0,1-back,LOW,63.33421219715632,141.24998434149325,173.10900188989038,0.1676869280693156,0.3739807466197142,0.4583323253109701,0.44838385287205595,0.36586319316566435,1.2255505917181069,8.38077630685587e-10,22.63073474538217,527.5481516399472,22.642763250672235,0.08280044508299629,0.10096874889775763,5.398099022905193,0.8748488169422753
sub-020,16,342.0,346.0,1-back,LOW,72.70538070800181,109.22015051322597,156.41355623757764,0.21488909618476784,0.32281268869510715,0.4622982151201251,0.6656773531839949,0.46482787334346587,1.432094311375599,-1.451956330021288e-09,23.101652132332095,551.740315396761,23.111109511910435,0.07225755856800999,0.18043432488033723,5.479668053751616,0.80570188466237
sub-020,17,344.0,348.0,1-back,LOW,73.17695031330629,136.16126447652528,133.58413647824537,0.21339218643144311,0.39706150378655913,0.38954630978199783,0.5374285454430564,0.5477967088197139,0.9810729724919365,4.127033580378212e-09,23.771200040027026,581.0809624225881,23.792213926634975,0.040201009329548044,0.3460823946449391,5.374152619577766,0.7706199051447024
sub-020,18,346.0,350.0,1-back,LOW,87.90565310320291,192.93290795347593,173.6239738665064,0.19342772252516044,0.4245298415766794,0.3820424358981602,0.45562809390920794,0.5062990504455945,0.8999189184893968,7.845667484106475e-09,26.597376337672653,724.0357256141277,26.6117391950805,0.041139058113709305,0.23092820927758997,5.226828900493533,0.7709335214472791
sub-020,19,348.0,352.0,1-back,LOW,67.99222176579622,186.1728224108032,154.03932964122083,0.16656416767386434,0.4560774806736668,0.3773583516524687,0.36521024328549245,0.44139520682256683,0.8273996582665669,6.3159357466258115e-09,27.441029199011094,770.4922275713207,27.45434496979685,0.0458771514648381,0.2946740600079295,5.191311467622618,0.6891992262959727
sub-020,20,358.0,362.0,1-back,LOW,47.20437802974426,125.35148466792036,159.22659443224535,0.1422750872306106,0.3778122742000153,0.4799126385693741,0.37657613832654263,0.2964603884047199,1.2702409935874834,4.176533240596887e-09,22.415172553384355,520.7916581397069,22.421919260695173,0.19733142185507047,0.32491410273854143,5.409095431980077,0.793679636410862
sub-020,21,360.0,364.0,1-back,LOW,59.40541581392337,148.79787277485102,145.61864805073597,0.16789636159401916,0.42054450944474076,0.41155912896124014,0.39923565240620656,0.4079519801147002,0.9786339369990484,7.48831883051456e-09,23.325143353519103,562.1252149720285,23.350026152465535,0.14450875309840824,0.34855453470446174,5.236455707460434,0.8200629095211882
sub-020,22,366.0,370.0,1-back,LOW,75.25895538567946,106.8142023417957,120.7680061316194,0.24850966238095634,0.3527070130779647,0.39878332454107907,0.7045781715886213,0.6231696439838399,1.1306362214377896,6.1347297446679465e-09,24.350213808219028,610.8181665604677,24.36627775338488,0.07738572032318768,-0.05274175610515791,4.870767743962776,0.7760033723093858
sub-020,23,368.0,372.0,1-back,LOW,79.98588170195077,146.0802719412477,153.04831337415533,0.2109808215213519,0.38531969800709537,0.4036994804715527,0.5475474589349097,0.5226185113612476,1.047700085304538,8.969361954912433e-09,25.840739339170185,683.6831769718256,25.866782637990276,0.08990508752820216,0.11343661369084918,5.170346722701193,0.3397820899572893
sub-020,24,370.0,374.0,1-back,LOW,57.300217624183844,194.64631369710915,166.58939959704227,0.13690632844462824,0.46506476342431047,0.39802890813106123,0.2943812114179014,0.343960766788196,0.855856946031218,-6.791547529039795e-10,26.795639646641266,731.1275582847516,26.80450266859862,0.0788284414214688,0.07716735837435583,5.181043809230953,0.7350030831331683
sub-020,25,372.0,376.0,1-back,LOW,62.018296158713945,258.06761147682226,168.55551733117613,0.12691984958692115,0.5281328972352325,0.34494725317784636,0.24031801512714807,0.3679398760757326,0.6531447955308973,-5.0760561601978945e-09,26.27884539470013,702.2739920598563,26.300729517833187,0.05109832255706311,-0.023757674366827658,5.040934152581222,0.7178767407279665
sub-020,26,378.0,382.0,1-back,LOW,64.21775811443898,185.54998678800536,141.7898037139036,0.16400592541598574,0.47387666881582485,0.36211740576818935,0.34609411310715466,0.452908153001004,0.7641596001615529,-8.839231677744492e-09,24.986586332156786,636.8225760015681,25.021870856764103,0.13666213959469267,0.2807920328304669,5.35990143982443,0.6581890204813108
sub-020,27,384.0,388.0,1-back,LOW,45.74387214503858,114.76493263915029,135.7850173087196,0.15438685768714655,0.38733488207244354,0.4582782602404098,0.3985875397049095,0.33688453300437204,1.1831577310785493,6.352472945330963e-09,21.987391488677588,497.68215066238145,22.006439701725366,0.03921179423989944,0.13009197942595083,5.416876248485699,0.7666854415516074
sub-020,28,386.0,390.0,1-back,LOW,91.25935555043519,128.76253420231694,117.63418742672059,0.2702731024797416,0.381342267782956,0.34838462973730233,0.7087415304132239,0.7757893988708392,0.9135746524054036,-4.97416455977778e-09,25.980265343161154,689.1383881952797,25.992207504830095,0.12186329657126696,0.4850754057096971,5.06742852475066,0.8290547377876795
sub-020,29,388.0,392.0,1-back,LOW,119.97716472504027,276.7186747177833,156.0947982261827,0.21703906786655608,0.5005849518085973,0.2823759803248465,0.4335708995693956,0.7686173151727473,0.5640920273464698,-6.195192180895242e-09,30.465194573597483,948.9336152100676,30.469871629463217,0.16355928046499402,0.12346732542450725,5.113830640889531,0.4317691293565657
sub-020,30,390.0,394.0,1-back,LOW,76.69004503672467,264.16966259383133,144.6290049973586,0.15796463036515743,0.5441314199951229,0.29790394963971967,0.29030602637607894,0.5302535617812297,0.5474852925096474,2.9532352148548868e-09,25.37404726763,663.5786983580902,25.38469650286827,0.14314169114140907,0.6207681409659298,5.188086392602049,0.6486245818573566
sub-020,31,392.0,396.0,1-back,LOW,48.754898056910136,96.2923007676488,121.47778811958446,0.18292805719985974,0.3612880798595785,0.4557838629405617,0.5063218727585982,0.40134825313838546,1.261552451765668,-4.842543325398346e-10,19.722227819242093,404.96237141167467,19.733912349397208,0.00485168930220026,-0.0649713593168368,5.421575688166535,0.8133913853580903
sub-020,32,394.0,398.0,1-back,LOW,59.315806754602015,86.53851279053163,127.11401959336182,0.21729921844345126,0.31702765626098756,0.4656731252955611,0.6854266943340849,0.46663465559781275,1.4688722453671477,-4.619779117733345e-09,20.613744551603503,441.12294730189006,20.624274390446555,-0.037586117781880396,-0.078767604430565,5.405254816030986,0.8401845559531754
sub-020,33,396.0,400.0,1-back,LOW,57.60057520091989,118.01105688723611,137.73388379289045,0.18382447579938072,0.3766163895960648,0.4395591346045544,0.488094732139882,0.4182019239908569,1.1671269406942115,-8.41347023629094e-09,22.7817133825847,531.6655392589048,22.796283186259753,0.057224052600151495,-0.06746074328896577,5.273984954616974,0.8080045149644505
sub-020,34,398.0,402.0,1-back,LOW,56.77436130457739,108.08401106575825,157.92478589620904,0.17589009788947793,0.334850218475481,0.48925968363504113,0.5252799257240361,0.35950253775800906,1.4611299519604959,-2.2461442296760557e-09,23.896302035466416,582.36183111359,23.920210416239904,0.10077413527600472,0.03171127457838763,5.376803992313119,0.7318289898280451
sub-020,35,400.0,404.0,1-back,LOW,56.892946163507546,126.4640775475137,167.07411060226872,0.16235128843501823,0.36088139769696714,0.4767673138680147,0.44987436169083156,0.34052520739700404,1.3211191181108126,5.716605060668874e-09,23.86300229579493,583.9179295099689,23.899010118915847,0.13991550858943402,0.2520799638564675,5.363234339814419,0.787220090001661
sub-020,36,402.0,406.0,1-back,LOW,64.83737207951481,154.6485114335505,179.70865694915668,0.1624204880268164,0.3874013689027036,0.45017814307048,0.4192563606237761,0.36079159001148536,1.1620458243232041,6.318785915557088e-09,23.469360087968834,562.5953055867797,23.48253325229281,0.13832011091645613,0.3111898531459748,5.393676905423185,0.8224563753504835
sub-020,37,404.0,408.0,1-back,LOW,66.74809710929692,143.31369993976529,166.0684962614524,0.1774600405668282,0.38102142392836347,0.44151853550480824,0.46574819530408557,0.4019311224701587,1.1587761416476647,6.205203871202439e-09,23.251786300471537,554.9119401560793,23.26644774700432,0.09488704644318126,0.40035101915940957,5.449764139476398,0.7114531220024514
sub-020,38,406.0,410.0,1-back,LOW,83.11253127011959,182.72657291892008,173.73944010619306,0.18907322104033128,0.41568583200957143,0.39524094695009726,0.45484644046270434,0.47837457758192115,0.9508164977366766,1.5620191543728062e-09,24.889603800514813,637.5720202745497,24.89686556411913,0.061096924366802884,0.2193960960060049,5.398338085460795,0.7174093916299196
sub-020,39,412.0,416.0,1-back,LOW,56.69911973049922,137.02625370143542,151.8835700392758,0.1640557074739656,0.396477742517823,0.4394665500082114,0.41378289341574015,0.3733064722921466,1.1084267863749147,2.4198898206899336e-09,23.2952456006162,559.593342021881,23.34469827012189,0.050404622532934894,0.181642910921631,5.4251486557574795,0.7727940875771929
sub-020,40,414.0,418.0,1-back,LOW,97.38781286743254,158.28334960240193,165.555554193316,0.2312004652480586,0.3757675934144962,0.3930319413374452,0.6152751575706779,0.588248538938867,1.0459442171850761,-7.295490527481937e-10,23.669758229336537,572.7459518300742,23.687826725424486,0.06409606425372512,0.2592827100956041,5.33891290868638,0.8417602723257082
sub-020,41,416.0,420.0,1-back,LOW,53.399528887720315,170.3227498234512,151.04297393705085,0.14248794014487887,0.4544784998606223,0.40303355999449886,0.3135196498592926,0.353538648609867,0.8868044585565645,-1.248903489397809e-09,23.66122442560977,570.8116581181832,23.67607146651595,-0.011498659545266974,0.12906235875337407,5.299707506021711,0.6750575955004212
sub-020,42,418.0,422.0,1-back,LOW,49.4061334921383,122.46234348467516,165.2562278417544,0.14655150686369145,0.3632553228354515,0.490193170300857,0.40343939276583374,0.2989668476485406,1.3494452510002344,1.357584033494157e-09,22.579984175830628,523.2042727395255,22.59622578232908,0.0433947747721182,0.1393061226005819,5.357273052851463,0.7614934678198295
sub-020,43,420.0,424.0,1-back,LOW,71.66359556361613,137.485506859945,148.04923277339518,0.20062690248570558,0.38489962945694184,0.4144734680573526,0.5212447275378564,0.4840524616112314,1.076835196339723,-1.5167140116944504e-09,23.984541338438998,587.3720870211747,23.996214840619217,0.08422832339323694,0.2651275758464749,5.403164011074786,0.7689627075691124
sub-020,44,422.0,426.0,1-back,LOW,76.60009225548686,192.92587703607893,168.87393974742568,0.17472652406201575,0.4400682414806797,0.3852052344573045,0.3970441572291618,0.4535933274847077,0.8753306831713648,6.847758442156915e-10,25.253028970090906,651.165933771386,25.262576102781424,0.08133437435302787,0.15268913643274767,5.333276398094107,0.7856825574638304
sub-020,45,424.0,428.0,1-back,LOW,82.78042950356233,315.19601782025427,178.32970793000814,0.143639676149395,0.5469246076010263,0.30943571624957866,0.26263158423140115,0.46419876118483,0.5657739877656183,4.169266499294628e-09,27.427838478616554,774.1245763561282,27.48868011873846,0.12708755184336576,0.1782481927694494,5.19755809471108,0.7224595002271119
sub-020,46,426.0,430.0,1-back,LOW,83.33554871503206,339.78744075927557,174.07135304549024,0.13954510748277787,0.5689729733968656,0.2914819191203566,0.2452578839547858,0.47874361436860835,0.512294841317611,1.3122946577357347e-08,30.745645092067697,974.8852240183792,30.758823875314253,0.2714480177239895,0.23087251849712812,4.962412477478982,0.6943629366456721
sub-020,47,428.0,432.0,1-back,LOW,86.8688814330797,225.36463588609442,163.17298804830716,0.18272547904225986,0.47404617593924453,0.34322834501849564,0.3854592407168339,0.532372928093725,0.7240398983040948,1.509602224511902e-08,27.85345500765206,798.0347610472194,27.87072706192804,0.26588778823043535,0.6391533683508268,5.0748783983095604,0.6929163894904038
sub-020,48,430.0,434.0,1-back,LOW,56.52362516825297,112.50400163085907,119.13014758522915,0.19615512817246597,0.3904250089078029,0.4134198629197312,0.5024143528131085,0.47446953029093103,1.058896980181304,3.2824562249575854e-09,21.703357771035787,482.6542892538501,21.754031052895453,0.023038122672323438,0.43349641433621033,5.397056951562935,0.7844220550851588
sub-020,49,432.0,436.0,1-back,LOW,46.47925795861844,132.58820972124107,129.96022394016288,0.1504048317319372,0.4290496072574309,0.42054556101063195,0.3505534772385746,0.3576421811955227,0.980179340330461,1.497253032083017e-09,21.663206832262272,481.9354989457633,21.67371309250383,0.059578713484203544,0.2154242571151944,5.372249884939592,0.7111171477654505
sub-020,50,434.0,438.0,1-back,LOW,56.771341088378044,205.215753858181,138.25420108734045,0.14184278746581325,0.5127300853053397,0.3454271272288471,0.2766422168914535,0.41063013378171,0.6737016943781234,5.241228638232012e-09,23.9649790654088,588.519827301338,23.970927628460895,0.02600137816892503,0.47953876271822216,5.333294729701542,0.7392416667723476
sub-020,51,436.0,440.0,1-back,LOW,75.83878255117865,166.42360808536964,132.59509470887778,0.2023136405594095,0.4439650122819678,0.3537213471586227,0.45569726208721506,0.5719576785075514,0.7967324842570473,1.4160025199167218e-10,24.87629245695363,636.8772391162327,24.89276362432611,0.09506097783957534,0.3127490424029313,5.202387844096531,0.7345382335535695
sub-020,52,438.0,442.0,1-back,LOW,69.0264536371063,196.48177474628187,145.13164158532473,0.16809486531925286,0.4784771015080733,0.35342803317267385,0.351312246269358,0.47561271190145515,0.7386519272473699,-2.083476487598227e-09,25.03085499425312,658.9410063686788,25.04340218236923,0.14108830505028833,0.28526063087453135,5.03090512011591,0.7612413157034055
sub-020,53,444.0,448.0,1-back,LOW,78.15889616191578,279.6776345189669,135.95946617647908,0.1582817533137937,0.566382952269568,0.2753352944166383,0.2794606593993317,0.5748691015045867,0.48612920518411606,-6.793003300215916e-09,27.904141448471467,792.1923995347917,27.938331862477455,0.11053592350952862,0.13590455847369426,5.114058218348826,0.695081484310039
sub-020,54,446.0,450.0,1-back,LOW,64.63475012539921,236.48552699899497,155.11751426874488,0.14166899661694968,0.5183383127401122,0.3399926906429382,0.27331376657850986,0.4166824773469353,0.6559281501797957,-3.0359547156945753e-09,25.763745137580468,676.3327154840395,25.801739738205704,0.16835677517760828,0.013337612147959203,5.129935363140754,0.7304503448830426
sub-020,55,448.0,452.0,1-back,LOW,56.47269161588145,228.38815389037518,156.56740040770433,0.1279317581931279,0.5173845489146394,0.3546836928922328,0.24726629054056795,0.3606925290247238,0.6855320547091758,-5.516311878044589e-09,26.8794999643798,740.7299495289055,26.909043131436835,0.15336146404057152,0.024093772671588864,5.066198033030501,0.7459517385717744
sub-020,56,450.0,454.0,1-back,LOW,86.38006947032272,299.2149259838342,181.36534573075707,0.15235645810744614,0.5277528325146913,0.31989070937786246,0.28868903911227217,0.4762765958528639,0.6061373614114283,-8.504808401392432e-09,26.83925724514474,736.3128506271034,26.852570909020944,0.07815480918512889,0.018172779707598785,5.143012823154472,0.7430134650665892
sub-020,57,452.0,456.0,1-back,LOW,52.20238312456731,180.73328811744145,143.5774117500856,0.13864693016700141,0.4800186136459867,0.38133445618701195,0.28883657055276907,0.3635835364927185,0.7944159775192505,-7.050749288511027e-09,24.21242230930187,599.0708455745265,24.240460130121292,0.03874635354225982,0.1171606008898918,5.3466762389094695,0.7173099035685669
sub-020,58,458.0,462.0,1-back,LOW,67.83383438028896,273.6702721004405,191.4960636328943,0.12726794133260463,0.5134525042310965,0.359279554436299,0.2478670184366721,0.3542309595999277,0.699732792177781,-4.879640083812008e-10,27.244623655925423,758.737574529205,27.26455237238254,0.0968245469909078,0.11179411330651153,5.211099662047561,0.7570943399776542
sub-020,59,460.0,464.0,1-back,LOW,60.25716651786996,297.0359689108225,157.86854681912152,0.11696748534353102,0.5765878541563112,0.30644466050015784,0.20286151451227324,0.3816920325928498,0.5314795625526333,-1.714692376390752e-09,26.85640686627995,736.5421050099397,26.870409038672538,-0.0029281063548387437,0.46081749854003173,4.978764147132469,0.7430543403421838
sub-020,60,462.0,466.0,1-back,LOW,59.4536761210726,125.84488438848894,130.8023947877063,0.18808445569283755,0.3981161153725139,0.41379942893464855,0.47243617736209575,0.4545304863688968,1.0393938174229895,-1.3658826175363227e-09,22.913328954530492,549.2890250454616,22.92218961788775,-0.05378530688803415,0.48627987527453287,5.223172332967839,0.7291925658568015
sub-020,61,470.0,474.0,2-back,MODERATE,66.48283699982588,64.06636146594906,112.60978310148204,0.27341304265759536,0.26347520068152824,0.4631117566608764,1.0377183201696443,0.5903824265420409,1.757705300016664,7.541065958817153e-10,18.98219182601847,375.5446254048401,18.994814920101977,0.07685017497245718,0.15170566929498697,5.571011137721933,0.8268077528599939
sub-020,62,472.0,476.0,2-back,MODERATE,60.036022842405636,79.03082350578327,125.97465579677998,0.22651555456989497,0.29818282369436633,0.4753016217357387,0.7596532615911861,0.4765722316340729,1.5939939660069653,-1.8993196445429413e-09,19.730108270604454,406.23494595931044,19.737994200112436,0.0714392677438009,0.2098034551547253,5.527419183785233,0.8110263556150634
sub-020,63,474.0,478.0,2-back,MODERATE,49.774700695270326,65.57153431819687,122.21959006306473,0.2095196170544959,0.2760141712179055,0.5144662117275987,0.7590900718249209,0.4072563217532215,1.8639123109423317,-4.81504557570707e-09,19.325553296956386,388.77356980531977,19.33250248645494,0.04115956680062155,0.14792136771988532,5.495576906983605,0.8325036600391105
sub-020,64,476.0,480.0,2-back,MODERATE,47.56925658393953,95.97740106364331,138.18767583678218,0.16884437191457677,0.3406663287240766,0.4904892993613466,0.4956297634314562,0.3442366064548699,1.4397938921595608,-4.679866637488504e-09,20.290618724838556,427.68585314450826,20.304357536248304,0.037360118602230596,0.2677642784165575,5.52488907067286,0.8545301942502
sub-020,65,478.0,482.0,2-back,MODERATE,67.16488666546003,90.486218457159,115.84304261136235,0.24558070884496247,0.330852485169708,0.42356680598532953,0.7422664778201498,0.579792149372225,1.2802285760920447,-5.4777355867604395e-09,20.998378001940406,457.41522051999334,21.014683870922102,0.07776541790419672,0.3022221396979331,5.373521412900913,0.7883689474080746
sub-020,66,480.0,484.0,2-back,MODERATE,56.1656877943582,52.70616875609259,88.28144848163231,0.28488331851813625,0.26733596349052136,0.4477807179913424,1.0656378393632664,0.6362116702926995,1.6749737377074554,-4.036186648062163e-09,19.395011429406054,389.72667454841974,19.40901819424155,0.08935831710088755,0.15127570223372722,5.37148362501526,0.7164574368441684
sub-020,67,482.0,486.0,2-back,MODERATE,49.1958164928331,51.50162150689035,132.4112118545629,0.21104243246050655,0.22093397880809418,0.5680235887313992,0.9552284967620144,0.3715381484980934,2.5710105425874357,-1.993896729011063e-09,19.424459454808513,390.563065576353,19.430564833951856,-0.03859903794276892,-0.0947396539339832,5.470028653883648,0.7917971644003972
sub-020,68,484.0,488.0,2-back,MODERATE,68.53877407745867,107.43833274897942,152.03129019102585,0.20895432769609706,0.32754750709403074,0.4634981652098722,0.6379359426359837,0.4508201830777096,1.4150563053340943,-1.0264474416631305e-09,22.525428580218005,521.9807532088865,22.542530758040744,0.008610159739305403,0.6088035270836266,5.314143821542248,0.8466593861882552
sub-020,69,486.0,490.0,2-back,MODERATE,54.30129116943123,105.96492723934806,176.76439493384257,0.1611167918275397,0.31440742485794665,0.5244757833145136,0.5124458873715668,0.3071958648106397,1.6681405776326006,5.11505409373532e-09,23.0298609033931,546.7741168088544,23.03926643659902,0.015847361199497503,0.6563867257186672,5.40475699124455,0.717154992361836
sub-020,70,488.0,492.0,2-back,MODERATE,61.00050893145512,83.01199039626408,137.79409170454196,0.21646232158023512,0.29457079088246335,0.4889668875373015,0.7348397338777751,0.4426932111302159,1.65992998176253,6.517731193937013e-09,20.497923760646128,437.3171411070227,20.50505311025355,0.05405305271116305,0.19828913430727055,5.570546968883993,0.8462347484716398
sub-020,71,490.0,494.0,2-back,MODERATE,41.51295855832837,81.22481235142476,131.6843262841897,0.16316569596815939,0.3192521925071158,0.5175821115247249,0.5110871586716592,0.31524601089379994,1.6212327547701602,3.39588396292001e-09,20.384484158520998,432.31450024324045,20.394251099543197,0.042273793307286,0.11532169356676002,5.455557873017287,0.8334263128811366
sub-020,72,492.0,496.0,2-back,MODERATE,59.46207959868691,101.5739561670532,154.95431951596217,0.1881768813661324,0.3214463810976162,0.4903767375362515,0.585406750337585,0.38373941290847075,1.5255319903176476,1.4746856250755663e-09,21.517393269901813,479.4529007102733,21.523043859763195,0.024828381299582338,0.07008062858520535,5.5290302073482005,0.8599008763357396
sub-020,73,494.0,498.0,2-back,MODERATE,64.03233753148555,110.23816730047898,156.88229034606024,0.1933619116730159,0.3328921540318448,0.4737459342951392,0.5808545179905883,0.4081552952231844,1.423121357945313,-5.477108187860063e-09,21.895965258148014,495.7678025558292,21.902337495403746,0.08203124707160739,-0.059130704397370386,5.46448651289284,0.8554807456605487
sub-020,74,496.0,500.0,2-back,MODERATE,76.86214198523942,106.89655007909812,153.0604420898336,0.22820004623032358,0.3173707762996882,0.4544291774699882,0.7190329522174969,0.5021685612284317,1.4318557706172603,-6.957631619964351e-09,22.20798886785075,511.2816638564652,22.224140774687974,0.16348598645923898,0.3751825427119436,5.479979789578544,0.7559359696868162
sub-020,75,498.0,502.0,2-back,MODERATE,49.573441793824266,85.71912805068973,131.45628460184682,0.18584312909877082,0.32134768949092735,0.4928091814103018,0.5783241491270089,0.37710971327062603,1.533570016299169,-2.4360604690948582e-09,20.578493712716877,442.18229695353625,20.58234394638449,0.132027327732616,0.6454514196971983,5.456780210943664,0.8386876379229988
sub-020,76,500.0,504.0,2-back,MODERATE,44.8987315030025,79.77171440735859,113.68335780404045,0.18837010697257725,0.33467774864185523,0.4769521443855675,0.5628402477816221,0.3949455080346575,1.4251086196231189,-1.117844536234115e-09,19.81630967787489,410.39722105511834,19.850499060124484,0.08041730452209701,0.21023535409576105,5.386271907311184,0.8930878636304309
sub-020,77,502.0,506.0,2-back,MODERATE,52.42052720326615,119.24219606122873,143.18576792186764,0.16649445263575308,0.37872881528483454,0.4547767320794125,0.43961390292031477,0.36610151947413183,1.200797810267972,1.5574902113627144e-10,21.81886179724564,492.91474394873904,21.822862539791526,0.08833319127895466,0.47469868673937404,5.4496656849718415,0.8743648101123436
sub-020,78,504.0,508.0,2-back,MODERATE,64.37451463946813,101.30458292377442,152.2572714356139,0.2024760955853392,0.3186316282178425,0.4788922761968183,0.6354551075730311,0.4228009213122582,1.50296528588621,1.1148912056715538e-10,21.574493660790765,480.4664321952059,21.583095473815135,0.034746042937225975,0.39967321901072755,5.540802895008753,0.8379320417752962
sub-020,79,506.0,510.0,2-back,MODERATE,64.40172983974102,105.56733126886735,115.97928389593035,0.2252215512515689,0.36918322177102203,0.405595226977409,0.610053593906978,0.555286493211404,1.098628548263146,-7.132166202657237e-10,20.001200594189804,415.55909218095957,20.007784646814365,0.003477637199848712,0.05131038900195887,5.4048809555721,0.8097640560864757
sub-020,80,508.0,512.0,2-back,MODERATE,62.772977157953044,89.26334459602268,114.97140728515377,0.235097977814544,0.33430996517311035,0.43059205701234554,0.7032335326672269,0.5459877254721479,1.2880024584052676,4.2766921466196846e-09,19.732747980350638,408.63560505208005,19.758245433457404,0.03866171879356832,-0.015612699593821593,5.44918616160723,0.8370075648106525
sub-020,81,510.0,514.0,2-back,MODERATE,62.27025958635897,65.73512229931055,137.95608255128965,0.23413263917081073,0.24716032617158243,0.5187070346576069,0.9472905413155682,0.45137741254147296,2.0986662491192565,6.478206439122926e-09,20.009268786251564,418.51561155576655,20.02492594418237,0.05399027748234173,-0.007382689805529013,5.465797922366563,0.9562977408819389
sub-020,82,512.0,516.0,2-back,MODERATE,82.96938080292416,64.60111534291543,143.92827567545243,0.28463029289807734,0.22161710987420616,0.4937525972277164,1.2843335654888675,0.5764633836787842,2.2279534170803834,-4.132469501097615e-09,20.808764708160933,451.9816020820549,20.84221946139326,-0.0012200315848586447,0.03893874896422763,5.536031311692183,0.8776243823470837
sub-020,83,514.0,518.0,2-back,MODERATE,78.95080956279789,73.25769629823138,149.9775942244098,0.26126552326687297,0.24242576438002525,0.4963087123531018,1.07771351751753,0.5264173623472361,2.047260585616185,-5.978257771862385e-09,22.520825249344842,535.3285846638391,22.536390190024143,0.058411602495499364,0.0612111192763963,5.413248185237069,0.9926216883369416
sub-020,84,516.0,520.0,2-back,MODERATE,59.42914265130285,74.87191550721003,145.47247056365578,0.21241874784486647,0.26761615314064324,0.5199650990144904,0.7937441195234269,0.4085250110968444,1.9429510995968446,-7.659884422656959e-10,22.08147008554694,511.21628538940087,22.111354793240157,0.09432064753003981,0.07617326165767102,5.4302792262740445,0.8908528880553132
sub-020,85,518.0,522.0,2-back,MODERATE,61.81690109699326,115.91809317304921,168.4646526783779,0.17855853303687294,0.334830188865905,0.4866112780972221,0.5332808658671553,0.36694285782911507,1.4533076594598924,9.075884948554696e-10,23.207516419415878,555.3869705643414,23.227044274705566,0.024371054616558283,0.27859759505644016,5.404879766369965,0.8951516025830616
sub-020,86,520.0,524.0,2-back,MODERATE,75.6544701209664,115.09247568921337,186.75008315450773,0.20041076966474192,0.3048831298218762,0.49470610051338193,0.6573363694535318,0.40511077073188584,1.6226089675817983,6.134195473210462e-09,24.285090897442345,611.4888879449763,24.297751096098057,0.04776277689806151,0.2339210449366842,5.453895904863952,0.896224857728695
sub-020,87,522.0,526.0,2-back,MODERATE,77.34435343442915,87.0976306104371,138.09272398653263,0.25565447990318485,0.2878930195387618,0.4564525005580535,0.8880190298214704,0.5600899975148009,1.5854934631251,3.378078647218642e-09,21.88334328828034,499.12514436893673,21.90195659389695,0.03140559448733702,0.1320027246702735,5.387309519342367,0.8204708019137581
sub-020,88,524.0,528.0,2-back,MODERATE,59.82308084405108,80.08505900771513,132.36460755457318,0.21971747600126582,0.2941354203481714,0.48614710365056285,0.7469942781497847,0.45195677265455086,1.652800275040337,-5.8582604907448694e-09,20.567518567678736,441.2072716608957,20.570736012871453,0.00788864277167619,0.08815680101313608,5.500718191959997,0.8915341341342234
sub-020,89,526.0,530.0,2-back,MODERATE,42.85363332170339,81.30656106442993,133.9703204812752,0.16601537150195364,0.314982368923697,0.5190022595743493,0.5270624259676263,0.3198740823173068,1.6477184464254098,-3.7190615265776736e-09,19.955022142263587,416.90695293007946,19.97820860296003,0.0641331463070321,0.2915027722610934,5.566542135697686,0.8966459542580832
sub-020,90,528.0,532.0,2-back,MODERATE,64.24614226051266,80.64150174662002,156.79380399286774,0.212960202513058,0.2673067975549491,0.519732999931993,0.7966883164251768,0.4097492415161705,1.944331400046621,1.3403741683822096e-09,20.52986867001749,445.61829570179043,20.535547428754278,0.08524937019060708,0.3673218716709141,5.506092323658709,0.8910795528370341
sub-020,91,530.0,534.0,2-back,MODERATE,68.51363264495451,81.04253066492139,153.7759286768354,0.22587004294934948,0.26717427138725497,0.5069556856633955,0.8454034206832844,0.4455419858912893,1.897471949791865,-2.4210122386379927e-09,22.246573785212924,518.5596125840354,22.264817028706556,0.11594262025606208,0.30180871031657935,5.544938803490427,0.8638907673567578
sub-020,92,532.0,536.0,2-back,MODERATE,74.64949946971362,123.20313581085243,166.66211858638167,0.20479143485358506,0.33799217865355063,0.4572163864928643,0.6059058398019936,0.44790921958082797,1.3527425052090365,-3.272942037274281e-09,22.967112864893995,549.5657231115267,22.970833924836032,0.1409065262138524,0.2323396265770082,5.453850633251799,0.7639915898740081
sub-020,93,534.0,538.0,2-back,MODERATE,55.20339972228233,73.68633669208464,145.76661257873926,0.20099080150398385,0.2682855756374091,0.530723622858607,0.7491673789261973,0.3787108635213905,1.9782040894210644,1.908407414553144e-09,21.51468011075223,482.4414268812114,21.525897442913497,0.0809278713045256,0.13268430188062866,5.525340110050861,0.8415003603842672
sub-020,94,536.0,540.0,2-back,MODERATE,61.92054000168337,79.87137381018037,151.204179761519,0.21133571866607492,0.2726021798996309,0.5160621014342942,0.7752532233743925,0.4095160603320965,1.893096018616955,5.579897129144073e-10,20.76677668334505,450.5416749739375,20.77958768503872,0.10590615017333618,0.16715854345714481,5.626552351717112,0.9105478521696877
sub-020,95,538.0,542.0,2-back,MODERATE,47.21778879181245,92.43787082596623,139.06066445541055,0.1694116372581512,0.3316557475897702,0.4989326151520786,0.5108056727172988,0.3395481315778749,1.5043689692639237,-1.2763236929324544e-09,21.924827798898377,500.5456748891559,21.934299984940996,0.15744345283156802,0.2220243352103386,5.567525096190227,0.8694854970808465
sub-020,96,540.0,544.0,2-back,MODERATE,64.60464675437697,118.09548467298339,157.42738673884944,0.1899424283653717,0.34720943871196497,0.46284813292266325,0.5470543343233895,0.41037743236853236,1.333051701127943,1.824215914655723e-09,23.14084129566386,549.786945838993,23.153134203801855,0.1088546892527199,0.09785731427054097,5.429511349137019,0.8777279804886626
sub-020,97,542.0,546.0,2-back,MODERATE,48.421229673548005,129.2958567286052,187.7419382009319,0.132494278192027,0.3537902966523534,0.5137154251556195,0.3744994688823263,0.25791376256979354,1.4520336764928694,-2.304327378033795e-09,23.84459167445691,584.8304211422984,23.856282121159264,0.08884583275130947,0.08311146289701458,5.379904480328788,0.7703565409333776
sub-020,98,544.0,548.0,2-back,MODERATE,66.29201881879062,86.5657319638323,123.93294334921735,0.23950233958087686,0.3127479853878307,0.4477496750312925,0.7657997837584026,0.5349023191678217,1.431662859397958,-2.7866348702238796e-09,21.81921769742815,495.658799472795,21.827025190008698,0.0743438962701535,0.14455894481879847,5.4094886328362985,0.710248808710653
sub-020,99,546.0,550.0,2-back,MODERATE,70.85299664810083,97.67801916558136,124.80179929447748,0.24154473348634872,0.33299383544785083,0.42546143106580053,0.7253729882461333,0.5677241598169498,1.2776856078839658,3.650225810210952e-09,21.94867902611786,501.34948841514444,21.957561640040208,0.02836186364745347,0.1935350390221993,5.4912076708217015,0.7388811363668497
sub-020,100,552.0,556.0,2-back,MODERATE,49.47239420375433,109.51058178415803,168.63254425094098,0.15100748025516522,0.33426554915444057,0.5147269705903943,0.45175903002015716,0.29337394168787956,1.5398744258642558,1.278127451829086e-09,22.44934075023924,521.7009731253346,22.45890224983915,0.04786435447969963,0.13788758275895782,5.440926428000669,0.8048830062433476
sub-020,101,554.0,558.0,2-back,MODERATE,71.20914123242032,131.16059367575812,137.01210923796216,0.20982012579835319,0.38646909355374737,0.4037107806478994,0.5429156672503047,0.5197288154198438,1.0446133659372536,-9.159626306335552e-09,21.679375500400134,489.7012961371348,21.685997161004934,0.036356496698125594,0.2316765749479075,5.416031629729364,0.8590400103999775
sub-020,102,556.0,560.0,2-back,MODERATE,77.2081310919531,67.20952859284435,122.10301268480922,0.28968909017639755,0.25217379198128104,0.4581371178423213,1.148767633227728,0.6323196241787614,1.816751511895134,-5.448384223315447e-09,20.751678745651677,444.3344042487876,20.756072162689616,0.027249109363387286,0.20898315423233096,5.517345922542094,0.8202646102669261
sub-020,103,558.0,562.0,2-back,MODERATE,63.86034316084661,115.97895915049666,125.54978252097169,0.2091114133824117,0.37977440881418256,0.41111417780340576,0.5506200747842557,0.5086455896503003,1.0825220664211663,3.1734523079538383e-09,22.27947841070023,511.98150267228436,22.321588966204406,0.02974594350817806,0.2746688573900039,5.5107811056037885,0.73843363066466
sub-020,104,560.0,564.0,2-back,MODERATE,66.71416978714232,203.32319024486426,149.36804287006257,0.1590684557841045,0.48478915349676616,0.3561423907191293,0.32811884225698873,0.44664285951164234,0.7346335786398839,-1.2085638104321705e-09,23.433983128874036,571.4347712940133,23.445731597491417,0.012663454133124039,0.17208566091181518,5.330440664350742,0.8645806480576752
sub-020,105,562.0,566.0,2-back,MODERATE,73.04322835896576,151.4371938620034,132.41074668928522,0.20466527255913575,0.4243231748334029,0.3710115526074614,0.4823334776364527,0.5516412389877149,0.8743608047171294,-3.11742401483771e-09,21.380667099365088,475.5985155419627,21.43258425502361,-0.03292810346621462,0.12253322419309105,5.397392144975268,0.8689239964061424
sub-020,106,564.0,568.0,2-back,MODERATE,53.77299458477191,112.17194678503697,141.6686866140938,0.17480693211545825,0.36465207188709753,0.4605409959974441,0.47938006004140143,0.3795686673601331,1.2629600419219211,-2.715419836353904e-09,20.470454208601485,434.31016313269555,20.49075665893484,0.018439888558113227,0.19300784376766872,5.54779874165391,0.8007780733273859
sub-020,107,566.0,570.0,2-back,MODERATE,69.63242812897168,133.9911560390949,152.38300526277817,0.19559308787035237,0.3763726852733523,0.4280342268562952,0.5196792847182755,0.4569566534594422,1.1372616653767584,-6.408911097728109e-09,22.217699941481325,507.98114886741206,22.228203429203155,0.14087385181139278,0.29340364720086926,5.48995306788796,0.7473998184761749
sub-020,108,568.0,572.0,2-back,MODERATE,76.08774009830564,100.18567920070036,141.01059968567353,0.23980955719670094,0.31576024383862195,0.44443019896467717,0.7594672283039604,0.539588798770537,1.4074925758919021,-5.870518445629919e-09,22.0589664065323,499.22145506495383,22.07536141994888,0.10629856582919422,0.3744452033301477,5.492457540583814,0.6781664653528093
sub-020,109,570.0,574.0,2-back,MODERATE,47.20804265716415,86.06865781947529,136.62068627723428,0.17491107722437624,0.31889400210444974,0.506194920671174,0.5484928411011202,0.34554095681651276,1.5873453791249927,-4.6489661243461005e-10,20.984295432011514,452.07748220274055,20.993759425480377,-0.009194164531308498,0.45604710089448414,5.518891760270319,0.812866147488546
sub-020,110,572.0,576.0,2-back,MODERATE,56.59514185208459,110.60400618673822,137.65828743065168,0.1856446170155869,0.36280567018616494,0.45154971279824824,0.5116916086794561,0.41112774906919863,1.2446048943131083,-2.936214896951278e-10,21.49839603873339,476.25053060110844,21.504893361727277,0.006575210259745857,0.5879522155612094,5.449192173840471,0.8092400754764713
sub-020,111,574.0,578.0,2-back,MODERATE,73.56494901550907,91.78583262927611,137.2270010982269,0.24312739801517375,0.30334623975757147,0.4535263622272548,0.8014847924585337,0.5360821735283086,1.4950782399336957,5.787003227497005e-09,21.313642225117416,469.200030659734,21.332182143213313,0.004127528307259972,0.40761432279779786,5.432022450903068,0.838561158819134
sub-020,112,576.0,580.0,2-back,MODERATE,64.72223519628473,153.6697483239602,164.92755153149653,0.16884669127950486,0.40089203463950107,0.430261274080994,0.421177465976192,0.3924282789338845,1.0732597230770697,4.413106254699379e-09,23.214032863425675,551.2532524887041,23.25106128128822,0.0631135866121816,0.787668467640535,5.4039097964847285,0.8662949657616574
sub-020,113,578.0,582.0,2-back,MODERATE,91.15849003361731,181.954055684169,173.05262267411737,0.20431556851956068,0.4078177064784756,0.38786672500196384,0.5009972967673103,0.5267674573489803,0.9510786776552951,9.110589125221599e-10,25.790409974168885,684.0474177791151,25.804207650526244,0.07753314982998404,0.46534901905565557,5.2676550453765785,0.7979937686229656
sub-020,114,580.0,584.0,2-back,MODERATE,83.75460610035938,108.46255233023957,140.79446160062008,0.251506557316251,0.3257020049933137,0.42279143769043537,0.7721983698608614,0.5948714540912774,1.2980928308964965,3.3667306369678547e-10,23.48840673637418,571.9087867512914,23.537351868463105,0.032797296416233225,0.23076269432675608,5.405682600075419,0.8374797672885768
sub-020,115,582.0,586.0,2-back,MODERATE,50.32619070384199,87.25519793974813,141.81884879330977,0.18012221881238638,0.31229464491580455,0.5075831362718091,0.5767701167624818,0.354862496290522,1.6253341020581855,-2.854734197570664e-09,20.89109616915611,449.75645262584055,20.908148399820682,0.0035869371812915453,-0.08318986646844696,5.5520868406591735,0.8473466999012704
sub-020,116,584.0,588.0,2-back,MODERATE,60.04108355638223,108.5132302132036,141.69269591216133,0.19352671156435208,0.349763984266978,0.45670930416866984,0.5533065732023209,0.4237415568238121,1.305764243067575,-2.1218959162838083e-09,21.747046644617118,487.4354149297819,21.76172723104039,0.022716741247560058,-0.060642523748893534,5.383237982809313,0.8310033088733937
sub-020,117,586.0,590.0,2-back,MODERATE,63.59671148144364,79.4923948627307,96.50346166424286,0.26543691238039324,0.3317815553441459,0.40278153227546093,0.8000351680341736,0.6590096394957399,1.2139961543602662,-3.395896312690339e-10,20.58852902816086,437.4437315766533,20.607107984455915,-0.01377855599326638,0.02394241387030631,5.272815446946294,0.8184842326308026
sub-020,118,588.0,592.0,2-back,MODERATE,59.22291887167427,117.88921104199035,147.60486284382068,0.18238318348773597,0.3630521767305102,0.4545646397817539,0.5023608042518832,0.4012260689157476,1.2520642180839268,-1.1746820475397762e-09,21.56440078171841,479.01361158124496,21.581603748301593,-0.052485210200258536,0.2085112774329068,5.445108439814834,0.8279984273704863
sub-020,119,590.0,594.0,2-back,MODERATE,74.35344341094276,172.79279077596198,114.738993813609,0.2054613939943335,0.4774795360691448,0.3170590699365217,0.4303040831567287,0.6480224458977591,0.6640265100086044,-5.490842733707187e-09,22.846696706717996,538.5987057280387,22.854561889386954,-0.005392888672889895,0.10878942264423609,5.2570557581194,0.7989500589192328
sub-020,120,592.0,596.0,2-back,MODERATE,60.5982683994618,163.68797576313614,118.56540168410565,0.1767477832862923,0.4774309172671278,0.3458212994465799,0.3702059856073376,0.5110957120603703,0.7243378820670073,-2.4786023876618845e-09,21.458308661279094,476.141428583641,21.47362447729603,-0.03724221079263003,0.36287564879959594,5.224603082180858,0.7209375471347154
sub-020,121,594.0,598.0,2-back,MODERATE,53.001513139903786,105.04086376975486,143.30865956501134,0.17587964441714746,0.3485664592316213,0.47555389635123135,0.5045799438214909,0.36984166414493524,1.3643134150071143,-2.3171307562744471e-10,21.491116958096537,476.93232190437885,21.504213116090426,-0.023607674790221907,0.4793176679627714,5.522872981358545,0.7759971521111215
sub-020,122,596.0,600.0,2-back,MODERATE,79.80663686239295,124.03631265765087,144.0865928081938,0.229375856756375,0.3564983640872746,0.4141257791563504,0.6434134903918419,0.553879686562028,1.1616484698790035,3.2439142366432573e-09,21.314848547124083,467.7713457902716,21.34144818131279,0.03113188746230928,0.19063679201946773,5.496996991725517,0.8439855806353332
sub-020,123,598.0,602.0,2-back,MODERATE,60.73920996791589,127.97112630524813,131.57658585534463,0.18963999392877337,0.39955151916537607,0.4108084869058506,0.47463214337142984,0.46162628079354945,1.0281740081078636,8.528346350759812e-09,20.910114250516443,450.4723557147589,20.91845524195676,0.06750273335197635,0.17921803350889542,5.468092381474761,0.8704359964584476
sub-020,124,600.0,604.0,2-back,MODERATE,66.29026637696303,143.52456824802186,146.16073508115431,0.18622139275368307,0.4031865680178631,0.41059203922845383,0.46187399959572206,0.45354360280246275,1.0183673559538389,-4.35488840895048e-10,20.903906855700004,452.6179588831475,20.910590461789294,0.0606991405805968,0.2015687129130102,5.554923494131168,0.9010697718662533
sub-020,125,602.0,606.0,2-back,MODERATE,53.581408893574284,157.0458512447771,136.11180176879284,0.1545294856566326,0.4529222937300141,0.39254822061335337,0.341183217951173,0.3936573331428723,0.8667010346974672,-5.931012692668509e-09,22.13567208883013,505.3884903026793,22.151523469004992,-0.000628541321242775,0.15313460996250094,5.472202122777492,0.858205276605603
sub-020,126,604.0,608.0,2-back,MODERATE,54.08808240614772,161.86416838160957,141.1792413569795,0.15145145022446557,0.45323409428146966,0.3953144554940648,0.33415723162788025,0.3831163978943832,0.8722081160305754,-6.946955782557265e-09,23.38854903396536,561.9799878462563,23.398370161652362,0.0017200657462951383,0.11782605803532013,5.403918673826608,0.7781108432110623
sub-020,127,606.0,610.0,2-back,MODERATE,76.5786490464831,111.32962531657407,156.25231318864832,0.22250847951896346,0.3234816226592137,0.4540098978218228,0.6878550864491461,0.49009609831521206,1.4035106355952716,-7.483384058625195e-09,23.78045241185419,583.0828319744224,23.800594141604453,0.07524674853299262,0.2563896026075444,5.406481395481498,0.794506707139665
sub-020,128,608.0,612.0,2-back,MODERATE,65.17905184435922,94.63819444654409,146.09225157559354,0.2130664536372266,0.3093666430973173,0.47756690326545603,0.6887182519228564,0.4461499575878134,1.5436922949551093,-1.3844171715448577e-09,22.06006707464173,500.6271950761,22.070707223182456,0.09956385165474876,0.5308812081364185,5.477041687340827,0.8096023256655241
sub-020,129,610.0,614.0,2-back,MODERATE,67.05547397122079,143.37460786594443,125.13101430728449,0.19983089440843665,0.42726826653416833,0.37290083905739496,0.46769421007880146,0.5358821259656101,0.8727557561955619,1.0731782713952798e-10,20.852055396481177,447.21249669706395,20.876381605073465,-0.01641209006476225,0.31284234403719213,5.378443979454424,0.8298950314867367
sub-020,130,616.0,620.0,2-back,MODERATE,79.67046136153567,170.5777023977382,146.33869084911964,0.20089032310515087,0.43011436313534335,0.3689953137595057,0.467062577591572,0.5444251339085624,0.8579004687722892,-2.0752048208493825e-09,23.323805797579514,558.3585922436802,23.33266253165129,0.050462609847475276,0.061668287792034704,5.336571414118793,0.8207962347763793
sub-020,131,618.0,622.0,2-back,MODERATE,75.14999501703669,128.52975655721403,143.27605114816737,0.21659817886706575,0.3704499407379684,0.4129518803949659,0.5846894682600932,0.5245119084090414,1.1147305883551497,3.497731484564407e-09,23.0961894292613,547.7900399367962,23.133980849890506,0.08810068549465025,0.04886078646708897,5.270313751009689,0.8071100110915216
sub-020,132,620.0,624.0,2-back,MODERATE,63.50790239316704,103.23700171476813,142.9964085135921,0.20503529818370506,0.33330071743097883,0.4616639843853162,0.6151660871422052,0.4441223598082919,1.3851274847043176,2.4336443386823405e-10,22.54472805625612,519.9541463235342,22.55044454078892,0.04794574401317092,0.12683979958276562,5.337017317581499,0.7319683679432514
sub-020,133,622.0,626.0,2-back,MODERATE,84.86217726832243,158.1253579944677,149.11151575754016,0.21643045819032683,0.40327911425184476,0.3802904275578283,0.5366765858724031,0.5691188694393724,0.9429955931720775,2.366983375383307e-09,23.22088279145124,554.7529123837558,23.226548766245728,-0.03613213286178797,0.10172908024749225,5.341226264080217,0.759540814524903
sub-020,134,624.0,628.0,2-back,MODERATE,76.9453863338737,164.95351784559625,120.66579385689434,0.21222525731436842,0.45496298657585205,0.33281175610977953,0.46646708320520913,0.6376735599579147,0.7315139163618374,9.375869495991352e-10,22.49843417967612,523.502804795494,22.510707547572224,-0.04719043737407162,0.289102378420619,5.2884464416787464,0.723951696501485
sub-020,135,626.0,630.0,2-back,MODERATE,43.2860373346995,91.05330782312977,116.57278727809849,0.17251472423619413,0.3628892191826591,0.4645960565811468,0.47539225503791954,0.3713219726953549,1.2802696581275232,-3.4923738754711943e-09,21.903485485760143,497.94283607027904,21.912969769279467,0.011915573173598686,0.13049768169079148,5.27546897462062,0.785579253662658
sub-020,136,628.0,632.0,2-back,MODERATE,60.27050686683219,147.1371118553467,127.86673288164869,0.1797647406624472,0.4388558538745883,0.38137940546296456,0.4096213804039139,0.4713540849019547,0.869031145638885,-2.9504299938870895e-09,21.775886910939146,491.6086384935058,21.781611272320593,0.051483267341420114,0.029738756849249048,5.315125630103412,0.8731603269826034
sub-020,137,630.0,634.0,2-back,MODERATE,58.83473339099128,92.64648769818983,133.00803850872052,0.20680827625671544,0.32565899967238404,0.46753272407090046,0.6350454815152244,0.44233968150078273,1.4356511705226715,-1.6369906599846361e-09,21.51242652183303,473.63291173195563,21.531048304931684,0.0941849403189562,0.10654110490612918,5.413164240261597,0.8435103812152157
sub-020,138,632.0,636.0,2-back,MODERATE,54.07372309013251,169.35245038784723,159.04614728867608,0.14137944147629597,0.44278354587433844,0.4158370126493656,0.31929696302766253,0.3399876325956278,0.93914287584521,-4.624104865095995e-09,23.701961439452205,571.9094434080936,23.712034174765577,0.09353711128901691,0.20000790410246866,5.344066292244224,0.8743062063438144
sub-020,139,634.0,638.0,2-back,MODERATE,68.04065792752824,167.86021142153763,140.85602650711348,0.18059565379130213,0.4455398514739209,0.37386449473477695,0.40534119045436967,0.4830510956099707,0.8391269456547383,4.909540632223509e-10,23.246388464561598,554.7058923183737,23.25083304601563,0.07622936952650568,0.23165978669783088,5.384236897825914,0.834492814265835
sub-020,140,646.0,650.0,3-back,HIGH,55.630626018571455,81.37759598970935,121.25674210543153,0.21540136583945496,0.3150934400605703,0.46950519409997477,0.6836110767588448,0.4587837760823327,1.4900506783312342,2.5805674234917986e-09,21.184409743484963,460.4610287768584,21.188851274789997,-0.005409398534557419,0.12096006145572827,5.531946599485608,0.8595244437244333
sub-020,141,648.0,652.0,3-back,HIGH,65.05113745454219,102.51648680906297,115.94782407430478,0.22944477218402054,0.361590479143408,0.4089647486725716,0.6345431791444431,0.5610380183836342,1.1310163631558863,-4.6108321838962756e-10,20.70451366133831,440.62736142402395,20.72725053063284,-0.03132465970385716,-0.02841437679160818,5.431719693314265,0.8125091645986535
sub-020,142,650.0,654.0,3-back,HIGH,61.87313482802738,102.19899935650722,138.85046082407956,0.20425394423373372,0.33737661382968476,0.45836944193658147,0.6054182058298968,0.44560986301960687,1.3586283789307834,4.390573308430284e-09,21.39008893533321,471.59510134437477,21.40864505695542,0.05854515058766735,0.15409088318414388,5.519385574396196,0.7757989892310102
sub-020,143,652.0,656.0,3-back,HIGH,50.87242211644322,225.47667721789162,143.0341502056304,0.12130294229024834,0.5376387289316493,0.3410583287781023,0.22562165960642638,0.3556662660162445,0.6343633939017468,-5.364905011468205e-11,23.703823530164136,580.1773442074815,23.719326578776695,0.07617825886057504,0.09885038909354173,5.168630849382701,0.8162029304212096
sub-020,144,654.0,658.0,3-back,HIGH,57.85126498109767,177.8293548613934,138.2912846440919,0.15469414757378708,0.47551527996610077,0.36979057246011215,0.32531898361881273,0.41832907352031895,0.7776628597223506,-6.451889145749141e-09,22.47904515037011,519.3829459862552,22.496305458857055,0.05805887214200487,0.12625138921491127,5.255270965648656,0.8073151676319184
sub-020,145,656.0,660.0,3-back,HIGH,42.77078545042583,111.46994141152024,142.2559060497625,0.14425386565237053,0.3759568542713064,0.4797892800763231,0.3836979270718943,0.3006608768529033,1.2761817602880752,-2.4530056816205926e-09,20.41756206375017,428.13612341339183,20.43283816378164,-0.028260662056499516,0.30584901099927914,5.500194799568315,0.855804661078384
sub-020,146,658.0,662.0,3-back,HIGH,42.096545048162,124.52342987211443,128.22117419179523,0.1427770349387722,0.42234074262402904,0.4348822224371987,0.3380612394903927,0.32831196027883297,1.0296951692021203,-1.0197613586893084e-10,20.74565799431088,444.6053856834348,20.75129724153577,0.04362041271990442,0.3108046006299875,5.4461127337415265,0.8151616355228615
sub-020,147,660.0,664.0,3-back,HIGH,51.29207710450042,108.89492758972206,120.00358876853925,0.18306138143540965,0.3886459079297912,0.4282927106347991,0.47102356592541206,0.42742119323974265,1.1020126595856763,2.5616848876060325e-09,20.776501430577586,448.3689973299005,20.78393690836787,0.08635261860416117,0.16615350961146189,5.258881570288364,0.8493115611247557
sub-020,148,662.0,666.0,3-back,HIGH,40.138291203158055,70.06051672139661,130.98589602308058,0.166421379740038,0.2904849087635664,0.5430937114963955,0.5729088662416295,0.3064321611853953,1.8696107615643272,2.1925735028741212e-09,20.954961559434572,455.8813216660219,20.98533710432652,0.11223693024271207,0.2531622375810763,5.524585607198217,0.8289747470325375
sub-020,149,664.0,668.0,3-back,HIGH,57.84041248060923,116.23788703817172,155.80782383540227,0.17533448176754227,0.3523576131554117,0.47230790507704606,0.4976037843978946,0.371229191556598,1.3404220242255096,-4.1942016292788245e-09,22.015461320840696,500.7678339351605,22.028584463423496,0.09379502669001409,-0.06503324751668317,5.487387871197216,0.891761528852248
sub-020,150,666.0,670.0,3-back,HIGH,68.73181925199366,138.14086524405556,131.3868843668781,0.2031925349016388,0.408387161694853,0.38842030340350814,0.4975487820390013,0.5231254214086575,0.9511080166955296,1.9267985452767346e-09,22.917644792318868,542.9825593183939,22.93515321109088,0.048058905074009686,-0.22987674736808258,5.341562362015971,0.8261501908754623
sub-020,151,668.0,672.0,3-back,HIGH,56.552266059891416,166.43328666036888,131.57706107025194,0.15949867205487275,0.4694045006073409,0.3710968273377864,0.33978939666855507,0.4298033836589259,0.7905693849497422,6.896674167428411e-09,23.05002485425968,549.5905110884289,23.060435667409553,-0.005306369761534001,-0.01805188666990307,5.253424648175083,0.8207935530564354
sub-020,152,670.0,674.0,3-back,HIGH,63.871243017065424,268.3821376838537,138.34751829140708,0.135722739063673,0.5702966956895466,0.2939805652467804,0.23798619225659448,0.4616724882807857,0.5154870569455572,1.312738409204054e-09,24.20382531943375,604.1355753696824,24.21509285713634,0.04239144108416671,0.15162432756458707,5.073414252252174,0.7868010849722997
sub-020,153,672.0,676.0,3-back,HIGH,65.07552322407476,166.18367300398396,138.3444701583313,0.17606839201655455,0.44962668966127817,0.37430491832216733,0.39158794632319077,0.47038759951588727,0.8324793143488575,9.50767651012494e-10,24.031288279032932,594.2453709681932,24.04100161467262,0.05980710458997044,0.21337491423855046,5.36638222297888,0.7172317530077853
sub-020,154,674.0,678.0,3-back,HIGH,66.04557342992895,130.5950994574689,130.01157938420212,0.2021892485682736,0.39979855809744613,0.3980121933342802,0.5057278083504053,0.5079976240789691,0.9955318379044015,-9.691823951572444e-11,21.37473616343663,472.0789606076354,21.39609552755951,0.046805715633241894,0.12804640214617707,5.5430781770936814,0.8872387622858172
sub-020,155,676.0,680.0,3-back,HIGH,60.433767417808106,95.35821537703579,120.28695606546147,0.218900317667431,0.34540199180237574,0.43569769053019325,0.6337552268450044,0.5024133072659964,1.261422055665159,-1.0479112811408248e-09,19.82936254969262,405.80463308419354,19.845302036473942,0.02319888597422218,0.08047442664271813,5.5185169765042446,0.803790242675728
sub-020,156,678.0,682.0,3-back,HIGH,56.28292647067243,143.605595705841,135.54952853485963,0.16778933204301544,0.4281136126366478,0.4040970553203367,0.3919271125476288,0.41522037796094585,0.9439014396940125,3.6823809206565947e-09,21.38062900132509,468.96995314554346,21.39102135392162,-0.05515045556872502,0.658381631438571,5.456516150735169,0.8236250174643267
sub-020,157,680.0,684.0,3-back,HIGH,59.55715787370266,126.37431802914611,127.41205745149213,0.19006984837422236,0.40330916255494315,0.4066209890708346,0.4712758003565788,0.46743737653225675,1.0082116322250434,2.566607400295894e-09,21.98478187383966,494.1337267506796,21.997010713563373,-0.04560185119988031,0.4568717564571358,5.44943612748569,0.6939246904428522
sub-020,158,682.0,686.0,3-back,HIGH,78.64893596009738,134.83984585120092,143.7084270809675,0.22018351208286924,0.3774941194791641,0.4023223684379667,0.5832766676913025,0.5472813081155316,1.065771220471086,1.0625312968651944e-09,22.95371115056804,545.5854575030787,22.960896849899683,-0.03243179036319159,0.45537281858329415,5.375915481671806,0.8753121364171446
sub-020,159,684.0,688.0,3-back,HIGH,71.58494690852115,174.09860741759633,134.87926205526162,0.1881028409164984,0.4574766633089143,0.35442049577458734,0.4111747243148022,0.5307335302530937,0.7747291265330892,1.6978795182674918e-09,24.283169573753934,612.7564276526759,24.287679498287684,0.04261180282020192,0.48698471233485674,5.307676677920375,0.7091410819840139
sub-020,160,686.0,690.0,3-back,HIGH,71.0471499028527,164.1778727826762,127.17972449103654,0.19604365134940732,0.45302351600457347,0.3509328326460192,0.4327449777406879,0.5586358217646556,0.7746459515856047,3.493685060549835e-09,24.950361486481594,639.8293027407594,24.966027083810793,0.06565986680661157,0.5849684021397362,5.359564841129083,0.694256327785412
sub-020,161,688.0,692.0,3-back,HIGH,71.43387256679159,218.05884456426332,170.55401824032722,0.1552752515657461,0.4739928094223532,0.3707319390119006,0.3275898884520576,0.41883429838712044,0.7821467575925997,3.581278495978779e-09,26.34916496333027,719.5779415718542,26.36021444048805,0.08797764578679837,0.3093603088513244,5.175823583243506,0.7709446635184588
sub-020,162,690.0,694.0,3-back,HIGH,65.89110753984107,210.2921791771611,159.14615313104022,0.15135918113610983,0.48306445631282463,0.3655763625510655,0.31333123180168754,0.4140289051510195,0.7567858859694787,3.4221332200738625e-10,24.103364317376077,601.9733406336519,24.11504377612955,0.10608080749161128,0.3941529063377277,5.25243396766204,0.7855338894071279
sub-020,163,692.0,696.0,3-back,HIGH,59.976616922816014,98.12440515562024,129.4982366353935,0.20854232097480688,0.3411844856431187,0.45027319338207433,0.6112303746218507,0.4631462055478186,1.3197352527132877,4.264708714828951e-09,22.10101627823809,499.97935778133115,22.116998308002756,0.07431761954108353,0.2943894773465477,5.468442886162844,0.7970797387808755
sub-020,164,694.0,698.0,3-back,HIGH,78.1893008320518,131.4984310200658,144.88171173105226,0.22051900480169626,0.3708679171312199,0.40861307806708386,0.5946025380342419,0.5396768156439002,1.10177521212359,4.392744746897916e-09,22.87201312939649,537.1759876382279,22.87811997919341,0.05271030208185729,0.16091742048109345,5.529263285182947,0.826374778512518
sub-020,165,696.0,700.0,3-back,HIGH,79.3439688320843,93.62811144923329,152.0414589353173,0.24412511867451245,0.2880744958345452,0.4678003854909423,0.8474374587284709,0.5218574551158408,1.6238868496002583,2.084711672295806e-09,22.717759830588232,533.4899538746374,22.73443998462099,0.05854024081097892,0.20919757628321495,5.559293914200862,0.7676779806641184
sub-020,166,698.0,702.0,3-back,HIGH,61.649152083105854,113.15747507443099,175.2795125155526,0.1760970946769668,0.3232275210326735,0.5006753842903596,0.5448084807703178,0.3517190982467829,1.5489874831535426,1.990001052831758e-09,22.958136633089556,544.3429861171134,22.970112895523144,0.03150958863643196,0.14397115059217405,5.50786708683518,0.8367479000942092
sub-020,167,700.0,704.0,3-back,HIGH,78.54317642529591,111.40524905836541,138.81438861872866,0.23890529298375698,0.33886207405339136,0.42223263296285163,0.7050222237207782,0.5658143741930436,1.2460309526888051,-2.5968361525457715e-09,22.337952951179282,516.9952667159283,22.344636898554022,0.009349082783599664,0.10626474685219829,5.388343933308782,0.7906435054605871
sub-020,168,702.0,706.0,3-back,HIGH,72.91450384565297,105.42467052673112,124.03995442555305,0.24113603387744928,0.34865061932624475,0.41021334679630594,0.6916265754623822,0.5878307855185095,1.1765742667803918,-6.41775863300562e-09,21.088822939343356,461.8991514607435,21.09495369444504,-0.02834898918856861,0.12756306620007796,5.399240979343394,0.8372983131696984
sub-020,169,704.0,708.0,3-back,HIGH,53.67338651877907,113.33151327398838,113.70708954248329,0.19120446777454037,0.40372879527649247,0.40506673694896717,0.47359631022502263,0.4720320143162718,1.0033139614714834,-6.2880573146067695e-09,20.86956502951994,449.4262220914019,20.883021493234743,-0.003668926520986243,0.33187821321587757,5.462509358130502,0.8142111109670502
sub-020,170,706.0,710.0,3-back,HIGH,46.59617424944737,110.90608618766689,113.29438510753988,0.172070721761447,0.40955487452439127,0.4183744037141617,0.4201408223043851,0.4112840561799946,1.021534426125467,-3.362588453295769e-10,20.603680726972325,439.33040289300624,20.629235450819944,0.10440382841568498,0.25789734973650175,5.469434563905749,0.7824913516616497
sub-020,171,708.0,712.0,3-back,HIGH,49.779777255953846,161.2629556697541,122.3753291115268,0.1493013814302437,0.4836659258482071,0.36703269272154915,0.30868699540579214,0.40677951689582,0.7588557992334942,5.928701396776989e-10,20.99144092804995,454.2230678387283,20.996309617788114,0.09387097762688179,0.494869960523319,5.346726265060193,0.7609777106257056
sub-020,172,710.0,714.0,3-back,HIGH,41.58405828041246,150.46663115122394,117.03591235937144,0.13453853398838025,0.4868105905572819,0.3786508754543379,0.2763673112254311,0.3553102414643815,0.7778197163313005,-2.507639931960769e-09,21.059021055345827,456.3167358903761,21.079319556998094,0.009442155879504565,0.49728237463980374,5.363542943903617,0.7792126566982581
sub-020,173,712.0,716.0,3-back,HIGH,45.27262187198333,99.99494997289969,147.29459682827238,0.15474530448453505,0.3417904318470241,0.5034642636684409,0.4527490826712046,0.3073610495350737,1.4730203562099053,-3.0328569509597893e-09,20.72626565825077,442.16012614482247,20.737513052616116,-0.020060558628397625,0.21397014750697418,5.4695602262467835,0.8575306708569025
sub-020,174,714.0,718.0,3-back,HIGH,53.62583394151716,130.27375320259668,161.85942413482684,0.15509598359608504,0.3767761618727516,0.46812785453116346,0.4116395868177709,0.3313111623135859,1.2424561368329456,1.0675996209151185e-09,21.22520574038855,462.4105621276617,21.229109433335353,0.0003581642248089317,0.1761272819440815,5.588033202043188,0.8579020540114041
sub-020,175,716.0,720.0,3-back,HIGH,56.28451348633213,180.26681607941256,131.22450945396022,0.1530402694107279,0.49015404753044184,0.3568056830588303,0.3122289210540959,0.4289176901520779,0.7279460097423154,2.109926116863161e-09,23.859515187063604,582.70583526799,23.86911226398977,-0.0032974239739206332,0.03871054282492613,5.366212382049249,0.7725660698497973
sub-020,176,718.0,722.0,3-back,HIGH,53.16003316950644,228.18576566700253,156.59120548288578,0.12138739737721717,0.5210470077120564,0.3575655949107265,0.23296822662936947,0.3394828784003226,0.6862444071616782,2.7014235001001755e-10,26.349307172205048,707.541797263946,26.354136079243666,-0.007617155628064544,0.13467875433830412,5.045137619164644,0.7627500443158395
sub-020,177,720.0,724.0,3-back,HIGH,73.96113007643123,216.4243558362257,146.3772543835399,0.1693393763998125,0.49551927366664666,0.3351413499335408,0.3417412508433185,0.5052774789902614,0.6763437221192777,1.3014595494134785e-09,26.753590772888728,730.9749627804406,26.76268694406949,-0.00427847911368523,0.16779313445218616,5.169282432278986,0.6804314697537404
sub-020,178,722.0,726.0,3-back,HIGH,73.19366991817351,237.23575111701962,127.63948780013497,0.16708254898246458,0.5415489351840705,0.29136851583346485,0.308527148937471,0.5734406427012951,0.5380280467810905,2.9656216137789662e-09,24.43608638572154,613.8358219549604,24.44370916223691,-0.010153756733374802,0.0529472962895612,5.0867784624857615,0.7225182982319037
sub-020,179,724.0,728.0,3-back,HIGH,49.03745561390431,223.85472456374714,115.90545054967592,0.12612591162700626,0.5757615450098809,0.2981125433631128,0.21905928369155284,0.4230815322432774,0.5177708479262831,-9.33600658769544e-10,22.425831901646642,520.3381508855194,22.430508650590948,-0.004909608517426325,0.04161798210574175,5.0386795093277,0.7778657094945842
sub-020,180,726.0,730.0,3-back,HIGH,51.61264467705873,211.46994120335955,115.49898255636076,0.1363316362446677,0.558584883243395,0.30508348051193734,0.24406610406831086,0.4468666609411298,0.5461721032271506,-4.249242681404241e-09,23.14188602806018,550.9912514756511,23.148231392171066,-0.024740668434038667,0.08724775404891497,5.003791494743438,0.7507196971639459
sub-020,181,728.0,732.0,3-back,HIGH,69.17332370559238,169.36103773661716,125.70691733611133,0.18991072054656283,0.4649693694922787,0.3451199099611585,0.4084370563031604,0.5502746004075404,0.7422422477807747,-9.20735184002141e-11,23.42433526892804,569.0101251479779,23.430866158543683,0.0481642276016699,-0.08110034953152472,5.210087732432796,0.7613636909854294
sub-020,182,730.0,734.0,3-back,HIGH,66.30741651971873,152.42456892860295,130.35584879921316,0.18994479330007466,0.4366367257030222,0.37341848099690317,0.4350179041725073,0.5086646831002719,0.855215466348296,-9.277830200011594e-10,22.977005158177825,547.2778450681249,22.99409712121437,0.08942514481375476,-0.023369604292645615,5.379850696838675,0.7500713970443753
sub-020,183,732.0,736.0,3-back,HIGH,51.92039515745088,116.58756400460693,117.29166073297101,0.1816671245977188,0.4079346363281669,0.41039823907411416,0.44533390504152964,0.44266058501511113,1.0060392095364155,2.5764310100578014e-09,21.434690260694605,470.2403829362464,21.441873924978893,0.03543499327498771,0.10961929945812973,5.341075952786613,0.8006418834467832
sub-020,184,734.0,738.0,3-back,HIGH,46.095644437218084,108.35260852706269,139.51610765729478,0.15680691475575725,0.3685909689798979,0.4746021162643448,0.425422563091363,0.330396577221368,1.2876118955866998,3.122822713869392e-09,21.906883945531202,491.87886806403196,21.948011376233566,0.09485002434941378,0.2976997013952872,5.409592920723959,0.8604976005596946
sub-020,185,740.0,744.0,3-back,HIGH,55.94266140825758,177.82836955815208,152.20859734430982,0.1449368238761629,0.46071957304181227,0.3943436030820248,0.314587945372595,0.3675394319659233,0.8559297806221843,5.285012521183992e-09,25.809123059400097,683.6319504693968,25.85115667047827,0.02788178608143877,0.656100464384091,5.405470226855803,0.7891042837632352
sub-020,186,742.0,746.0,3-back,HIGH,77.42494435078636,194.54113005061433,164.49942104398693,0.17739075633408025,0.4457193800671378,0.37688986359878196,0.3979875326654188,0.4706700112341613,0.8455765677992548,3.970159569520679e-09,25.896605055738938,683.0130622890498,25.89991740292415,0.1262862213788577,0.7737312541701156,5.343651524933129,0.7952986613635711
sub-020,187,744.0,748.0,3-back,HIGH,58.13006783712115,127.13400368623255,134.61073214722174,0.1817275608146576,0.39744925898309297,0.42082318020224946,0.4572346197842278,0.4318382859216988,1.0588098246275781,5.620926452357853e-09,23.083542454534467,550.2392073742479,23.138949182374652,0.012530808768480088,0.08082616779776815,5.4497869085132535,0.7979014370906234
sub-020,188,746.0,750.0,3-back,HIGH,52.552446817215454,86.56892966786533,127.51596235095356,0.19709335176620552,0.32466919316615267,0.47823745506764176,0.6070589877781877,0.4121244575842114,1.4729991792689092,-2.029526754257055e-09,20.721917748548446,443.3427139472362,20.729978534206285,0.025046626616481663,0.2278238924448759,5.447749136875162,0.8644075449233931
sub-020,189,748.0,752.0,3-back,HIGH,63.11568056253515,74.40446129935452,131.90703129029717,0.23425877881621113,0.276157970366734,0.48958325081705495,0.8482781739202336,0.4784860969513595,1.7728376630480556,-1.168237412071218e-08,20.752219815473563,441.86557361890624,20.774628280987525,-0.012540232539085743,0.31241786889219453,5.595416742733368,0.8992633704194912
sub-020,190,750.0,754.0,3-back,HIGH,64.6216432824147,96.03481603923309,141.88454995373124,0.213596310256223,0.3174274332899453,0.4689762564538318,0.6728980795466388,0.45545229063691506,1.4774282474365044,-1.005061774157256e-08,21.640502665487485,478.99652097344597,21.655992367664293,0.012454232733838815,0.20983690381803002,5.567374968636942,0.8389606215684908
sub-020,191,752.0,756.0,3-back,HIGH,62.24329717512423,163.55227452494267,146.3525107775923,0.16725411228972495,0.4394817069486339,0.3932641807616411,0.3805712721264036,0.42529709155255685,0.8948362913489943,2.1703149978934353e-09,22.832225679945168,531.7735314248636,22.859452803710642,-0.05029332368505875,0.44740058454235543,5.385963533388683,0.8033130980083365
sub-020,192,754.0,758.0,3-back,HIGH,69.80327229812914,84.39098500366832,121.20818118204534,0.25345916573002436,0.3064278786646232,0.4401129556053526,0.8271413385576069,0.5758957160927117,1.436269302660428,4.777822102864984e-09,24.137692945240673,595.0334709685948,24.15881692838681,-0.03792946065242296,0.5995524017996413,5.387376889558873,0.7634854492212172
sub-020,193,756.0,760.0,3-back,HIGH,67.78686291696215,136.83618280502523,151.05992839373494,0.19058225400158604,0.3847138962589343,0.42470384973947956,0.49538697680240107,0.44874152687453245,1.1039472550105902,-6.875724256032094e-09,23.912417174515582,580.4079407516563,23.92213937019633,0.004832867292056558,0.46296994672721575,5.323966934868439,0.741206502946667
sub-020,194,762.0,766.0,3-back,HIGH,77.23086887718718,103.50839143549497,140.7865503317592,0.24020114815165736,0.3219287161675475,0.43787013568079525,0.7461314759713603,0.548567094620864,1.3601462488139957,6.56553013125984e-09,23.270896202351743,555.0810085132031,23.279615387273637,0.08427940996809778,0.17376965355177662,5.363460399390528,0.8263187556979809
sub-020,195,764.0,768.0,3-back,HIGH,72.0439384708026,148.20559684131536,151.42751210751678,0.19383477933589693,0.3987483162337617,0.40741690443034134,0.4861080823279602,0.4757651860492158,1.0217394979330716,1.9425183800673328e-09,23.880862391770222,585.7212366216858,23.89454780595177,0.024764517471981804,0.20323538818442968,5.436360327162521,0.8327723845627093
sub-020,196,766.0,770.0,3-back,HIGH,86.45851399597164,199.86475335908838,145.60405837676356,0.2001691230104119,0.4627277355523948,0.3371031414371932,0.4325850983871847,0.5937919242075828,0.7285129365214438,5.050267089026929e-09,23.44550454065681,564.3691466837345,23.453597729743837,-0.06470760503052315,0.3502727704436963,5.321619912866336,0.8154793597783214
sub-020,197,768.0,772.0,3-back,HIGH,52.47322530854645,127.28110655247778,124.50852324998478,0.1724601752304001,0.4183261427230078,0.40921368204659214,0.41226248521741,0.4214428373163832,0.9782168510504748,2.356279271113686e-09,21.926231850011092,491.21394432129983,21.942989129868987,0.0369441239312869,0.3856496498900358,5.531960831158067,0.7808440639355958
sub-020,198,770.0,774.0,3-back,HIGH,38.52290459371387,184.29164740376373,149.06737017588694,0.10358907571676795,0.4955649533236798,0.4008459709595522,0.20903228733592147,0.2584261367746683,0.8088666647452335,-7.271908993095921e-09,21.31504874568944,462.8498444989169,21.32756546083693,0.08922613102724944,0.15264887700509436,5.344930495939074,0.8940493939974268
sub-020,199,772.0,776.0,3-back,HIGH,58.7943807537756,109.7171894161223,138.56327062142958,0.19146596511216393,0.35729787934883456,0.4512361555390016,0.535872100503662,0.42431432579567535,1.2629130527205112,-4.3126559041764695e-09,22.55374869828924,519.2220007907351,22.564682930043226,0.01491024427203244,0.15419093010827734,5.378057889893312,0.7809003518455689
sub-020,200,774.0,778.0,3-back,HIGH,65.9758874129593,79.73357063078514,133.64891964304886,0.2361693533563154,0.28541678717858104,0.4784138594651036,0.8274543193163608,0.4936507349941061,1.6761938363694326,-1.4191150944423282e-09,21.836726957607233,488.5176200258583,21.88101278691629,-0.027120353137926174,0.0344208499539855,5.433604453663173,0.8430048251745887
sub-020,201,776.0,780.0,3-back,HIGH,58.795593691035265,57.81386683304259,107.42052624379323,0.26244519557087853,0.2580630730159641,0.4794917314131573,1.0169808198581103,0.5473403989624607,1.85804084950773,-2.256849463524563e-09,20.451608136970336,430.0728751466765,20.461602970184313,0.013766007843754714,-0.0658202609653608,5.410819933750446,0.7995484634436596
sub-020,202,778.0,782.0,3-back,HIGH,52.08395922003067,102.09667896554876,125.51224197607989,0.18621839494064607,0.3650313833750006,0.4487502216843533,0.5101435203157367,0.41497114863071943,1.229346960623787,-1.5128355235205504e-09,22.251596535603646,510.0302757204731,22.280743113875484,0.11992347064303395,0.5650225685608623,5.440128791988783,0.9044694170200878
sub-020,203,780.0,784.0,3-back,HIGH,51.02790856126292,128.83150143416856,139.81037398185174,0.15962693729254415,0.4030143225651998,0.43735874014225606,0.39608254187224234,0.364979415389352,1.0852188511774292,-5.436866161956962e-10,22.627339161805715,524.7824013424721,22.636741360222103,0.1275817457842208,0.4633438294871488,5.370424958350753,0.7959339597658867
sub-020,204,782.0,786.0,3-back,HIGH,64.11677795161143,105.15764130195832,149.51700807861917,0.20112453615259887,0.32986345392651145,0.4690120099208897,0.6097205791018193,0.4288259829135792,1.4218368368427332,6.066669687078199e-09,21.87196955847777,487.21944646856554,21.88873411348794,0.05971974140771147,0.02687911881592195,5.464558434534183,0.8257318674306884
sub-020,205,784.0,788.0,3-back,HIGH,74.58081466109861,165.04610494791703,141.2877434777855,0.1957940239336585,0.4332889251635531,0.37091705090278837,0.451878671627142,0.5278647165373185,0.856050153515414,2.1742216623590446e-09,24.643493515830134,617.0256818982132,24.649333370074043,0.09132140583213282,0.00045296692369753275,5.304915966627805,0.7307275231702942
sub-020,206,786.0,790.0,3-back,HIGH,56.3339110873762,182.62911018542468,140.17252431607957,0.14858514782589777,0.48169872835785343,0.3697161238162488,0.3084607433622163,0.40188982371714327,0.7675256380199267,1.6443899166306227e-09,24.37860104567796,603.6954975697874,24.3942322063322,0.06994829187566967,0.019458951722131242,5.374579989976612,0.743740473182219
sub-020,207,788.0,792.0,3-back,HIGH,63.19715209306124,156.04684590496026,158.60687151998647,0.16725421903534704,0.4129852767151651,0.41976050424948785,0.4049883336414965,0.398451539251864,1.0164054941333796,8.185137117796385e-09,23.689641116833375,572.8990673460813,23.69562097808508,-0.04474643708114116,-0.011458022240762427,5.390705904338757,0.6671093755096533
sub-020,208,790.0,794.0,3-back,HIGH,82.11611745139109,169.34438697180238,146.28685649791305,0.20645295360659574,0.42575866896925046,0.3677883774241538,0.48490604808215043,0.5613362636756267,0.8638423694685041,1.0934706882649363e-09,22.765705322620622,531.0886402430209,22.771990170265983,-0.05742463987958375,0.10251581462460642,5.370435467472941,0.8122344473194394
sub-020,209,792.0,796.0,3-back,HIGH,80.64100067168245,112.51460728689854,126.33614429659872,0.2524040138828813,0.35216748630503786,0.3954284998120809,0.7167158346476535,0.6383050640073515,1.1228421566140026,1.6557640627731064e-09,21.09137659550116,454.06370680911715,21.099375662923773,0.024018913024959516,0.05453078449772342,5.444620271234274,0.816445520451586
sub-020,210,794.0,798.0,3-back,HIGH,66.23414026824732,153.07056435564758,154.9144477561729,0.17699291938157674,0.4090398991663171,0.4139671814521062,0.43270331266537587,0.4275530218620818,1.0120459698328492,3.16511449213595e-09,22.819100380042006,533.0191829758118,22.825326971111572,0.033557716949748094,0.08328699382611547,5.406202837547988,0.7206190441934954
sub-020,211,796.0,800.0,3-back,HIGH,56.62729114964122,155.3862015947382,165.07283072455982,0.15017063103405193,0.41207063720924747,0.43775873175670066,0.364429341656285,0.343044284762581,1.06233905604492,-4.706335642838604e-09,24.04943839054296,591.9232332157915,24.057129944522018,0.10574281964462236,0.4563342830410067,5.335512828687061,0.758422550468018
sub-020,212,798.0,802.0,3-back,HIGH,43.026959526673465,121.83008593217214,141.08788726021285,0.1406362875314691,0.39820919682969763,0.46115451563883336,0.35317187209921497,0.30496565199333864,1.1580709820623645,-9.41629875242524e-09,22.856458516801574,531.9743556399754,22.860825480280514,0.06792335339521433,0.5463312943280274,5.367468943961056,0.739023405750032
sub-020,213,800.0,804.0,3-back,HIGH,36.3997089024379,124.33999767801707,169.59193085317636,0.11019141001821589,0.3764095944427935,0.5133989955389906,0.2927433616067475,0.21463113674878095,1.3639370598376623,-7.1198533852249345e-09,21.940791703223706,488.75433632144325,21.955227082423615,0.03796398873106758,0.23926707029045902,5.463118429278087,0.8204996510609771
sub-020,214,802.0,806.0,3-back,HIGH,43.40342218851901,159.60080109477911,159.13059300912866,0.1198543200924111,0.4407220568538215,0.4394236230537674,0.2719499018225093,0.2727534747892829,0.9970538488376933,-6.050067712896827e-09,22.158044599144386,501.39964744693816,22.16338700194414,0.14351486490486262,0.4060467076225724,5.357311571139011,0.8781115925962988
sub-020,215,804.0,808.0,3-back,HIGH,70.643757256974,172.41321249673277,125.20223326247304,0.19183161392403872,0.4681843958945342,0.3399839901814271,0.40973517188140496,0.5642371978211997,0.7261753983317585,-2.0711208303936246e-09,23.262237532572787,553.8519825098687,23.27941950427035,0.08520325509024286,0.4771628653209413,5.231130998117268,0.7593012398910718
sub-020,216,806.0,810.0,3-back,HIGH,75.17394849497052,136.93318467398524,129.53070293138705,0.2200398801053496,0.40081387423893655,0.37914624565571375,0.5489826930845652,0.5803562151190553,0.9459409217698235,2.3793070846878095e-09,22.63358583151695,520.7165763275748,22.6465449590768,-0.021278580530990448,0.5126278121700829,5.441479635436692,0.7665830963731032
sub-020,217,808.0,812.0,3-back,HIGH,50.0682945315251,81.33553783438713,119.81660852994702,0.19930024146514566,0.3237616236335797,0.4769381349012747,0.6155771003011327,0.41787440944809423,1.4731150948299359,6.380878293579952e-09,21.678837208535846,477.29866114361243,21.69246149469752,-0.021814186603252714,0.4855170269072316,5.475535641024095,0.7919189425004436
sub-020,218,824.0,828.0,4-back,HIGH,39.59892635809201,118.67062997716889,106.18199863114015,0.14973981288604302,0.4487424170837119,0.40151777003024514,0.33368767289522666,0.3729344603472059,0.8947622394148288,1.5465689693817734e-09,21.463880207264832,468.45116530189483,21.482655255622245,-0.04768720853422186,0.25842717868765025,5.282593408292842,0.8151949504111767
sub-020,219,826.0,830.0,4-back,HIGH,44.41956449470398,107.09967662080153,93.55565893603887,0.1812489344496789,0.43700793756633677,0.3817431279839843,0.41474975365216504,0.4747929200634701,0.8735382018685567,2.2459898151831673e-09,20.1385967162441,414.68800539866385,20.154727261559398,0.0033244014942554255,-0.03982380747668201,5.362263033407252,0.6634542241518879
sub-020,220,828.0,832.0,4-back,HIGH,55.529682397373634,149.85409476978103,113.96389259942596,0.17388472706865749,0.4692506285682724,0.35686464436307014,0.37055832530090815,0.4872568067901652,0.7604990225626285,-5.161201080551934e-09,22.448160970267736,513.3776646115048,22.458348080416453,0.09362316668034086,0.27365413045660264,5.084999091079962,0.79138532643771
sub-020,221,830.0,834.0,4-back,HIGH,49.58719305783611,136.32754879891564,128.17365093948402,0.15787655384643806,0.4340419828483056,0.4080814633052563,0.363735675545503,0.38687509245756163,0.940188920498683,-4.72388376368976e-09,22.789428180705016,530.395265444438,22.79494644853884,0.08269705492620016,0.20774484543595917,5.196266726411018,0.7526885517695003
sub-020,222,832.0,836.0,4-back,HIGH,39.38366917700381,75.4906599448536,127.28103155631764,0.16263802323725876,0.3117447399613046,0.5256172368014367,0.5217025418213833,0.3094229257529064,1.68605005770644,3.0159166450765815e-09,20.132535334729877,413.99361303103836,20.143419109559332,0.036139881055314,0.4424824659542123,5.496257672065514,0.8072317879723186
sub-020,223,834.0,838.0,4-back,HIGH,44.56513797461132,191.40779146042522,123.45798562281492,0.12398804918446826,0.5325301287164393,0.3434818220990924,0.23282823355613214,0.3609741220852685,0.6449997917056612,5.599150616837123e-09,22.09744860210722,499.3235546102755,22.108677670333527,-0.042173926164348424,0.4058796610157783,5.254263507556881,0.8430720636183114
sub-020,224,836.0,840.0,4-back,HIGH,73.26781197676831,114.29933882833996,134.08403890354163,0.22778654120052827,0.3553518298249472,0.41686162897452456,0.6410169361242353,0.546432018127648,1.1730954901227841,2.567631943319414e-09,23.235026290735384,552.0653318575644,23.247959814313425,-0.06563122973187654,0.5617586170920177,5.384038761300268,0.7366510246950888
sub-020,225,838.0,842.0,4-back,HIGH,95.97858934352546,97.27532443568636,136.2053154486479,0.29132159863442464,0.29525754875244076,0.4134208526131345,0.9866694344153204,0.7046611141964668,1.400204175507018,2.64166705469424e-09,23.50831387374701,566.8417537281134,23.527727445206597,0.05098977648876522,0.6210224827463682,5.144799176338657,0.7168879174461016
sub-020,226,840.0,844.0,4-back,HIGH,54.35991343254318,96.78779767689463,137.83389973082313,0.18810855567758414,0.33492718583534914,0.4769642584870667,0.5616401523466019,0.39438711041843166,1.4240834386060952,4.178952213513598e-09,22.63357465714111,521.0956491531855,22.64106663625109,0.11082807106484167,0.3593923677504444,5.38834719799829,0.7655595382694532
sub-020,227,842.0,846.0,4-back,HIGH,55.87478465407853,194.70296177961544,134.8162079481676,0.14498095784532175,0.505205023498363,0.3498140186563152,0.2869744976829026,0.4144515374261272,0.6924199134719187,-1.8316272197779614e-09,22.187341153780114,511.2681070413543,22.193772641898768,0.12194305221714075,0.17113382371548794,5.391270754524278,0.7485947209176967
sub-020,228,844.0,848.0,4-back,HIGH,65.68925945148496,170.23135338449865,109.21468012098555,0.19032901239594463,0.4932307905286371,0.3164401970754183,0.38588226049706453,0.6014691374704928,0.6415661859557928,6.84424108031653e-10,22.323744083889668,521.8885683912094,22.34015785179106,0.03046503602846813,0.26266856167993435,5.370285103831943,0.6558399354691258
sub-020,229,846.0,850.0,4-back,HIGH,69.43035840462117,108.15187836392316,101.42602818166613,0.24884695948706448,0.3876296581508905,0.36352338236204507,0.641970897361515,0.6845418247105478,0.937811064551047,1.3290145475358965e-09,21.011339129533603,455.258488614775,21.040659111501203,0.019708690485515518,0.2438272441625038,5.478014400135947,0.7244445239000444
sub-020,230,848.0,852.0,4-back,HIGH,60.88211615092249,106.4671771882302,111.2708140812445,0.2185130022186814,0.38212309288786084,0.3993639048934578,0.5718393007009576,0.5471526082883635,1.045118477073189,-2.109967633361003e-09,19.941982487084367,405.8995666379381,19.948624787706446,0.04331615594862836,0.1266459680044043,5.503692398511031,0.8043562385264227
sub-020,231,850.0,854.0,4-back,HIGH,46.14291467915167,120.51594047885062,117.30971430216148,0.1624930349399981,0.4243988717059656,0.4131080933540363,0.3828781030609748,0.39334265668995383,0.9733958332486995,-2.774556783155378e-10,20.30824186628412,419.45590968896227,20.343007298998277,0.08481039098940447,0.10672687688216029,5.52726179958369,0.8014742470362274
sub-020,232,852.0,856.0,4-back,HIGH,60.00307248218453,145.7068948724453,116.66259758037698,0.1861295873433947,0.45198292510350907,0.3618874875530962,0.4118066789818862,0.5143299885881955,0.8006662806348713,3.911069713705286e-11,21.73682153905496,481.6130650111091,21.744803884730263,0.07913150915654904,0.46163017383268395,5.437767564534271,0.8330323598725563
sub-020,233,854.0,858.0,4-back,HIGH,45.86577823587591,96.87844524801694,122.97913454855859,0.172607250546166,0.36458385128561294,0.4628088981682212,0.47343635747307533,0.3729557733858153,1.2694168886971884,8.333229340491761e-10,20.996117130207395,451.09428437686057,21.023233192704723,0.04244776734041403,0.5454353316637772,5.572906931638707,0.7403368755104686
sub-020,234,856.0,860.0,4-back,HIGH,36.120973989923826,95.30112732382207,137.21065142107656,0.13446228586124864,0.35476361818730795,0.5107740959514433,0.37901937788405154,0.26325196780149807,1.4397589543180411,-3.131204418556428e-10,19.504239341767143,390.3967470570246,19.50725077217812,0.018402633460859824,0.08119660291216026,5.598368354191743,0.7986750285930716
sub-020,235,858.0,862.0,4-back,HIGH,45.30066090259517,98.32335530045417,125.18986961025169,0.16852053890570887,0.36576739703373273,0.4657120640605585,0.46073143826475904,0.36185564409986043,1.273246516330728,7.726252678577189e-10,21.483636953842602,470.5321299698122,21.49957721509384,0.07410669228926114,0.36792107190929696,5.49775097881931,0.8471988887450829
sub-020,236,860.0,864.0,4-back,HIGH,78.6866907569212,154.10129304430578,137.11772483729592,0.2127209419031025,0.41659614719516463,0.3706829109017328,0.5106166807717696,0.573862284035787,0.8897895801424139,5.0790608444186235e-09,24.4068761222478,610.2566457220584,24.411735438509577,0.13033264108552772,0.12021681698399006,5.068064663807392,0.8334732711467652
sub-020,237,862.0,866.0,4-back,HIGH,88.44873521537848,144.11717172744812,112.20744309154308,0.2565416822575214,0.4180055439699194,0.3254527737725592,0.6137279420293591,0.7882608566636586,0.7785848261284771,3.5765875290656212e-09,23.33624334173743,560.0290069592168,23.348495726151004,0.17943895740206894,0.38251007196261194,5.24545604694212,0.719697542842655
sub-020,238,864.0,868.0,4-back,HIGH,71.32088371764033,113.16459426423917,109.81822360024668,0.24233770535073634,0.38451638105768204,0.37314591359158167,0.6302402635855007,0.6494448860988508,0.9704291727836826,1.1200429019925533e-09,20.89402703982958,447.8112930130944,20.89912505876637,0.15087090838593856,0.3268006067637345,5.417202253890983,0.769508009927633
sub-020,239,866.0,870.0,4-back,HIGH,46.81690576360224,88.78312681212522,111.8223510380555,0.18921855444041666,0.35883223464014613,0.45194921091943724,0.5273176046465667,0.41867216463432666,1.2595000317423355,1.7443947587572762e-09,20.796405338611713,442.09755972854947,20.807292374448235,0.03074835353036301,-0.0054383233858278195,5.420956694201136,0.7903572380875034
sub-020,240,868.0,872.0,4-back,HIGH,54.5771435710678,145.75954170860058,145.95460889392209,0.15760472321810412,0.42091598651490664,0.4214792902669892,0.3744327330568676,0.37393230665798133,1.0013382807261528,1.5679827348794174e-09,21.60906622182268,476.8582790653777,21.616620673279716,0.06068448243199678,-0.039109804178140035,5.438565581447158,0.8412741703547788
sub-020,241,870.0,874.0,4-back,HIGH,60.29369177345419,131.40875542651247,150.92361572384152,0.17597520532716177,0.38353403213150955,0.44049076254132863,0.4588255293778514,0.39949806055388287,1.1485050233828773,2.8604347720860202e-09,23.54133000038598,564.4511264278708,23.551473697546747,0.13749948600081133,0.08139584054206359,5.411823306878157,0.7833133492605585
sub-020,242,872.0,876.0,4-back,HIGH,89.32731600065993,293.16656353227404,168.00852164112405,0.16226507969838336,0.5325436599495967,0.3051912603520199,0.3046981720029136,0.5316832451598393,0.5730821401214411,-9.765175101288031e-10,27.171202286899426,753.3999735647362,27.202193276576747,0.11874552910122793,0.03627340519029834,5.203078129015597,0.7867053185159605
sub-020,243,874.0,878.0,4-back,HIGH,96.35966575219017,320.3420869903518,154.95309307105518,0.1685626675919244,0.5603767541486172,0.2710605782594584,0.3008023911484736,0.6218634545617205,0.48371131788163113,-3.0063889272805742e-09,28.170552336494236,812.0039935330382,28.198214320093037,0.0498062401605655,0.1343525051775982,5.007590089725884,0.725828385864624
sub-020,244,876.0,880.0,4-back,HIGH,77.17306131800446,206.04190073405414,140.7277322986177,0.18203654018901091,0.48601356617227304,0.331949893638716,0.37455032710853586,0.5483855957704684,0.6830054071392991,-2.6060172265754556e-09,26.49669403515292,722.4008387168277,26.516864823076304,0.021845522568274718,0.2978699427603021,5.0216975089725056,0.6871887725555194
sub-020,245,878.0,882.0,4-back,HIGH,68.95822121684344,231.58026756736328,147.0778857113545,0.15405652059658345,0.5173632618519405,0.3285802175514761,0.2977724395140208,0.4688551299423515,0.6351054312888369,-3.1341945062660227e-09,25.931036101303675,692.5525948965485,25.962810663296374,-0.007662333936286704,0.5258372372870838,5.240049304784096,0.7473759429666054
sub-020,246,880.0,884.0,4-back,HIGH,64.17011116090123,148.4146107279887,150.92669824780984,0.17652845992230404,0.4082804624739901,0.4151910776037059,0.43237057892171354,0.42517402093789214,1.0169261470113966,2.0658989723599283e-09,24.593180029661447,620.326171814535,24.61176807640299,-0.007926506121239374,0.8142580701922048,5.466863612366496,0.7005126632098915
sub-020,247,882.0,886.0,4-back,HIGH,42.97019248957795,141.99276899076636,130.22545947966245,0.13633176104216815,0.45050122259657305,0.41316701636125885,0.30262239968270677,0.32996767806596744,0.9171274030731161,3.843460498695182e-09,21.51085655664486,479.18462782321257,21.518435600882693,0.04338047854276084,0.34047708309561847,5.400570187235358,0.6909383398530207
sub-020,248,884.0,888.0,4-back,HIGH,60.600519075920516,166.85039117498025,115.19801533345942,0.1768589204608513,0.48694269474340335,0.33619838479574526,0.3632027389876911,0.5260552354179231,0.6904270018321284,1.8616644483303522e-10,23.26592653613245,566.1220987466257,23.279952919718024,-0.013338843951942203,0.6280242084220511,4.976927456211126,0.8391332398782883
sub-020,249,886.0,890.0,4-back,HIGH,77.69482994117338,125.53876071578092,101.53277788434883,0.25493242680628614,0.4119180253275467,0.33314954786616724,0.6188911655506466,0.7652191889172172,0.8087763277687477,-1.3278405100604717e-09,23.297473612220223,564.152682926828,23.312142713631182,-0.05157173783414489,0.7909697128452085,4.969590409608153,0.6861978087451751
sub-020,250,888.0,892.0,4-back,HIGH,86.1944776035562,189.56271043014118,144.50400513471027,0.20509739896211693,0.45105927816223407,0.34384332287564895,0.4547016520705485,0.5964850422187505,0.7623018514918511,-7.609697205701593e-09,23.386632510154097,562.8263864760078,23.395721118504582,0.024331099951695082,0.6425994448012116,5.3340693438223985,0.35756161178775253
sub-020,251,890.0,894.0,4-back,HIGH,97.32790396579992,166.43332572455216,138.09656732252594,0.2421948875678551,0.41415975243406467,0.3436453599980803,0.5847861511034034,0.7047814862659809,0.8297410793261221,-7.264215661743827e-09,25.10406782916407,645.9582010677523,25.143230484144606,0.05142051933252771,0.41950966400040934,5.31582987862556,0.6896049787900397
sub-020,252,892.0,896.0,4-back,HIGH,68.68788598882631,152.6343191090754,137.16576193719897,0.19160443949322534,0.42577250324870874,0.3826230572580659,0.4500160015765566,0.5007655337508707,0.8986561000031565,2.9432637325162233e-09,23.088832423340296,546.5441054563425,23.096989223016777,0.03671584045874964,0.36004233989418144,5.389525731274944,0.7689587784930658
sub-020,253,894.0,898.0,4-back,HIGH,57.35794363709861,272.45407253968153,136.43108382364312,0.12302153884324837,0.5843605461173241,0.2926179150394274,0.21052334840304035,0.42041697558631164,0.5007489245871802,5.258139561186382e-09,25.176969793802044,651.8795060892418,25.24184876785567,0.017374903120460077,0.2539670942684607,5.171375438678576,0.7367179677633082
sub-020,254,900.0,904.0,4-back,HIGH,64.98148068322698,119.43699369408384,126.74914192373676,0.20883111634714221,0.3838349090238596,0.4073339746289982,0.5440649389557245,0.512677874555754,1.0612218040951504,-2.878178572666905e-10,22.481041809789122,517.1831800442982,22.488829964145953,0.02045308888935335,-0.1403272241190048,5.2642228949190475,0.7535620075602982
sub-020,255,902.0,906.0,4-back,HIGH,57.225814989678135,154.4301732584337,131.24195492890604,0.1668887671342369,0.4503677444886584,0.38274348837710465,0.3705611007371769,0.4360329364240074,0.8498465821784519,7.289280512523533e-09,22.63547384081392,523.834088730754,22.643234539301705,0.015219403787781586,0.1049989023849534,5.325369382167924,0.659617235206965
sub-020,256,904.0,908.0,4-back,HIGH,54.05007639208392,202.30842035715452,148.34374573916594,0.13355516900461104,0.4998944881382788,0.3665503428571101,0.2671667165245229,0.36435696107553217,0.7332554200031836,5.112272979215355e-09,23.425765152722754,558.3911287204767,23.437199562677154,0.039628079861952346,0.4373884965065365,5.258388669333374,0.820926039638145
sub-020,257,906.0,910.0,4-back,HIGH,60.36637886053094,138.83261663485476,139.84076865620716,0.1780510289452056,0.4094877100397561,0.41246126101503827,0.43481409717502656,0.43167939822284035,1.007261636680118,-3.3070057920151673e-09,24.41552987862947,609.4742019529057,24.442588450096377,0.06782816514543566,0.27025395460015256,5.372695028354585,0.7389352803191956
sub-020,258,908.0,912.0,4-back,HIGH,55.89277755234112,188.6843924099975,126.61681105848815,0.15057565696143416,0.5083174891227853,0.34110685391578044,0.2962236401137523,0.441432516623109,0.6710507924967053,-6.533909226534793e-09,24.18448690264345,604.2373603523324,24.19381055047926,0.0154531873387409,-0.07517780830173916,5.303361385324901,0.7241127321326293
sub-020,259,910.0,914.0,4-back,HIGH,61.01442346481606,158.6598407655895,126.35204861368703,0.1763288547721139,0.4585195832695998,0.36515156195828624,0.38456122967475587,0.4828922374766047,0.7963707010166781,-5.980015576290717e-10,23.66288409697497,571.1571766442082,23.677743090808576,0.044761501232277984,0.12480847771752422,5.341914674303335,0.7581087083313847
sub-020,260,912.0,916.0,4-back,HIGH,70.5841690861485,147.76212406180932,123.71128554188775,0.20635171820048873,0.43198026667840594,0.36166801512110536,0.4776878346484986,0.5705556188909638,0.8372327233881598,4.4555925031368975e-09,24.386618441338204,609.1029860399196,24.399106699245724,0.15288090501597554,0.21942837959030448,5.31896085911199,0.6613803469980676
sub-020,261,914.0,918.0,4-back,HIGH,58.29905922520827,246.86452582184162,137.89228917757202,0.13158398887552414,0.5571859898119429,0.311230021312533,0.2361581074928595,0.42278694169862635,0.5585747434489101,8.080417072295782e-09,25.237351347844093,660.1265499292467,25.260139906993643,0.09399673083260217,0.08526990555495258,5.204165294491562,0.6147439657930357
sub-020,262,916.0,920.0,4-back,HIGH,79.71611700914289,171.4428863899957,136.84405088024621,0.20545229252691047,0.44185963099802517,0.35268807647506434,0.464971855570641,0.5825325726355717,0.7981903114309183,5.714186118429379e-09,23.384203778887514,559.4402729049476,23.390900077949073,0.05985112793939221,0.2733331079053108,5.300232033099261,0.7815485227044137
sub-020,263,918.0,922.0,4-back,HIGH,63.167626985676776,162.0162638697749,117.94701899041603,0.184091917029717,0.4721704143254002,0.3437376686448828,0.38988448120522967,0.5355593344059807,0.7279949319484323,-4.0015280109907464e-09,23.22402141492743,552.5847334383185,23.229152119909923,-0.012689010442409387,0.42255752797266316,5.227900902144616,0.7636199589650889
sub-020,264,920.0,924.0,4-back,HIGH,54.89703369463156,179.96718665569574,127.63734953287688,0.15143943711007665,0.49645905454610884,0.35210150834381454,0.3050391280475914,0.43010164262687983,0.7092256755508787,-3.760680597340495e-09,22.72619437269424,531.4842828984476,22.74908875563056,-0.0058121749374815635,0.5847037105429782,5.208787807415426,0.7168307508718648
sub-020,265,922.0,926.0,4-back,HIGH,57.6113202274614,81.97466339894079,111.13636788553826,0.22978134928954552,0.3269539508727718,0.44326469983768274,0.7027942273710611,0.5183840476665257,1.355740460252677,-3.5011260498949893e-09,21.30319894722823,467.3541669277609,21.329209042091986,0.0631272486574288,0.15587485087037212,5.386666041431592,0.7839218956219902
sub-020,266,924.0,928.0,4-back,HIGH,88.60401304115616,162.8129158803146,115.12027597103837,0.24173265867278118,0.44419205937924144,0.3140752819479774,0.5442075191767333,0.7696647032313135,0.7070709061906639,3.1492894257324546e-09,24.32466026739977,607.5313016961242,24.356808326495763,0.15924954919749404,0.25589911653867675,5.222534044947469,0.7642125550972902
sub-020,267,926.0,930.0,4-back,HIGH,89.43078596975974,218.94275077102583,112.3619095188014,0.21255824001713036,0.5203810439968057,0.26706071598606385,0.40846653134128214,0.7959172850724416,0.513202237220046,8.540451255557638e-09,23.61391759348109,576.3699336645793,23.626691668188048,0.15609220211886285,0.4553270101423678,5.256191425837902,0.7513189478679291
sub-020,268,928.0,932.0,4-back,HIGH,44.1962027026249,157.10167812799193,109.69946426489616,0.14211118969215458,0.5051544027803296,0.3527344075275159,0.281322282672359,0.40288439874147763,0.6982704804433927,7.028642638666993e-10,21.16812691503125,463.84898796359437,21.179132977130564,0.05626905134144059,0.23047923869477635,5.202232848648419,0.7249911531134388
sub-020,269,930.0,934.0,4-back,HIGH,77.23573763809361,164.0853743187578,125.91634292988084,0.21031552367640596,0.44681001933576453,0.3428744569878294,0.4707045826525212,0.6133893015071439,0.7673830982965703,-3.747323533347624e-09,22.571406562871914,522.12559357046,22.581128125692135,0.03376716288388884,0.24470548649429974,5.276310370473479,0.789487994734802
sub-020,270,932.0,936.0,4-back,HIGH,80.27980109974993,167.3893590128105,147.93188104417268,0.20293121793869062,0.4231266897664522,0.37394209229485714,0.47959919061286344,0.5426808645512881,0.8837591703356202,-3.2239692260878436e-09,24.111545682188265,593.0472990345247,24.119040547660493,0.07603429823980667,0.2847041261477123,5.322722598928272,0.7722397662679013
sub-020,271,934.0,938.0,4-back,HIGH,63.475836832482784,180.01804773307362,129.3413673724711,0.1702517036748277,0.4828353724529142,0.3469129238722581,0.3526081836339166,0.4907620672486637,0.7184911124258793,1.6502547574073913e-10,25.546654737741136,672.0696906978425,25.55701415804642,0.15430700753763923,0.08936622753122343,5.13813892307891,0.7713961029849832
sub-020,272,936.0,940.0,4-back,HIGH,50.1601243582374,240.9134206525269,134.37596129689004,0.1178991246071989,0.5662561998093275,0.31584467558347346,0.20820809493458695,0.3732819759883518,0.5577769844989355,5.275942139311502e-10,23.199870759376367,554.8323826005163,23.209890468416273,0.13948382376843632,0.31768864581455847,5.088296329374372,0.7698316754074549
sub-020,273,938.0,942.0,4-back,HIGH,37.738513040642395,79.41362776861467,117.35778764422469,0.16092501195798345,0.33863652721367593,0.5004384608283405,0.47521457086181823,0.32156803394290595,1.4778041369192563,4.388112689002772e-09,20.214105006426536,416.0041270461843,20.22504295951831,0.01321289273347725,0.28528507603373127,5.440439490077708,0.800577107817847
sub-020,274,940.0,944.0,4-back,HIGH,57.94389559454337,234.40960008184175,147.81343352635682,0.13164072934669355,0.5325470509709105,0.335812219682396,0.24719079583051567,0.3920069658906294,0.6305775594290901,6.5547904297340824e-09,26.03293046553621,697.3741215878532,26.04440789125639,0.11693319946805837,0.3318622013723828,5.159039301737609,0.8147002804701913
sub-020,275,942.0,946.0,4-back,HIGH,134.53915520415217,434.4575435279516,137.06299073110682,0.19054926546852857,0.6153269334186924,0.19412380111277905,0.30967158289310803,0.9815863092327675,0.31548074782660235,3.0788189439432868e-09,29.57046447507663,904.1934103946475,29.593252614443898,0.10305025707360575,0.3423943816230336,5.0193431950056295,0.7025488028278726
sub-020,276,944.0,948.0,4-back,HIGH,77.56742907606926,337.5580267298027,127.00470873064799,0.14307897650812976,0.6226512539076093,0.23426976958426093,0.22978991146360112,0.6107445137374751,0.37624555979617846,-4.193124222109496e-09,27.849774830524115,810.0568128867395,27.868333507526767,-0.0006514217445047634,0.11701127331770174,5.007005866450321,0.6599656270155162
sub-020,277,946.0,950.0,4-back,HIGH,65.7895734233552,275.9760841894783,138.68348892705632,0.13693347963496266,0.5744126848325353,0.288653835532502,0.238388676383225,0.4743864892089547,0.5025199532573978,-6.506680331226717e-09,27.352912268969195,771.380548179561,27.361218718947498,0.10494104657272893,0.2711331974774454,5.00805298409758,0.7075792851000533
sub-020,278,948.0,952.0,4-back,HIGH,55.496468964554616,199.55156459367157,139.98717289334817,0.1404848683312425,0.5051488103709909,0.35436632129776663,0.27810590750093567,0.39643967241795525,0.701508771321293,1.6428530290543552e-09,26.116664259916057,699.113390066965,26.127781772493083,0.14180338921313754,0.42067531764321026,5.247798082078467,0.7176869131897072
sub-020,279,950.0,954.0,4-back,HIGH,59.67629217188292,183.61140559109035,155.69627938180602,0.14957064842287687,0.4601974417746187,0.3902319098025045,0.3250140805783292,0.38328656541330575,0.8479662735579053,1.5386331068883108e-09,26.423109269431894,716.1599946074334,26.429614210127898,0.07776991079134465,0.3028820881066394,5.300831074502446,0.723600567047386
sub-020,280,952.0,956.0,4-back,HIGH,73.38021369049144,227.2275107134128,146.51765712246674,0.16411551820205392,0.5081964032945671,0.327688078503379,0.3229371895159346,0.5008284675829658,0.6448059773328234,-4.842071153389252e-09,26.256912669782988,707.2105523262641,26.276666648200692,0.10841772596978375,0.2857580195514566,5.195965679271927,0.6901515128118907
sub-020,281,960.0,964.0,4-back,HIGH,43.20927008467884,100.83050711142585,117.66966052453955,0.1651039811976578,0.38527654176176507,0.4496194770405771,0.42853369800995955,0.36720824970568955,1.1670045494713726,-3.3140256854536396e-09,20.605814063374392,434.70397919149235,20.669335136733068,-0.011668642961316849,0.6666510273023847,5.310970916850955,0.8379932762670531
sub-020,282,962.0,966.0,4-back,HIGH,59.57754670896704,187.6444445195486,120.54043980772792,0.16200008940852248,0.5102327717130409,0.3277671388784366,0.3175023212731476,0.494253603222273,0.6423874691114031,-2.023692894545953e-09,24.382609414255494,611.76550819684,24.395242562617582,0.2077807385603519,0.5894780957983764,5.0380426095868005,0.798178757621176
sub-020,283,964.0,968.0,4-back,HIGH,68.1849672704596,118.16860072950497,122.90709524136068,0.2204773363538086,0.3821003275715493,0.3974223360746421,0.5770142563212632,0.5547683568353831,1.0400994382822761,4.7353440233316155e-09,24.523007082693805,615.4428236670059,24.56602164795229,0.11191263396856833,0.5675644400095932,5.369213282555786,0.7272255734839667
sub-020,284,966.0,970.0,4-back,HIGH,57.33850946796093,102.38770753102345,141.9447791479005,0.19006967922114254,0.3394018942449822,0.47052842653387533,0.5600136075962769,0.40394940773564214,1.3863459058783132,1.2738625435195305e-08,21.491818932355212,472.8289696881384,21.499997353544238,0.023483028696412323,0.22002556091053124,5.535033078053986,0.7807983053424279
sub-020,285,968.0,972.0,4-back,HIGH,44.13822989785442,238.21613446930309,158.7072436523808,0.10007270888084,0.5400971885513792,0.3598301025677808,0.1852864836220493,0.2781109978479063,0.6662321341329299,3.603860639736062e-09,25.204513821032787,653.3860208219255,25.208777653281075,0.1162033778029318,0.6718071472458602,5.149531190880417,0.7921635265806081
sub-020,286,970.0,974.0,4-back,HIGH,60.56745800956112,200.05390178760965,146.56270428581172,0.1487471228668166,0.49131073495754357,0.3599421421756398,0.3027556946820438,0.41325286882977136,0.732616074848729,-4.840514644081844e-09,25.62847841532407,676.768948333771,25.662823575385204,0.12591292007155708,0.5228793044863158,5.231773796825341,0.7349058492689269
sub-020,287,972.0,976.0,4-back,HIGH,62.753787247576454,189.43362014622767,138.65795053845363,0.16055912133528036,0.4846766535706451,0.35476422509407457,0.3312705907174003,0.4525797980129031,0.731960622572808,-1.137233108852866e-09,24.192363590180964,601.0439925012496,24.19832575163875,0.14343321786340538,0.24904130705617275,5.318473839030592,0.7957162012812078
sub-020,288,974.0,978.0,4-back,HIGH,101.1293011389284,216.21596141899232,144.8497768726027,0.2188022209488253,0.46780242748904194,0.3133953515621327,0.4677235689503783,0.6981667719645365,0.6699310075073817,-2.9464890352165776e-09,25.11790582998079,648.5101579377389,25.141528835574903,0.1362065037875164,0.23455540442151973,5.353643237979395,0.7291499584848674
sub-020,289,982.0,986.0,4-back,HIGH,58.61584815649107,160.09190275139704,127.06432755383453,0.1695216352264832,0.4629983527403859,0.36748001203313096,0.36613874374092636,0.4613084512776156,0.7936961543342372,1.2028178453249438e-09,23.086133770115847,546.1231060117125,23.102530557255125,0.1114717859073988,0.11206745468004149,5.390798756527115,0.6700247925379268
sub-020,290,984.0,988.0,4-back,HIGH,66.09470623291813,175.83001362773493,141.47685909773162,0.17239028178361313,0.4586053456154909,0.36900437260089597,0.3759011608385187,0.46717679947404106,0.804622920619597,2.701923613208996e-09,23.01369727903493,540.313287583422,23.02404568600218,0.07358841835309199,-0.0033694025328394254,5.393489558075262,0.8648245883621524
sub-020,291,986.0,990.0,4-back,HIGH,60.458204250816166,129.10043187944024,141.75336275798827,0.18248117923193422,0.38966422077272034,0.4278545999953455,0.46830365608129604,0.4265027867736361,1.0980084318413736,-2.464759942927567e-09,22.295083836167166,506.62806597891426,22.30112730343552,0.042982784598329035,0.1928980863392177,5.392946513325012,0.7531921123628507
sub-020,292,988.0,992.0,4-back,HIGH,56.425604086477506,192.44710990629335,148.64199184079044,0.14194595384378764,0.48412576209663705,0.37392828405957534,0.2932005791822613,0.3796074271321299,0.7723784052312733,-3.4414771558837443e-09,22.291992983863924,504.57214932657706,22.300718404546885,-0.002956882184851152,0.06898624528889447,5.331470559102108,0.8048957613158441
sub-020,293,990.0,994.0,4-back,HIGH,77.9511313768755,207.94092713943937,120.27137464930894,0.1919206039040173,0.5119636829902557,0.2961157131057269,0.37487151975908833,0.6481270510474155,0.5783920284661341,-1.342766190634997e-09,23.115472081006118,547.0242448696747,23.127713476932332,0.01348126160374472,0.18731081460434038,5.278902100699592,0.7566109933827084
sub-020,294,992.0,996.0,4-back,HIGH,64.17747073983263,143.9195695276133,125.09462074174853,0.19261427655616398,0.4319422913877842,0.37544343205605174,0.44592594982379474,0.5130314186117063,0.8691981302636338,1.4705196125114048e-13,23.02109478499969,555.6359066197283,23.049512635292036,-0.019995950993817884,0.41505360164571065,5.309231513622916,0.7632494016953667
